Num_Acc;jour;mois;an;hrmn;lum;dep;com;agg;int;atm;col;adr;lat;long
202200002159;23;3;2022;13:05;1;35;35250;1;3;1;3;La Chesnais;48,0185395703; -1,5769886971
202200002179;4;6;2022;13:30;1;27;27284;2;6;1;5;Avenue Victor Hugo;49,2839210000;1,7687830000
202200002201;23;8;2022;16:45;1;89;89451;2;1;1;7;rue des Etangs;48,0937220000;3,5154380000
202200002217;4;6;2022;13:15;1;52;52242;1;1;1;7;26;47,8470671304;5,5845186106
202200002227;24;9;2022;15:35;1;73;73008;2;2;1;3;GRAND PORT  AVENUE DU;45,7045600000;5,8909500000
202200002238;25;9;2022;15:10;1;36;36063;2;1;1;3;Chemin de Beaumont;46,8268255195;1,7547333241
202200002241;24;11;2022;08:00;2;35;35281;2;3;1;1;Léo (André);48,0698809471; -1,7103736103
202200002254;24;11;2022;04:15;5;33;33063;2;1;8;1;Boulevard Alfred Daney;44,8702200000; -0,5654600000
202200002279;4;6;2022;11:25;1;60;60432;2;1;1;2;Rue des Vignes;49,1146480000;2,5979290000
202200002293;3;6;2022;14:05;1;973;97306;1;9;1;6;CD8 Pk24;5,5984500000; -53,7063870000
202200002297;31;5;2022;17:35;1;971;97102;1;1;1;2;pont bory;16,4672420000; -61,4950700000
202200002300;19;10;2022;16:10;1;50;50288;2;6;1;3;D911/D973;48,6938000000; -1,3738860000
202200002311;20;10;2022;09:20;1;76;76647;1;1;1;2;D81;49,5248460000;0,3728490000
202200002314;20;10;2022;08:15;1;60;60338;2;2;2;3;Rue Jules Ferry;49,3568870000;2,7828830000
202200002319;4;6;2022;10:00;1;77;77095;2;2;1;3;D54 / D139;48,9688680000;2,7577130000
202200002322;14;12;2022;07:35;5;40;40192;2;1;1;3;CLEMENCEAU (AV GEORGES);43,8856500000; -0,4947900000
202200002326;24;11;2022;19:40;2;40;40281;2;3;1;5;KENNEDY (AV DU PDT. JOHN FIDGERALD);43,8805300000; -0,4960000000
202200002333;28;8;2022;09:00;1;35;35238;2;1;1;3;CHATILLON (DE);48,0933561213; -1,6710222512
202200002344;5;6;2022;10:40;1;2A;2A247;2;1;1;3;Avenue de Bastia;41,6107380503;9,2788418390
202200002359;24;11;2022;11:35;1;75;75106;2;2;1;3;RUE NOTRE DAME DES CHAMPS;48,8451150000;2,3286920000
202200002362;18;10;2022;01:47;5;69;69386;2;1;1;3;Avenue de Grande-Bretagne;45,7733200000;4,8413100000
202200002408;25;11;2022;12:15;1;94;94041;2;9;2;3;Rue Henri Martin;48,8057600000;2,3724700000
202200002439;28;10;2022;21:00;5;92;92044;2;9;1;3;PABLO NERUDA (RUE);48,8939491801;2,3004314303
202200002443;25;11;2022;10:23;1;92;92040;2;1;1;3;RODIN (BOULEVARD);48,8185150000;2,2575610000
202200002448;2;6;2022;16:48;1;67;67298;2;3;1;3;Rue de Mittelhausen;48,7007440000;7,6489630000
202200002458;4;6;2022;11:40;1;38;38529;1;1;1;3;D111;45,1142950000;5,8305700000
202200002459;15;10;2022;19:15;1;67;67267;2;1;1;3;LINGOLSHEIM;48,5558200000;7,6931000000
202200002466;17;10;2022;17:10;1;64;64445;2;1;1;2;RECTEUR JEAN SARRAILH;43,3099900000; -0,3696100000
202200002469;18;10;2022;18:30;1;64;64102;2;1;1;3;Boulevard Alsace-Lorraine;43,4952900000; -1,4697200000
202200002481;18;10;2022;19:45;5;54;54395;2;2;1;3;RHIN (AV. DU);48,6951300000;6,1381800000
202200002486;1;6;2022;23:59;3;49;49278;1;1;1;2;Route de l Hermitage;47,4399570000; -0,5808810000
202200002492;30;5;2022;15:45;1;29;29226;1;1;1;1;Lerlan;48,0712420000; -4,4041220000
202200002494;3;6;2022;11:45;1;22;22155;2;3;1;3;La Pie;48,2270380000; -2,7334660000
202200002501;17;10;2022;16:35;1;49;49099;2;3;1;3;EUROPE (AVENUE DE L');47,0502370073; -0,8847749233
202200002506;18;10;2022;07:15;5;44;44109;2;1;1;3;Pont de la rotonde;47,2149040000; -1,5460430000
202200002519;18;10;2022;20:00;4;22;22113;2;6;1;6;2 Rue Saint-marc;48,7340750000; -3,4438550000
202200002522;18;10;2022;07:15;3;13;13071;1;4;1;3;ROUTE NATIONALE 113 - AGAVON;43,4162700000;5,2782600000
202200002536;17;9;2022;18:26;1;92;92049;2;1;1;7;GINOUX AV. HENRI N°1 A 95 ET 2 A 104;48,8139775393;2,3201639056
202200002537;17;9;2022;11:20;1;92;92048;2;1;1;7;VAUGIRARD (ROUTE DE);48,8210172309;2,2353591621
202200002538;17;9;2022;10:00;1;974;97411;1;9;1;3;33 Route de Cambaie; -20,9660540000;55,2938390000
202200002553;17;9;2022;18:40;1;2B;2B286;2;1;1;1;Route de Pinarello;42,4835590000;9,5025520000
202200002562;16;9;2022;12:15;1;29;29160;2;2;1;3;Allée des Primevères;48,5074110000; -4,4251780000
202200002609;2;5;2022;11:00;1;29;29232;2;9;2;6;Avenue de la Liberation;47,9916512500; -4,0763923227
202200002610;17;9;2022;07:30;1;988;98818;2;1;1;1;RUE JULES GARNIER - SUR PISTE CYCLABE; -22,2899000000;166,4423700000
202200002628;16;9;2022;19:35;1;69;69266;2;1;1;1;Avenue Jean Capelle Ouest;45,7812000000;4,8719000000
202200002636;15;9;2022;10:20;1;64;64284;1;1;1;2;avenue du 8 mai 1945;43,2802580765; -0,3827404976
202200002638;13;9;2022;04:30;3;62;62516;2;6;1;3;D182;50,5558850000;2,4971870000
202200002642;15;9;2022;17:45;1;59;59360;2;1;1;3;Rue du Marechal Foch;50,6151020000;3,0166810000
202200002645;15;9;2022;07:25;2;56;56098;2;6;1;3;LANN-SEVELIN (ROND POINT DE);47,7782287600; -3,3452028000
202200002656;16;9;2022;10:45;1;45;45234;2;1;1;2;50 Avenue de la Mouillère;47,8831500000;1,9095600000
202200002657;12;9;2022;08:20;1;44;44109;2;1;7;3;46 Quai Magellan;47,2095800000; -1,5469500000
202200002663;16;9;2022;08:40;1;33;33063;2;3;1;3;Boulevard George V;44,8253400000; -0,5890600000
202200002678;16;9;2022;20:49;5;14;14118;2;2;2;3;Rue de Bayeux;49,1830910000; -0,3845420000
202200002684;16;9;2022;02:40;5;13;13203;2;1;1;1;GUIBAL (RUE);43,3062041872;5,3848599474
202200002696;16;9;2022;10:02;1;75;75101;2;1;8;6;RUE SAINTE ANNE;48,8657520000;2,3352760000
202200002698;15;9;2022;19:45;1;94;94068;2;1;1;7;BONNEUIL (QU DE);48,7850100000;2,4973300000
202200002700;16;9;2022;12:00;1;94;94041;2;1;1;1;RASPAIL (R);48,8120000000;2,3867900000
202200002701;16;9;2022;08:20;1;94;94018;2;1;1;6;Rue Gabrielle;48,8210600000;2,4158400000
202200002703;16;9;2022;17:30;1;93;93048;2;3;8;1;Rue Pepin / Place de l’Eglise;48,8641500000;2,4448600000
202200002721;16;9;2022;14:46;1;84;84069;1;1;1;3;D974;44,1606260000;5,1468800000
202200002728;17;9;2022;10:35;1;87;87107;2;3;1;1;Rue de l'Emetteur;45,9292630000;1,1659080000
202200002733;16;9;2022;21:25;3;66;66189;1;4;6;3;;42,6560230000;2,9259900000
202200002744;5;7;2022;19:30;5;973;97311;2;1;1;3;Route Saint Maurice;5,4844645363; -54,0281935036
202200002751;5;7;2022;18:30;1;13;13064;1;3;1;3;D99;43,7871670000;4,9455210000
202200002762;5;7;2022;15:45;1;69;69121;2;1;1;3;33 Chemin de Vavre;45,8556470000;4,6926200000
202200002772;6;7;2022;21:00;1;59;59106;2;6;1;3;Rue Felix Dehau;50,5768260000;3,1941410000
202200002814;1;7;2022;18:37;1;87;87085;2;1;1;3;LECLERC (AVENUE DU GENERAL);45,8479200000;1,2620200000
202200002817;4;7;2022;17:55;1;81;81065;2;1;1;6;ALBERT 1° (AV);43,5960300000;2,2261000000
202200002821;4;7;2022;14:55;1;76;76108;2;1;1;2;Route de Neufchâtel;49,4540300000;1,1049800000
202200002830;1;7;2022;22:00;5;67;67482;2;3;1;3;SENGENWALD (RUE);48,5775500000;7,7531300000
202200002839;4;7;2022;08:40;1;59;59009;2;1;1;3;JAURES JEAN RUE AVANT LE N°5 AU RPT GHIS;50,6559600000;3,1331600000
202200002846;1;7;2022;14:15;1;44;44184;2;1;1;2;Route de Saint-Marc;47,2540000000; -2,2603100000
202200002847;4;7;2022;22:50;5;44;44190;2;1;1;3;RUE DE LA FONTAINE;47,2035490000; -1,4903630000
202200002848;4;7;2022;12:40;1;35;35238;2;1;1;2;ROBINOT DE ST-CYR (QUAI);48,1045700000; -1,7189800000
202200002851;4;7;2022;21:25;5;33;33063;2;8;1;3;Rue Sainte-Catherine;44,8375962478; -0,5737969279
202200002867;4;7;2022;08:20;1;75;75119;2;1;1;3;AVENUE SECRETAN;48,8806030000;2,3747140000
202200002874;4;7;2022;07:30;1;75;75113;2;4;1;3;RUE DE LA GLACIERE;48,8317120000;2,3443750000
202200002879;4;7;2022;16:30;1;75;75102;2;2;1;3;BOULEVARD DE SEBASTOPOL;48,8670310000;2,3529740000
202200002880;4;7;2022;10:42;1;94;94081;2;1;1;3;PRESIDENT SALVADOR ALLENDE (AV DU);48,7958630000;2,4110490000
202200002891;1;7;2022;19:20;1;92;92046;2;1;1;6;CAMELINAT;48,8130514636;2,2985630706
202200002892;4;7;2022;09:50;1;92;92073;2;6;1;3;BOMBIGER (RUE DU DOCTEUR MARC);48,8616337394;2,2123766541
202200002903;4;7;2022;08:20;1;92;92026;2;3;1;3;BEZONS  (DE 01 A 22);48,8950580134;2,2500520348
202200002914;30;6;2022;08:50;1;84;84029;1;6;1;2;D43;44,1573050000;4,8637570000
202200002922;2;8;2022;19:15;1;34;34042;1;1;1;2;D4;43,8828950000;3,7030600000
202200002924;8;8;2022;18:30;1;68;68028;1;1;1;7;d42;48,2132420000;7,3383840000
202200002927;8;8;2022;10:55;1;65;65059;1;1;1;7;Route du Col de Tourmalet;42,9242200000;0,2033110000
202200002930;6;8;2022;11:55;1;17;17164;2;1;1;3;23 Route de Chez Boret;45,7621380000; -0,6142040000
202200002931;7;8;2022;16:30;1;17;17219;2;9;1;3;CD 728E - Marennes-plage;45,8135890000; -1,1330080000
202200002973;6;8;2022;09:30;1;54;54547;2;1;1;6;FRERE (RUE DU GENERAL);48,6630090000;6,1681900000
202200002975;5;8;2022;20:01;1;49;49246;2;1;1;7;GALLIENI AVENUE;47,4343400000; -0,5261700000
202200002982;6;8;2022;15:25;1;33;33529;2;3;1;3;OCEAN (BD DE L');44,6224900000; -1,2018400000
202200002986;5;8;2022;12:00;1;29;29019;2;3;1;2;rue Yves Collet;48,3922920000; -4,4797070000
202200002993;5;8;2022;18:45;1;10;10297;2;3;1;3;MICHEL BERGER (RUE);48,3200657884;4,1037958860
202200002996;5;8;2022;20:28;2;75;75113;2;5;1;3;RUE BOBILLOT;48,8258130000;2,3503650000
202200002999;6;8;2022;05:30;5;75;75116;2;1;1;2;PONT DE SURESNES;48,8666750000;2,2302470000
202200003000;6;8;2022;22:15;5;75;75115;2;7;1;3;QUAI DE GRENELLE;48,8491520000;2,2818960000
202200003007;5;8;2022;05:05;5;75;75103;2;2;2;3;RUE DE TURBIGO;48,8654600000;2,3561180000
202200003037;6;8;2022;18:19;1;61;61483;1;1;1;3;le grand gué;48,5816080000; -0,4298190000
202200003041;3;8;2022;08:00;1;39;39189;2;3;7;2;4 Rue de l’Abergement;47,0753170000;5,4081650000
202200003055;7;8;2022;19:00;1;16;16104;2;1;1;6;Chemin de Montigne;46,0232040000;0,2242640000
202200003059;7;8;2022;10:45;1;85;85254;1;1;1;2;RD27;46,8291800000; -0,7600790000
202200003076;7;8;2022;07:45;1;2B;2B148;1;1;1;3;Brancale;42,5369710000;9,4725220000
202200003080;6;8;2022;22:50;5;67;67237;2;1;1;3;106 Rue du Lieutenant de Bettignies;48,6748770000;7,8476720000
202200003083;7;8;2022;08:30;1;57;57260;1;1;1;2;D81 SENS ROUHLING -> GROSBLIEDERSTROFF;49,1441410000;7,0151461000
202200003147;3;6;2022;06:30;2;974;97407;2;2;1;3;LASSERVE ALEXANDRE(RUE); -20,9367200000;55,2909500000
202200003151;1;6;2022;07:20;1;974;97407;2;2;1;5;SANS SOUCIS(RUE); -20,9492300000;55,2939500000
202200003163;27;4;2022;08:15;1;72;72181;2;2;1;6;QUERU COLONEL ENTRE ST-AUBIN ET DEGRE;48,0150000000;0,1828400000
202200003203;3;6;2022;14:45;1;69;69385;2;3;1;3;Rue des Farges;45,7560800000;4,8191000000
202200003204;25;4;2022;11:30;1;59;59350;2;3;1;3;FAUBOURG DE DOUAI N° RESTE;50,6120994477;3,0750333667
202200003215;25;11;2022;17:00;2;33;33029;2;6;1;3;Avenue du Médoc;44,6140490000; -0,7772240000
202200003218;1;5;2022;18:50;1;50;50129;2;1;1;6;Rue de l’Hotel Giffard;49,6511900000; -1,5788500000
202200003244;17;5;2022;18:00;1;95;95555;2;1;1;3;RD 14;48,9666610000;2,2763630000
202200003246;2;5;2022;07:15;1;37;37195;2;3;1;3;;47,3757600000;0,6438900000
202200003249;17;5;2022;19:36;1;91;91645;2;6;7;3;VALLEE DE LA BIEVRES (VOIE DE LA);48,7360800000;2,2383300000
202200003250;2;5;2022;21:50;5;35;35238;2;3;1;3;MALAKOFF;48,1062500000; -1,6930500000
202200003252;24;11;2022;10:35;1;75;75119;2;1;1;3;AVENUE JEAN JAURES;48,8844130000;2,3764450000
202200003254;23;11;2022;16:45;1;75;75117;2;2;1;3;RUE DE COURCELLES;48,8833210000;2,2989450000
202200003259;3;6;2022;20:20;1;91;91421;2;1;1;3;NARCISSES (ALLEE DES);48,7023900000;2,4409800000
202200003263;24;11;2022;06:05;5;75;75115;2;2;1;1;RUE DE LA CONVENTION;48,8372207146;2,2964309156
202200003268;24;11;2022;12:50;1;75;75114;2;2;1;3;BOULEVARD JOURDAN;48,8222350000;2,3303900000
202200003271;23;11;2022;23:11;5;75;75110;2;2;1;3;RUE DU FAUBOURG SAINT MARTIN;48,8811000000;2,3651610000
202200003274;23;11;2022;16:55;1;75;75107;2;2;1;6;BOULEVARD RASPAIL;48,8533560000;2,3264150000
202200003278;28;4;2022;15:35;1;16;16102;2;2;1;3;MONTESQUIEU (RUE);45,6807800000; -0,3358800000
202200003282;24;11;2022;16:00;1;75;75104;2;4;1;6;RUE DE RIVOLI;48,8550740000;2,3616320000
202200003284;24;11;2022;08:50;1;75;75104;2;3;1;2;VOIE GEORGES POMPIDOU;48,8558350000;2,3508450000
202200003294;22;3;2022;09:45;1;85;85018;2;1;1;7;Rue Henri Geoffroy;46,9114130000; -2,0359790000
202200003328;2;5;2022;13:18;1;75;75105;2;2;1;6;RUE SAINT JACQUES;48,8421090000;2,3413010000
202200003329;24;11;2022;08:20;1;93;93051;2;3;1;3;Avenue du Marechal Joffre / Rue du Clos;48,8438800000;2,5544200000
202200003338;28;5;2022;10:30;1;78;78224;1;1;1;2;CD 161;48,8587400000;2,0656100000
202200003340;2;5;2022;14:10;1;75;75111;2;3;1;3;BOULEVARD VOLTAIRE;48,8606850000;2,3752990000
202200003351;24;11;2022;14:35;1;92;92049;2;4;1;3;JAURES AVENUE JEAN N°53 A FIN;48,8127012305;2,3053302169
202200003355;20;3;2022;11:10;1;17;17039;1;1;1;3;D134;45,5253970000; -0,5476430000
202200003394;4;5;2022;13:20;1;54;54192;1;2;7;3;D112;48,5477794433;6,3009703154
202200003400;24;11;2022;10:30;1;91;91435;2;1;1;7;Route de Saintry;48,5728320000;2,4910090000
202200003403;25;11;2022;10:10;1;56;56061;2;1;1;3;6 rue de la liberté;47,7668630000; -2,1373504400
202200003410;3;5;2022;16:15;1;10;10003;2;1;1;1;Rue Pierre Brossolette;48,2230930000;3,7335600000
202200003413;3;6;2022;18:15;1;76;76231;2;1;2;3;Rue du Général de Gaulle;49,2857537370;1,0111096501
202200003427;22;3;2022;08:30;1;69;69276;2;6;1;3;Rue des Naives;45,6765400000;4,8704300000
202200003436;4;6;2022;17:10;1;72;72181;2;6;1;3;ALLONNES MOULIN ST GEORGES (RUE D');47,9768109949;0,1694977281
202200003437;25;11;2022;16:15;1;14;14735;2;1;1;2;D253A;49,0330860000; -0,0886650000
202200003441;25;11;2022;15:30;1;14;14302;1;3;7;3;D275;49,2897750000;0,0786910000
202200003449;23;11;2022;18:20;3;16;16135;1;4;1;2;D6;45,6501480000;0,5318280000
202200003453;24;11;2022;12:24;1;04;04209;2;3;1;3;D4085 / Cour Melchior Donnet;44,2003070000;5,9437110000
202200003454;21;3;2022;09:30;1;80;80674;2;1;1;3;GENERAL LECLERC (AVENUE DU);49,9037600000;2,3203900000
202200003466;23;11;2022;14:47;1;67;67506;1;1;1;2;chemin de strasbourg;48,6676540000;7,7642010000
202200003480;17;3;2022;17:00;1;67;67482;2;3;1;3;PALERME (RUE DE);48,5756300000;7,7637000000
202200003487;26;4;2022;17:30;1;43;43119;2;1;1;3;18 Avenue de la Condamine;45,1200641973;3,9140778780
202200003489;21;3;2022;09:00;1;64;64445;1;1;1;3;Avenue du Loup;43,3191441769; -0,3491860628
202200003496;2;6;2022;01:03;5;67;67482;2;3;1;3;LONDRES (RUE DE);48,5785900000;7,7721100000
202200003498;22;3;2022;14:00;1;57;57537;2;1;1;1;PRINCIPALE (RUE);49,2177900000;6,8592500000
202200003500;1;6;2022;15:30;1;67;67482;2;3;1;3;VIRGILE (RUE);48,5824000000;7,7074900000
202200003506;1;6;2022;15:35;1;66;66136;2;1;1;2;;42,7197586491;2,8865987062
202200003518;22;3;2022;14:59;1;51;51454;2;6;1;3;Rond-Point de l'Ordre National du Mérite;49,2422075601;4,0245848894
202200003528;2;6;2022;08:05;1;64;64445;2;6;1;3;LEON BLUM;43,3203300000; -0,3274400000
202200003532;21;3;2022;16:53;1;49;49007;2;2;1;3;BEAUREPAIRE;47,4745200000; -0,5603400000
202200003567;24;5;2022;13:25;1;59;59009;2;2;1;1;HARMONIE, rue de l';50,6052100000;3,1508500000
202200003575;7;11;2022;17:15;1;43;43137;1;1;7;2;Malfrayt;45,3060430000;4,1827450000
202200003588;21;3;2022;16:50;1;33;33281;2;1;1;3;Avenue Marcel Dassault;44,8480800000; -0,6852500000
202200003591;1;6;2022;18:15;1;56;56121;2;2;1;1;HONORE D'ESTIENNE D'ORVES (RUE);47,7331500000; -3,3752800000
202200003597;16;11;2022;19:45;1;63;63113;2;1;1;6;COUBERTIN (RUE PIERRE DE);45,7686700000;3,0840600000
202200003603;27;12;2022;11:52;1;17;17224;2;6;1;3;rue des douves;45,8681720000; -0,3237560000
202200003609;8;8;2022;18:10;1;61;61169;2;1;1;7;;48,7528300000; -0,5347000000
202200003611;22;3;2022;06:30;2;27;27701;1;1;1;2;SAINT PIERRE (ROUTE DE);49,2272400000;1,1828500000
202200003615;10;11;2022;07:00;2;74;74010;2;1;5;6;AVENUE HENRI ZANAROLI;45,8866030000;6,1017040000
202200003616;22;3;2022;17:40;1;27;27229;2;1;1;2;LEPOUZE (RUE);49,0274900000;1,1554600000
202200003618;3;6;2022;14:50;1;51;51454;2;1;1;3;avenue Jean Jaurès;49,2582000000;4,0416200000
202200003630;4;11;2022;16:40;1;74;74305;2;6;1;3;MONTREAL (RUE DE);46,2048400000;6,2811100000
202200003632;21;3;2022;16:00;1;25;25462;2;1;1;3;STAND;46,8995500000;6,3515600000
202200003633;13;12;2022;13:31;1;11;11262;2;1;1;6;;43,1850583000;2,9997088000
202200003643;23;11;2022;06:50;1;973;97302;1;1;3;6;ROUTE NATIONALE 1;4,8985200000; -52,3271700000
202200003645;4;6;2022;09:40;1;50;50165;1;9;1;3;CHAMP DE COURSE (RUE DU);48,8592600000; -1,5746000000
202200003646;6;12;2022;17:15;2;60;60159;2;1;1;3;Rue Ferdinand de Lesseps;49,3977382691;2,7873655557
202200003665;23;11;2022;08:45;1;69;69386;2;4;8;3;Rue Garibaldi;45,7737300000;4,8496200000
202200003678;24;9;2022;15:00;1;14;14685;1;3;8;3;D170;49,2443930000; -0,4603590000
202200003698;11;12;2022;11:20;1;62;62014;2;1;2;7;D196;50,6472820000;2,3660560000
202200003700;5;1;2022;15:20;1;59;59350;2;1;1;3;Rue de Turenne;50,6294062024;3,0363196135
202200003713;13;7;2022;20:00;1;45;45028;2;1;1;2;186 Rue de Chateaudun;47,7992980000;1,6247430000
202200003716;12;12;2022;18:15;4;26;26333;2;4;8;3;Rue du Port;45,1781850000;4,8132050000
202200003721;17;12;2022;17:30;2;987;98747;1;1;1;2;PK 58 devant la marina; -17,7560000000; -148,7360000000
202200003730;25;3;2022;16:30;1;971;97101;1;1;1;2;JEAN  IGNACE (RUE) ;16,2518800000; -61,5194500000
202200003742;22;3;2022;14:15;1;75;75106;2;1;1;6;RUE SUGER;48,8529441207;2,3414578289
202200003745;18;11;2022;16:02;1;84;84035;2;1;1;5;CAMP-CR84 (CHEMIN DU);43,8298100000;5,0548800000
202200003747;22;3;2022;07:30;1;75;75105;2;5;1;3;AVENUE DES GOBELINS;48,8384715071;2,3507671058
202200003754;23;11;2022;19:25;5;77;77449;2;6;8;1;D345/D344;48,8520000000;2,7785700000
202200003766;3;6;2022;11:35;1;37;37261;2;1;1;3;GRAMMONT (AVENUE DE);47,3790474155;0,6935676187
202200003775;3;12;2022;19:35;3;33;33229;2;1;2;6;Cassy;44,7145100000; -1,0439800000
202200003779;22;3;2022;15:20;1;75;75115;2;2;1;6;RUE DE LOURMEL;48,8456560000;2,2879960000
202200003799;21;3;2022;17:00;1;75;75114;2;5;1;2;RUE D ALESIA;48,8305100000;2,3192910000
202200003812;2;6;2022;17:45;1;35;35281;2;1;1;3;MENDES FRANCE (BD PIERRE);48,0969345047; -1,6931477934
202200003814;2;6;2022;16:25;1;35;35238;2;1;1;6;DUPONT DES LOGES;48,1080102777; -1,6668312997
202200003819;22;3;2022;08:50;1;75;75111;2;3;1;2;RUE DE CHARONNE;48,8538190000;2,3815730000
202200003820;27;12;2022;16:55;1;48;48095;2;3;1;7;ONZE NOVEMBRE (AVENUE DU);44,5285500000;3,4729600000
202200003825;24;11;2022;18:30;3;42;42189;2;4;8;3;Rue de la Chiorarie;45,4346900000;4,3367800000
202200003826;22;3;2022;07:45;1;75;75111;2;4;1;3;BOULEVARD VOLTAIRE;48,8528091074;2,3884776235
202200003832;4;6;2022;03:00;5;33;33063;2;2;1;3;Cours d’Alsace et Lorraine;44,8375500000; -0,5737900000
202200003838;29;4;2022;13:20;1;29;29232;2;6;1;3;Rue du Cosquer;48,0012610000; -4,1109350000
202200003840;2;6;2022;18:05;1;33;33318;2;1;1;3;Avenue de Magonty;44,7939100000; -0,7018700000
202200003848;4;6;2022;18:15;1;33;33009;2;1;1;7;MESTREZAT (BD);44,6547100000; -1,1464400000
202200003857;24;12;2022;18:16;3;82;82156;1;1;5;2;Route de Lavit;44,0030950000;0,9892850000
202200003877;31;10;2022;15:25;1;38;38442;1;1;1;7;Route du Col du Coq;45,2988000000;5,8097930000
202200003883;22;3;2022;10:59;1;92;92022;2;1;1;3;SALENGRO (AVENUE ROGER);48,8163323374;2,1945429146
202200003884;29;10;2022;10:00;1;38;38140;2;4;1;3;Avenue Ambroise Croizat;45,2721910000;5,8873040000
202200003894;21;3;2022;12:50;1;92;92049;2;1;1;3;PERI RUE GABRIEL N°1 A 35;48,8178247267;2,3235587776
202200003909;21;3;2022;20:10;5;92;92036;2;1;1;2;BAS ( RUE DES );48,9188219189;2,2907038629
202200003914;1;5;2022;17:54;1;75;75107;2;2;1;3;AVENUE DE BRETEUIL;48,8516480000;2,3125370000
202200003915;23;3;2022;08:00;1;22;22097;1;2;1;3;La Tombe;48,4300230000; -2,1784200000
202200003919;1;5;2022;04:00;5;75;75103;2;4;1;3;RUE DE TURBIGO;48,8668410000;2,3619160000
202200003921;23;3;2022;14:00;1;01;01419;1;1;1;3;Chemin de Pré Jacquet;46,2296760000;5,9975800000
202200003951;22;9;2022;09:35;1;14;14610;1;3;1;1;D147A;49,1788858090; -0,4867967960
202200003976;22;3;2022;11:55;1;83;83051;1;4;1;1;D31;43,5186076381;6,2353527546
202200003979;31;12;2022;15:30;1;29;29233;2;6;1;3;7 Allée Victor Schoelcher;47,8690200000; -3,5698060000
202200003993;22;10;2022;16:30;1;74;74242;2;6;7;3;295 route d'annecy;45,8359460000;6,1604650000
202200004052;22;3;2022;10:15;1;49;49023;1;1;1;7;Touche Ronde (jallais);47,2274120000; -0,8092920000
202200004068;11;5;2022;07:56;1;06;06088;2;9;1;6;SOLA (BD PIERRE);43,7079400000;7,2840400000
202200004081;18;10;2022;18:15;1;75;75115;2;2;1;3;BOULEVARD VICTOR;48,8344410000;2,2840510000
202200004084;18;10;2022;18:00;1;75;75104;2;3;1;6;RUE SAINT ANTOINE;48,8537070000;2,3656500000
202200004085;18;10;2022;19:15;4;94;94081;2;1;1;3;PORT A L ANGLAIS NELSON MANDELA (PONT DU;48,7965900000;2,4175600000
202200004092;18;10;2022;15:28;1;93;93007;2;3;8;1;Rue Maurice Audin;48,9457982798;2,4526644301
202200004107;12;10;2022;16:45;1;22;22249;1;2;1;3;Ty Person;48,4613260000; -3,2682500000
202200004110;18;10;2022;18:30;2;15;15192;1;1;7;2;N122;45,0760970000;2,7250440000
202200004119;18;10;2022;09:25;1;40;40224;2;3;1;2;357 Avenue du Général de Gaulle;43,5462660000; -1,1116900000
202200004126;19;10;2022;18:30;1;85;85160;2;1;1;7;RD36 ;46,5921990000; -1,4043510000
202200004129;5;9;2022;18:40;1;29;29076;1;2;2;3;Lieu Dit Kerivod;48,4615180000; -4,5247040000
202200004130;19;10;2022;11:20;1;30;30138;1;1;1;3;Voie Verte (Piste cyclable);43,8171890000;4,2543480000
202200004139;17;9;2022;15:00;1;64;64419;2;1;1;2;2 D817;43,2695500000; -0,1991220000
202200004143;17;9;2022;11:40;1;88;88116;1;1;1;3;Travexin;47,9509320000;6,8278740000
202200004149;17;9;2022;14:00;1;24;24091;1;1;1;1;Le Sireyjol;44,7870130000;1,1827900000
202200004159;19;10;2022;14:40;1;54;54397;2;1;1;3;Rue de la Paix;48,6142820000;6,1057537802
202200004176;8;9;2022;14:30;1;27;27329;2;1;1;3;16 Rue de Castenay;49,1898800000;1,4674900000
202200004223;14;7;2022;11:15;1;74;74063;2;1;1;1;Route du Linga;46,2615910000;6,8378270000
202200004225;10;7;2022;18:00;1;74;74250;1;1;1;2;D27;46,0507330000;6,3658690000
202200004226;12;9;2022;17:30;1;69;69149;2;3;1;1;52 Rue Louis Aulagne;45,7114500000;4,8164100000
202200004229;2;7;2022;13:05;1;74;74096;1;1;1;7;D41a;46,0633750000;6,1110810000
202200004234;15;9;2022;21:55;5;95;95680;2;2;1;3;Rue de la République;49,0015100000;2,3846800000