Num_Acc;jour;mois;an;hrmn;lum;dep;com;agg;int;atm;col;adr;lat;long
202200004250;11;9;2022;16:30;1;83;83129;2;1;7;3;SOLVIOU (CORNICHE DE);43,1054590000;5,8136080000
202200004254;17;10;2022;18:45;2;69;69382;2;1;1;3;20 Place Antonin Poncet;45,7558826413;4,8351028562
202200004287;16;10;2022;11:40;1;76;76341;2;1;1;7;FRIEDRICH ENGELS;49,5125600000;0,1919200000
202200004288;15;9;2022;08:45;1;60;60057;2;1;1;3;Av du Pdt J Fitzgerald Kennedy;49,4298230000;2,0935370000
202200004291;10;10;2022;13:24;1;70;70550;2;1;1;6;Quai Yves Barbier;47,6204116503;6,1470548808
202200004293;14;9;2022;12:14;1;56;56121;2;1;1;7;PLENENO (RUE  DU );47,7603300000; -3,3891600000
202200004294;17;10;2022;08:20;1;69;69266;2;2;7;1;Rue Antonin Perrin;45,7580800000;4,8852000000
202200004298;17;10;2022;09:50;1;66;66136;2;1;1;3;;42,6875600000;2,8721300000
202200004317;15;9;2022;08:30;1;33;33192;2;6;1;3;Route de Léognan;44,7613200000; -0,6125800000
202200004318;16;10;2022;15:10;1;56;56083;2;6;2;3;33 Rue de la Liberté;47,8106700000; -3,2736200000
202200004321;15;9;2022;08:25;1;31;31555;2;9;1;3;BD LASCROSSES;43,6088400000;1,4298200000
202200004323;17;10;2022;15:25;1;54;54547;2;3;1;3;LUDWIGSHAFEN (RUE DE);48,6617467517;6,1780473590
202200004328;17;10;2022;12:30;1;51;51454;2;2;1;3;rue de Courlancy;49,2456300000;4,0177800000
202200004348;15;9;2022;17:25;1;06;06088;2;3;1;2;DUNANT (AV. HENRI);43,7236400000;7,2660600000
202200004351;17;10;2022;17:10;1;26;26058;2;6;1;3;GAY-LUSSAC RUE;44,9410560000;4,8936880000
202200004358;12;10;2022;06:10;4;21;21231;2;3;1;3;VICTOR HUGO (AVENUE);47,3265780000;5,0295320000
202200004364;15;9;2022;11:10;1;75;75118;2;1;1;3;BOULEVARD NEY;48,8976680000;2,3316190000
202200004367;14;9;2022;08:00;1;75;75108;2;7;2;3;PLACE CHARLES DE GAULLE;48,8743260000;2,2954390000
202200004369;15;9;2022;08:50;1;75;75116;2;2;1;2;AVENUE DU MAHATMA GANDHI;48,8758540000;2,2622040000
202200004374;15;9;2022;15:10;1;75;75115;2;3;1;3;AVENUE DE LA MOTTE PICQUET;48,8492600000;2,2981970000
202200004375;14;9;2022;11:50;1;75;75115;2;2;1;2;RUE DE LA CONVENTION;48,8392550000;2,2919660000
202200004378;10;10;2022;18:05;1;83;83061;2;9;1;3;ROND-POINT DE PROVENCE;43,4270000000;6,7560000000
202200004379;15;9;2022;20:15;5;75;75112;2;2;1;3;AVENUE DE LA PORTE DE VINCENNES;48,8466840000;2,4138220000
202200004380;15;9;2022;19:20;2;75;75110;2;7;1;7;PLACE DE LA REPUBLIQUE;48,8684880000;2,3629450000
202200004390;15;9;2022;07:35;1;94;94018;2;1;1;3;Cheminement de l'Ancienne Ecluse;48,8181400000;2,4097800000
202200004399;16;10;2022;12:00;1;59;59009;2;3;1;3;COLBERT RUE;50,6177500000;3,1734900000
202200004405;15;9;2022;08:45;1;93;93029;2;3;1;3;Avenue Henri Barbusse / Rue Sacco et Vanzetti;48,9218253732;2,4554775437
202200004411;16;10;2022;11:50;1;33;33167;2;2;1;2;Rue Jules Guesde;44,8301800000; -0,5272300000
202200004413;15;9;2022;18:40;1;92;92049;2;1;1;7;REPUBLIQUE AVENUE DE LA N°1 A 79;48,8180710000;2,3193490000
202200004415;16;10;2022;08:45;1;33;33192;2;1;1;2;Cours du Général de Gaulle;44,7775500000; -0,6104200000
202200004425;15;9;2022;16:10;1;41;41045;2;1;1;6;Rue du Village Neuf;47,4780000000;1,1900100000
202200004429;15;9;2022;18:00;1;59;59107;2;9;1;6;Rue Charles Pichon;51,0689220000;2,5089490000
202200004455;4;7;2022;15:50;1;61;61385;1;1;1;2;La Saillerie;48,7999880000;0,3383540000
202200004459;4;7;2022;17:00;1;44;44211;2;6;1;3;22 Rue du Pinker;47,3509340000; -2,5084560000
202200004466;27;6;2022;19:30;2;45;45006;1;1;1;3;D15 PK 5 + 525;47,8231970000;1,8594670000
202200004482;4;7;2022;11:26;1;57;57209;2;1;1;7;Rue de Verdun;49,0667647049;6,5948923587
202200004484;5;7;2022;08:15;1;38;38188;2;3;1;3;chemin du villard et chemin du Platre;45,1369300000;5,7952500000
202200004488;4;7;2022;15:50;1;69;69112;2;6;1;3;Nouvelle Route;45,8172100000;4,6649030000
202200004496;5;7;2022;08:20;1;60;60639;1;9;1;3;D1001;49,4539190000;2,0991770000
202200004521;3;7;2022;21:05;1;69;69266;2;3;1;3;Rue des Bienvenus;45,7745100000;4,8845900000
202200004530;2;7;2022;17:45;1;45;45234;2;1;1;3;51bis Route d'Olivet;47,8816954169;1,9035353065
202200004546;3;7;2022;03:45;5;75;75120;2;1;1;6;RUE DES PYRENEES;48,8628120000;2,3999280000
202200004548;2;7;2022;09:45;1;75;75116;2;1;1;2;ROUTE DE SEVRES A NEUILLY;48,8572280000;2,2374120000
202200004550;3;7;2022;18:02;1;75;75107;2;3;1;1;QUAI ANATOLE FRANCE;48,8610820000;2,3241560000
202200004551;2;7;2022;12:30;1;75;75107;2;1;1;1;QUAI BRANLY;48,8591550000;2,2934030000
202200004553;3;7;2022;20:50;1;93;93078;2;2;1;3;Avenue Georges Clémenceau / Avenue Charles de Gaulle;48,9582900000;2,5585100000
202200004558;2;7;2022;22:45;3;93;93027;2;1;1;3;Avenue Henri Barbusse;48,9300800000;2,3870800000
202200004560;3;7;2022;11:01;1;92;92076;2;1;1;7;RAYMOND POINCARE;48,8430288605;2,1728199050
202200004568;3;7;2022;10:50;1;68;68173;1;4;7;3;Labaroche;48,0954370000;7,2040060000
202200004595;1;7;2022;12:34;1;64;64147;2;1;1;7;LE BOURG;43,4596330000; -1,3299620000
202200004602;3;7;2022;07:50;1;87;87064;1;3;1;3;D940;45,7273790000;1,7541220000
202200004605;4;7;2022;09:50;1;88;88306;1;1;1;2;D424;48,4022340000;7,0180960000
202200004616;3;7;2022;17:50;1;971;97106;2;4;1;1;Rue Maurice Selbonne;16,1422790000; -61,7672560000
202200004622;4;7;2022;15:30;1;71;71581;2;2;1;3;les augères;46,3487181844;4,0282651260
202200004625;3;7;2022;17:30;1;68;68154;2;1;1;1;Avenue des Rives de l Ill;47,7768645962;7,3542167991
202200004633;3;7;2022;11:30;1;60;60138;2;2;1;3;Rue des Otages;49,2201930000;2,6111630000
202200004635;5;8;2022;09:45;1;69;69386;2;2;1;3;Rue Juliette Récamier;45,7653000000;4,8549400000
202200004650;5;8;2022;14:40;1;74;74010;2;3;1;3;JEAN JAURES;45,9032600000;6,1277900000
202200004651;5;8;2022;18:20;1;72;72181;2;1;1;6;DURAND GEORGES (AV) N° PAIRS 166 A 310;47,9700000000;0,2100000000
202200004655;5;8;2022;07:30;1;64;64284;2;1;1;3;rue de l'artisanat;43,2927000000; -0,4041200000
202200004659;1;8;2022;19:00;1;62;62758;1;3;1;3;D341E1;50,7252300000;1,6492880000
202200004667;5;8;2022;10:15;1;47;47001;2;1;1;1;LECLERC (AV. DU GENERAL);44,1948900000;0,6127000000
202200004675;5;8;2022;11:45;1;35;35051;2;6;1;3;PARIS (RUE DE);48,1144037049; -1,6102722287
202200004681;5;8;2022;17:18;1;17;17415;2;1;1;6;LEMERCIER COURS;45,7487290000; -0,6441290000
202200004686;4;8;2022;08:44;1;10;10333;2;6;1;3;CHARLES BALTET (RUE);48,2821000000;4,0599000000
202200004695;5;8;2022;15:30;1;75;75116;2;3;1;3;AVENUE RAYMOND POINCARE;48,8708510000;2,2850420000
202200004697;5;8;2022;12:45;1;75;75114;2;2;1;6;RUE DES PLANTES;48,8286120000;2,3220810000
202200004724;6;8;2022;07:15;2;06;06161;2;1;1;7;Corniche des Maurettes;43,6328910000;7,1259430000
202200004755;18;11;2022;16:31;1;63;63113;2;1;1;2;PAULINES (AVENUE DES);45,7743300000;3,0939600000
202200004772;5;8;2022;17:00;1;40;40320;1;1;1;2;RD 651;43,9168690000; -0,5329440000
202200004777;23;11;2022;14:35;1;61;61001;2;9;1;6;L'ISLE ( RUE DE);48,4264670000;0,0924370000
202200004785;22;11;2022;18:35;5;56;56121;2;2;1;3;15 Boulevard maréchal Joseph Joffre;47,7522700000; -3,3629800000
202200004788;22;11;2022;12:20;1;56;56121;2;1;7;3;LAENNEC ( BD );47,7571100000; -3,3553200000
202200004811;20;10;2022;11:09;1;36;36044;2;6;1;3;1 Avenue Marcel Lemoine;46,8142787460;1,6964837909
202200004825;23;11;2022;10:35;1;35;35238;2;1;1;2;BOUZAT (DOYEN ALBERT);48,1282100000; -1,6374700000
202200004830;23;11;2022;07:30;-1;32;32013;2;3;1;3;MARNE (AVENUE DE LA);43,6491200000;0,5961300000
202200004861;12;2;2022;16:50;1;94;94076;2;2;1;6;Rue Eugène Varlin;48,7936600000;2,3632300000
202200004870;12;2;2022;00:05;5;94;94041;2;1;1;6;PIERRE ET MARIE CURIE (R);48,8151300000;2,3752600000
202200004876;12;2;2022;06:10;5;94;94004;2;3;1;3;Avenue du Général Leclerc / Avenue Charles de Gaulle;48,7588800000;2,5004600000
202200004901;22;9;2022;08:30;2;69;69019;2;3;1;3;Avenue de Verdun;46,1046420000;4,7437980000
202200004905;12;2;2022;13:40;1;92;92063;2;1;1;3;MICHELET (RUE);48,8844678103;2,1750775874
202200004907;3;8;2022;08:00;1;974;97407;2;1;1;3;BOUVET (AVENUE); -20,9524000000;55,2951000000
202200004913;4;8;2022;08:00;1;69;69387;2;2;1;3;Rue d'Anvers;45,7517500000;4,8454900000
202200004914;15;9;2022;11:20;1;95;95355;2;1;1;3;Rue de Paris;49,1544034643;1,7869600654
202200004928;21;11;2022;18:50;5;75;75113;2;1;1;3;RUE DE TOLBIAC;48,8257600000;2,3494220000
202200004933;23;11;2022;09:05;1;75;75119;2;1;8;3;RUE MANIN;48,8783000000;2,3782890000
202200004935;31;7;2022;10:46;1;87;87085;2;3;1;7;CLEMENCEAU  (BOULEVARD GEORGES);45,8512900000;1,2665600000
202200004945;23;11;2022;10:45;1;75;75114;2;7;3;3;PLACE DENFERT ROCHEREAU;48,8336970000;2,3319200000
202200004964;3;8;2022;20:15;1;67;67267;2;1;1;1;Rue du Lac;48,5692600000;7,6982200000
202200004984;23;11;2022;13:00;1;93;93070;2;1;2;3;Boulevard Jean Jaurès;48,9135640000;2,3357490000
202200004999;13;2;2022;12:45;1;32;32307;2;1;1;3;Route d Auch;43,6129910000;0,5880650000
202200005048;11;2;2022;07:35;1;69;69383;2;2;2;3;Rue Duguesclin;45,7548600000;4,8499300000
202200005061;3;6;2022;15:15;1;27;27701;2;1;3;2;PARC (CH. DU) FALAISES A LACS;49,2729800000;1,2118400000
202200005068;24;11;2022;09:15;1;83;83035;1;6;1;3;D2;43,2570030000;5,7509060000
202200005083;20;11;2022;17:00;2;73;73050;2;1;1;2;D14 route du lac;45,6778020000;5,8564420000
202200005088;23;11;2022;07:15;2;73;73213;1;3;1;3;D201;45,5484270000;5,9568700000
202200005089;4;6;2022;21:50;2;25;25056;2;1;1;1;BATTANT RUE;47,2418600000;6,0206860000
202200005102;11;2;2022;20:25;3;77;77307;1;6;1;3;D231;48,8568200000;2,7547700000
202200005124;11;2;2022;09:10;1;59;59512;2;3;1;5;NATIONS UNIES (AVENUE DES);50,6977040000;3,1651540000
202200005130;9;2;2022;16:45;1;57;57757;2;1;1;2;Nations (Avenue);49,3589200000;6,1905800000
202200005137;11;2;2022;22:15;5;51;51454;2;3;1;3;Chaussée Bocquaine;49,2483600000;4,0217750000
202200005138;1;6;2022;12:00;1;17;17333;2;3;1;3;Boulevard de Lattre de Tassigny;45,6072096462; -1,0068776831
202200005148;11;2;2022;15:08;1;49;49007;2;1;1;7;LAREVELLIERE;47,4711600000; -0,5317700000
202200005155;11;2;2022;15:01;1;45;45234;2;1;1;2;Route d’Olivet;47,8799400000;1,9030400000
202200005170;2;6;2022;16:20;1;14;14701;1;1;1;2;D275;49,3085640000;0,0832940000
202200005173;31;12;2022;22:47;5;10;10357;2;1;1;2;Avenue Henri Barbusse;48,3020700000;4,1032000000
202200005179;21;9;2022;17:02;1;14;14738;2;6;1;3;D675;49,1564320000; -0,4485250000
202200005182;26;12;2022;19:55;5;973;97302;2;1;1;1;EAU-LISETTE (CITE);4,9301929265; -52,3215776682
202200005197;30;12;2022;05:00;4;69;69381;2;1;2;7;Rue Romarin;45,7689200000;4,8349800000
202200005229;21;11;2022;07:15;1;973;97302;2;1;2;2;BADUEL (ROUTE DE);4,9373300000; -52,3155600000
202200005249;7;12;2022;11:00;1;78;78423;2;2;8;3;ABOUT (AVENUE NICOLAS);48,7737000000;2,0357830000
202200005259;21;3;2022;06:30;2;69;69029;2;1;1;3;Avenue Pierre Mendès France;45,7181120876;4,9096561966
202200005332;18;11;2022;17:13;1;87;87085;2;2;1;3;LATTRE-DE-TASSIGNY (AVENUE DU MARECHAL);45,8255900000;1,2706100000
202200005344;2;6;2022;07:45;1;07;07116;2;6;1;3;NATIONALE (ROUTE);44,6452200000;4,3693100000
202200005352;29;12;2022;15:40;1;44;44184;2;6;3;2;163 Boulevard Jean De Neyman;47,2788700000; -2,2433900000
202200005373;21;3;2022;10:55;1;35;35238;2;3;1;3;SUISSE (DE);48,0865110000; -1,6646790000
202200005382;18;3;2022;12:15;1;34;34032;2;1;1;2;DEVEZE (AV DE LA);43,3313800000;3,2478300000
202200005429;4;6;2022;01:55;5;75;75105;2;2;1;7;RUE CLAUDE BERNARD;48,8412470000;2,3436400000
202200005433;3;6;2022;23:36;5;75;75105;2;2;1;2;BOULEVARD SAINT MICHEL;48,8513880000;2,3431680000
202200005436;3;6;2022;18:20;1;75;75105;2;2;1;1;QUAI DE LA TOURNELLE;48,8511160000;2,3512880000
202200005444;2;6;2022;18:40;1;75;75106;2;4;1;6;RUE GUYNEMER;48,8486280000;2,3325820000
202200005456;21;3;2022;16:40;1;75;75117;2;3;1;3;AVENUE DES TERNES;48,8789860000;2,2927780000
202200005460;5;6;2022;19:45;1;75;75119;2;1;8;7;AVENUE SIMON BOLIVAR;48,8763400410;2,3761770129
202200005480;21;3;2022;09:05;1;75;75111;2;1;7;6;BOULEVARD DE MENILMONTANT;48,8589220000;2,3891710000
202200005494;31;12;2022;14:33;1;60;60509;2;1;1;1;123 Rue de la Plaine;49,3129270000;2,6215640000
202200005497;31;12;2022;16:00;1;36;36207;1;1;1;3;Les Brumales;46,4704877517;1,6337227821
202200005503;2;6;2022;23:30;5;75;75117;2;3;1;3;AVENUE DE CLICHY;48,8921870000;2,3175560000
202200005511;2;6;2022;20:50;1;75;75116;2;1;1;4;HYPPODROME DE LONGCHAMP;48,8633125831;2,2375094891
202200005526;30;4;2022;17:00;1;78;78005;1;1;1;1;CENTRALE (ROUTE);48,9646700000;2,1746700000
202200005527;2;6;2022;08:15;1;75;75116;2;1;1;3;BOULEVARD SUCHET;48,8543220000;2,2627150000
202200005539;3;6;2022;15:35;1;75;75115;2;2;2;7;BOULEVARD PASTEUR;48,8428680000;2,3123810000
202200005559;3;6;2022;20:35;1;75;75114;2;4;1;2;AVENUE DU MAINE;48,8340940000;2,3243530000
202200005561;22;3;2022;10:30;1;26;26139;1;6;1;3;Vachier de la Grand Pierre;45,0655540000;5,0929250000
202200005564;3;6;2022;14:55;1;75;75114;2;1;2;5;AVENUE JEAN MOULIN;48,8263100000;2,3233010000
202200005566;26;12;2022;18:30;2;971;97107;2;1;1;2;DELGRES ( BOULEVARD );16,0474000000; -61,5641000000
202200005567;29;4;2022;16:25;1;45;45234;2;2;1;3;Boulevard Marie Stuart;47,9114285717;1,9295473248
202200005580;21;3;2022;19:45;2;80;80424;1;1;1;2;D1001;49,8074370000;2,2602760000
202200005582;30;4;2022;11:35;1;35;35238;2;9;1;3;MALAKOFF (PONT);48,1077595295; -1,6930512339
202200005585;22;3;2022;13:20;1;71;71073;2;6;1;3;Rue du 11 Novembre 1918;46,9038240000;4,7559910000
202200005586;30;4;2022;10:35;1;35;35238;2;1;1;2;VOLTAIRE (BD);48,1051535641; -1,6984371096
202200005600;28;12;2022;15:15;1;67;67447;2;9;1;3;ERSTEIN (RUE D );48,6109000000;7,7373000000
202200005611;28;12;2022;13:00;1;62;62133;2;7;2;3;Avenue de la République;50,4198690000;2,9110840000
202200005613;3;6;2022;10:00;1;75;75110;2;2;1;2;RUE LA FAYETTE;48,8816100000;2,3657820000
202200005620;30;4;2022;18:58;1;13;13103;2;3;1;3;AVENUE DE LATTRE DE TASSIGNY-RD 17-;43,6500800000;5,0912600000
202200005623;5;6;2022;12:30;1;75;75109;2;2;1;3;RUE LE PELETIER;48,8722437439;2,3383008689
202200005624;29;12;2022;18:45;5;59;59122;2;9;1;3;VALENCIENNES (AVENUE DE);50,1815900000;3,2484400000
202200005626;2;6;2022;12:40;1;75;75109;2;2;1;6;RUE D AMSTERDAM;48,8812810000;2,3271340000
202200005629;2;6;2022;09:00;1;75;75108;2;1;1;3;RUE DE LABORDE;48,8755400000;2,3178160000
202200005630;28;12;2022;16:03;1;54;54431;2;7;1;3;JOFFRE (RUE DU MARECHAL);48,9031800000;6,0557800000
202200005632;19;3;2022;03:45;2;987;98715;1;9;1;6;Route Nelson MANDELA au PK 3.500; -17,5845220000; -149,5685780000
202200005640;30;4;2022;09:10;1;13;13047;1;1;1;2;RD 569;43,5360300000;4,9749500000
202200005645;5;6;2022;15:05;1;75;75107;2;3;8;3;QUAI ANATOLE FRANCE;48,8611190000;2,3241790000
202200005651;16;3;2022;17:15;1;971;97129;1;1;1;3;Plessis Nogent;16,3532250000; -61,7346080000
202200005654;29;12;2022;13:55;1;35;35238;2;1;1;3;RN24;48,1068520000; -1,7280650000
202200005669;30;4;2022;15:30;1;75;75105;2;2;1;3;BOULEVARD SAINT MARCEL;48,8384750000;2,3570300000
202200005670;2;6;2022;18:15;1;75;75103;2;3;1;7;RUE BEAUBOURG;48,8614460000;2,3536230000
202200005673;29;4;2022;11:18;1;75;75106;2;4;1;3;RUE DE RENNES;48,8501029623;2,3297668325
202200005674;2;6;2022;08:35;1;75;75104;2;4;1;6;VOIE GEORGES POMPIDOU;48,8512540000;2,3611500000
202200005677;1;6;2022;09:10;1;75;75104;2;3;1;7;BOULEVARD HENRI IV;48,8500910000;2,3589150000
202200005686;30;4;2022;11:03;1;75;75118;2;2;1;3;RUE MARX DORMOY;48,8902394297;2,3599885404
202200005689;30;4;2022;16:20;1;75;75116;2;2;1;3;AVENUE DE LA GRANDE ARMEE;48,8744318881;2,2929735482
202200005709;1;6;2022;19:50;1;94;94076;2;1;1;3;25 Boulevard Maxime Gorki;48,7880900000;2,3680000000
202200005723;30;12;2022;19:00;5;75;75118;2;2;2;3;RUE D AUBERVILLIERS;48,8986380000;2,3705160000
202200005725;20;3;2022;20:00;5;69;69382;2;1;1;7;17 Place Carnot;45,7505043729;4,8267282522
202200005734;30;12;2022;17:45;5;75;75115;2;1;2;1;QUAI DE GRENELLE;48,8523610000;2,2857850000
202200005748;20;3;2022;18:20;2;91;91687;2;1;1;2;TOUSSAINT CAUROT (AVENUE);48,6819700000;2,3750100000
202200005761;20;3;2022;14:05;1;72;72181;1;1;1;7;ESTEREL USINE DES EAUX;47,9909600000;0,2389600000
202200005784;4;6;2022;11:10;1;93;93064;2;3;1;6;Rue du Général Leclerc / Rue a Combattants Afrique Nord;48,8652237624;2,4957662523
202200005788;1;5;2022;10:05;1;60;60359;1;1;1;7;D 1;49,4824540000;1,9426170000
202200005805;20;3;2022;12:32;1;33;33063;2;2;1;3;Rue Judaïque;44,8402100000; -0,5991500000
202200005839;29;12;2022;06:55;5;92;92047;2;3;1;6;RAYMOND POINCARE;48,8384855567;2,1717739105
202200005855;2;5;2022;13:00;1;29;29165;1;1;1;6;D102 - Ty Mejour;47,8159070000; -4,2286800000
202200005858;30;4;2022;13:40;1;31;31413;1;1;1;6;8 route de cadours;43,7349960000;1,1070230000
202200005868;20;3;2022;11:30;1;75;75116;2;1;1;6;AVENUE DE L HIPPODROME;48,8580180000;2,2531820000
202200005870;20;3;2022;10:10;1;75;75115;2;3;1;3;BOULEVARD PASTEUR;48,8393859695;2,3162443936
202200005871;1;5;2022;19:10;1;72;72071;2;7;1;7;3 avenue jean Jaures;47,6965890000;0,4205150000
202200005911;30;12;2022;16:00;1;64;64065;1;1;6;1;départementale 4 PK 010.300, col St Ignace;43,3379220000; -1,6157630000
202200005947;16;10;2022;17:50;1;04;04112;1;1;1;7;PRESCOTT JOULE(CHEMIN JAMES);43,8280000000;5,8215700000
202200005956;17;10;2022;18:45;2;75;75108;2;3;2;6;AVENUE DE WAGRAM;48,8758970000;2,2965950000
202200005959;16;10;2022;18:55;2;75;75102;2;2;1;7;BOULEVARD DE SEBASTOPOL;48,8670260000;2,3580010000
202200005965;16;10;2022;10:50;1;93;93066;2;1;1;2;Rue Pinel;48,9311900232;2,3586568669
202200005966;17;10;2022;10:25;1;93;93048;2;3;2;3;Rue Désiré Préaux / Boulevard de Chanzy;48,8585400000;2,4317400000
202200005971;13;9;2022;16:50;1;64;64227;2;2;1;2;15 Route de Vic;43,3639918151; -0,2120658895
202200005976;17;10;2022;08:05;1;92;92026;2;1;2;3;BELGIQUE ( PLACE DE );48,9034877277;2,2678200602
202200005980;16;9;2022;15:45;1;88;88468;1;1;8;3;D57;47,8611930000;6,7449130000
202200005981;17;10;2022;18:50;5;92;92012;2;1;2;2;PONT DE SEVRES (ROND POINT DU);48,8300093499;2,2296844125
202200006000;15;9;2022;17:20;1;59;59139;2;3;1;3;Route de Bethencourt;50,1322680000;3,4235480000
202200006030;20;6;2022;06:30;1;59;59350;2;1;1;7;;50,6413340000;3,0707370000
202200006052;14;9;2022;19:40;5;69;69387;2;1;3;6;Cours Gambetta;45,7552001527;4,8431414366
202200006101;30;7;2022;09:50;1;55;55015;1;1;1;2;D604;48,6402640000;5,1173920000
202200006114;17;5;2022;19:35;1;69;69383;2;1;1;2;Rue Maurice Flandin;45,7557362978;4,8625327632
202200006119;14;9;2022;20:15;3;34;34172;2;1;1;2;Avenue du Mondial 98;43,6026900000;3,9031000000
202200006125;16;10;2022;16:20;1;75;75120;2;3;1;3;RUE DE MENILMONTANT;48,8691160000;2,3911448000
202200006134;16;10;2022;17:25;1;75;75112;2;2;1;3;BOULEVARD DIDEROT;48,8480390000;2,3928530000
202200006143;14;9;2022;10:45;1;75;75120;2;3;1;3;RUE MARYSE HILSZ;48,8499860000;2,4128970000
202200006144;16;10;2022;10:40;1;93;93051;2;2;1;3;Rue des Aerostiers / Boulevard du Ru de Nesles;48,8317800000;2,5840800000
202200006148;14;9;2022;08:15;1;75;75119;2;2;1;3;BOULEVARD DE LA VILLETTE;48,8841770000;2,3685980000
202200006172;13;10;2022;19:12;2;65;65390;2;4;1;3;D7;43,3715520000;0,0346490000
202200006173;14;9;2022;14:35;1;94;94041;2;1;1;7;COLONEL FABIEN - PONT D'IVRY (BD DU);48,8145700000;2,4093400000
202200006181;15;10;2022;18:35;2;25;25040;2;3;1;3;rue de delle;47,5034570000;6,9393900000
202200006193;14;9;2022;12:40;1;92;92051;2;1;1;3;LONGCHAMP (RUE DE);48,8804700000;2,2538600000
202200006197;17;10;2022;11:48;1;54;54312;2;1;1;6;1 Rue Saint-denis;48,9332210000;6,1033610000
202200006202;13;9;2022;13:50;1;92;92036;2;6;1;3;PIERRE TIMBAUD (RUE) (PAIRS);48,9331493373;2,3026801944
202200006205;14;9;2022;09:20;1;92;92026;2;1;2;3;NEUILLY DEFENSE (RESIDENCE);48,8888056920;2,2483654618
202200006213;13;9;2022;13:45;1;42;42032;1;1;1;1;Route du Val Fleury;45,5226840000;4,4970020000
202200006239;8;9;2022;18:00;1;44;44131;1;1;1;6;1 Rue Jules Ferry;47,1193810000; -2,0908060000
202200006240;17;10;2022;08:00;1;71;71275;2;6;1;3;ZI Saint Nizier;46,2766480000;4,0335810000
202200006249;14;9;2022;17:15;1;50;50484;1;1;1;1;La Maucrais - ST MARTIN DE LANDELLES;48,5512170000; -1,1823820000
202200006264;15;10;2022;18:19;2;22;22081;2;1;1;3;Rue du Haut du Bois;48,5180770000; -2,6424180000
202200006269;16;10;2022;11:15;1;59;59256;2;2;1;3;rue du chemin vert;50,5790670000;3,1378090000
202200006285;14;9;2022;17:50;1;86;86297;2;1;3;3;Rue du Lavoir;46,5771400000;0,2735770000
202200006312;27;7;2022;10:00;1;45;45272;1;1;1;1;Rue de Gautray;47,8021440000;1,9546650000
202200006326;15;10;2022;16:08;1;69;69383;2;2;1;3;Cours Gambetta;45,7539700000;4,8468400000
202200006347;2;7;2022;23:10;5;69;69382;2;2;1;3;Rue de la République;45,7649400000;4,8358900000
202200006351;2;7;2022;21:35;2;77;77152;1;1;1;6;D142;48,5109900000;2,5961300000
202200006354;2;7;2022;23:49;5;72;72181;2;1;1;2;COURBOULAY PAUL (RUE);48,0037372910;0,1913416383
202200006360;2;7;2022;13:30;1;64;64545;1;1;1;2;D404;43,3241162015; -1,6863584518
202200006362;1;7;2022;17:20;1;61;61001;2;1;1;1;FREDERIC MISTRAL (RUE);48,4301000000;0,0699500000
202200006372;2;7;2022;09:37;1;37;37261;2;2;1;2;BERANGER (BOULEVARD);47,3892469132;0,6828233600
202200006373;2;7;2022;10:45;1;35;35238;2;1;1;2;HAUTES-CHALAIS (SQUARE DES);48,0917957030; -1,6769841313
202200006378;2;7;2022;14:40;1;14;14437;1;1;1;3;Avenue des Commerces;49,1653100000; -0,2904300000
202200006380;2;7;2022;01:00;5;13;13201;2;1;1;3;PORT (QUAI DU);43,2954400000;5,3744100000
202200006383;2;7;2022;18:08;1;10;10387;2;1;1;3;ROBERT SCHUMANN (RUE);48,3075898670;4,0958833694
202200006387;1;7;2022;14:16;1;75;75106;2;3;1;3;RUE BONAPARTE;48,8504990000;2,3327800000
202200006391;1;7;2022;22:45;5;75;75113;2;3;1;3;QUAI D AUSTERLITZ;48,8386400000;2,3723590000
202200006399;1;7;2022;21:10;5;94;94076;2;3;1;2;Avenue de Stalingrad;48,7827700000;2,3670100000
202200006416;2;7;2022;20:00;1;92;92049;2;1;1;3;VERDIER AVENUE AUTRES N°;48,8161375729;2,3100467473
202200006442;3;7;2022;10:30;1;63;63374;1;1;1;7;Longechaud;45,5396620000;3,7948430000
202200006459;2;7;2022;22:30;5;64;64559;2;4;1;7;7 route principale;43,2410530000; -0,8805400000
202200006467;3;7;2022;11:45;1;85;85190;2;6;1;3;D753;46,9401100000; -1,5100400000
202200006505;16;4;2022;14:20;1;84;84031;2;1;1;2;ROUTE DE BEDOIN;44,0662800000;5,0667900000