Num_Acc;jour;mois;an;hrmn;lum;dep;com;agg;int;atm;col;adr;lat;long
202200006508;1;7;2022;07:30;1;974;97411;2;1;7;3;MACE (BOULEVARD GABRIEL); -20,8725000000;55,4495000000
202200006528;11;2;2022;12:15;1;13;13208;2;1;1;3;MICHELET (BOULEVARD);43,2674095974;5,3939362113
202200006544;11;2;2022;12:15;1;75;75105;2;3;1;3;RUE DES ECOLES;48,8493709993;2,3457017541
202200006545;11;2;2022;09:05;1;75;75119;2;1;1;3;AVENUE SIMON BOLIVAR;48,8799991397;2,3743061721
202200006550;11;2;2022;09:00;1;75;75115;2;2;1;1;QUAI BRANLY;48,8546010189;2,2888885438
202200006558;10;2;2022;18:16;5;75;75104;2;2;3;6;RUE DE RIVOLI;48,8562850000;2,3566020000
202200006589;10;2;2022;16:55;1;92;92012;2;2;1;3;REPUBLIQUE (BOULEVARD DE LA) 5/77BIS - 6;48,8320800000;2,2530700000
202200006595;11;2;2022;17:25;1;81;81156;1;3;1;3;Chemin de Guille;43,9142220000;2,0456300000
202200006596;11;2;2022;17:00;1;10;10037;2;9;1;1;40 Rue de Chamoy;48,2058420000;3,8954040000
202200006601;11;2;2022;14:00;1;87;87021;1;9;7;1;Sous le Bastier;45,7713100000;1,1861160000
202200006608;12;2;2022;14:35;1;25;25349;1;1;1;2;CD 31 pk 600;47,1723890000;6,4799430000
202200006618;11;2;2022;14:35;1;05;05176;1;1;1;7;D942;44,4964300000;6,1485490000
202200006620;11;2;2022;13:55;1;50;50267;2;1;1;1;Route du Ferrage;49,2123690000; -1,5260320000
202200006639;12;2;2022;16:56;1;74;74094;2;1;1;3;752 Route de Lossy;46,1881500000;6,3019860000
202200006672;10;2;2022;16:30;1;29;29232;2;2;1;3;Quai de l’Odet;47,9936800000; -4,1064500000
202200006696;4;8;2022;16:40;1;75;75117;2;7;1;2;AVENUE DE WAGRAM;48,8868490000;2,3045480000
202200006706;4;8;2022;18:40;1;75;75110;2;3;1;3;QUAI DE VALMY;48,8697360000;2,3661860000
202200006719;10;2;2022;07:40;2;69;69115;2;6;1;3;Avenue de la Libération;45,9775560348;4,7078213096
202200006721;10;2;2022;05:27;5;69;69264;2;1;1;3;Place de la Gare;45,9843700000;4,7204300000
202200006732;10;2;2022;18:20;5;62;62193;2;2;1;2;SAINT EXUPERY (AVENUE. 220 A ...);50,9461840000;1,8890390000
202200006754;4;8;2022;08:08;1;92;92024;2;1;1;6;CASTERES (RUE);48,8997930000;2,3025760000
202200006790;5;8;2022;10:30;1;12;12162;1;2;1;2;Route départementale 57;44,3347080000;2,4351130000
202200006811;5;8;2022;08:50;1;30;30083;1;1;1;2;;43,7300117583;4,2119774222
202200006824;4;8;2022;11:30;1;34;34259;2;6;1;3;rue du réservoir;43,6146810000;3,7760300000
202200006838;4;8;2022;10:40;1;21;21021;2;1;1;3;68 Rue de Genlis;47,3388970000;5,1945460000
202200006841;3;8;2022;12:15;1;67;67001;1;1;1;6;Canal de la Bruche;48,5759510000;7,6283850000
202200006869;22;11;2022;17:40;5;61;61117;2;1;1;3;ALENCON (RUE D');48,4351200000;0,0523100000
202200006871;22;11;2022;11:30;1;59;59560;2;1;2;1;EPINETTE ROND POINT DE L;50,5474900000;3,0490800000
202200006881;14;4;2022;08:51;1;92;92004;2;1;1;3;PIERRE BROSSOLETTE;48,9117693114;2,2944810837
202200006882;21;11;2022;18:30;5;56;56121;2;6;8;7;BIR-HAKEIM ( RD-PT );47,7391900000; -3,3800900000
202200006897;21;11;2022;20:15;5;51;51172;2;6;1;3;Place de la Solidarité;49,2169800000;4,0460600000
202200006907;2;8;2022;16:14;1;87;87085;2;1;1;6;VIGENAL (BOULEVARD DU);45,8524300000;1,2548600000
202200006919;22;11;2022;20:40;5;37;37261;2;1;1;1;MALRAUX (QUAI ANDRE);47,3968386164;0,6869137287
202200006924;21;11;2022;12:20;1;35;35238;2;6;7;3;MONTS D'ARREE (AVENUE DES);48,1366200000; -1,6668400000
202200006940;2;8;2022;17:40;1;67;67482;1;3;1;3;MOLIERE (AVENUE);48,5976860000;7,7013550000
202200006941;21;11;2022;18:20;5;29;29019;2;2;2;1;rue Marcellin Duval;48,4133000000; -4,4866600000
202200006955;3;8;2022;16:55;1;59;59350;2;3;1;3;STRASBOURG BOULEVARD;50,6180300000;3,0558100000
202200006961;3;8;2022;12:15;1;59;59122;2;7;1;3;PORTE DE PARIS (PLACE DE LA);50,1702923879;3,2316327095
202200006969;3;8;2022;09:13;1;54;54395;2;2;1;3;AUSTRASIE (BOULEVARD);48,6876690000;6,2055600000
202200006972;3;8;2022;17:19;1;51;51454;2;1;1;5;rue du Colonel Fabien;49,2501700000;4,0195300000
202200006975;2;8;2022;15:34;1;49;49007;2;1;1;3;HOTELLERIE RUE ET SQUARE;47,4875100000; -0,5205400000
202200006981;3;8;2022;12:30;1;33;33529;1;1;1;7;CAZAUX (BD DE);44,5977500000; -1,1300500000
202200006983;3;8;2022;09:45;1;25;25462;2;6;1;3;CHATEAU CHASTAIN (DU 0 AU 30);46,9058680000;6,3576460000
202200006989;4;8;2022;00:37;5;14;14118;2;1;1;1;Rue de Geôle;49,1848800000; -0,3630200000
202200006990;20;11;2022;18:04;5;11;11069;2;2;8;3;VERDUN;43,2126300000;2,3513500000
202200006994;29;8;2022;17:30;1;08;08409;2;9;1;2;MIRBRITZ (RUE DE);49,7000000000;4,9400000000
202200006996;2;8;2022;15:36;1;10;10387;2;1;1;3;CHOMEDEY DE MAISONNEUVE (AVE);48,3056000000;4,0713489000
202200007011;22;11;2022;08:15;1;75;75120;2;2;2;3;RUE DES PYRENEES;48,8640610000;2,3991260000
202200007029;3;6;2022;15:10;1;92;92062;2;1;2;3;DE DION BOUTON (QUAI) DU 29 AU 65;48,8796477135;2,2437963858
202200007030;22;11;2022;18:10;5;75;75115;2;3;1;3;RUE DE VAUGIRARD;48,8392660000;2,3004120000
202200007036;22;11;2022;16:10;1;75;75107;2;2;9;3;PONT ALEXANDRE III;48,8628500000;2,3134440000
202200007039;3;6;2022;18:20;1;92;92040;2;7;1;3;PDT ROBERT SCHUMANN (PLACE DU);48,8277245007;2,2674906850
202200007040;22;11;2022;17:55;5;75;75102;2;5;1;2;RUE DU QUATRE SEPTEMBRE;48,8689120000;2,3400810000
202200007047;2;6;2022;19:00;1;92;92004;1;1;1;2;HOTEL DE VILLE   ( PLACE );48,9102500000;2,2888100000
202200007059;2;6;2022;16:55;1;92;92014;2;1;1;3;MARECHAL JOFFRE (BD DU) (43 A 97 - 58 A;48,7820300000;2,3145500000
202200007069;22;11;2022;17:15;2;10;10282;2;9;1;1;Rue des Maupas;48,3847370000;3,9759670000
202200007091;22;11;2022;16:00;1;68;68042;2;6;1;3;Rue du 19 Novembre;47,6079030000;7,5036780000
202200007095;18;11;2022;09:05;1;25;25578;2;6;2;3;Residence le Chanois;47,1547200000;6,3287770000
202200007102;22;11;2022;12:25;1;70;70575;2;2;1;3;D15b Intersection rue des savourots;47,3476340000;6,0205610000
202200007104;18;12;2022;11:30;1;66;66037;1;3;1;3;RD81A;42,6409990000;3,0328700000
202200007110;31;12;2022;10:30;1;84;84140;1;1;1;7;RD 56;43,7750180000;5,4043080000
202200007116;31;12;2022;16:15;2;70;70026;1;1;1;2;D2;47,4643590000;5,6070290000
202200007118;12;11;2022;17:00;1;35;35047;1;1;1;1;Champcors;48,0651390000; -1,7605590000
202200007124;30;12;2022;17:20;5;88;88513;2;1;2;1;rue de lorraine;48,3435360000;6,3299700000
202200007129;13;11;2022;11:00;1;13;13004;1;3;1;3;D83;43,6662260000;4,7251870000
202200007143;27;4;2022;16:00;1;974;97411;2;6;1;3;PALMIERS (ROUTE DES); -20,8892600000;55,4233300000
202200007165;29;12;2022;12:45;1;75;75116;2;3;1;7;ROUTE DES TRIBUNES;48,8555190000;2,2286720000
202200007186;29;12;2022;23:00;5;75;75103;2;2;1;6;RUE AU MAIRE;48,8648053375;2,3554542661
202200007228;29;4;2022;19:00;1;60;60057;2;9;1;3;Avenue Marcel Dassault;49,4498380000;2,0972290000
202200007257;26;5;2022;22:55;5;75;75101;2;7;1;3;PLACE DU CHATELET;48,8571958110;2,3473451836
202200007270;23;5;2022;13:20;1;75;75119;2;7;3;1;AVENUE JEAN JAURES;48,8827820000;2,3703590000
202200007297;29;4;2022;12:20;1;37;37261;2;3;1;3;CHOISEUL (PLACE);47,4016788683;0,6840088964
202200007326;25;4;2022;14:40;1;33;33069;2;3;1;3;Avenue de la Libération Charles de Gaulle;44,8570300000; -0,5971900000
202200007364;21;3;2022;08:30;1;91;91136;2;6;1;3;Route de Versailles;48,7029320000;2,2832140000
202200007372;19;3;2022;13:00;1;74;74160;1;4;1;1;4910 Route du Col de la Croix Fry;45,8717320000;6,3843920000
202200007377;20;3;2022;16:30;1;07;07324;2;1;8;1;Rue du Doux;45,0699590000;4,8261710000
202200007403;19;3;2022;17:00;1;59;59029;1;1;1;7;D954;50,4748610000;3,1788310000
202200007435;28;4;2022;19:15;1;75;75107;2;2;1;6;RUE D ESTREES;48,8517670000;2,3138560000
202200007444;16;5;2022;15:45;1;51;51662;2;1;1;7;Rue de Bétheny;49,2915013220;4,1164451838
202200007448;29;4;2022;18:15;1;75;75113;2;5;1;2;AVENUE DES GOBELINS;48,8367855339;2,3518480361
202200007462;29;4;2022;20:00;1;75;75104;2;3;1;1;RUE SAINT ANTOINE;48,8533860000;2,3676540000
202200007469;19;3;2022;07:00;1;974;97409;2;1;1;1;CAMBUSTON (rue de); -20,9330200000;55,6521300000
202200007475;28;12;2022;20:00;5;77;77186;2;1;2;1;ARISTIDE BRIAND (RUE);48,4119800000;2,7089900000
202200007483;20;3;2022;00:32;5;69;69382;2;2;1;7;Quai Tilsitt;45,7592200000;4,8294000000
202200007491;27;12;2022;15:00;1;67;67482;2;3;1;3;MELANIE (RUE);48,6037300000;7,7875600000
202200007493;29;4;2022;14:30;1;94;94043;2;2;1;3;50 Avenue de Fontainebleau;48,8127912526;2,3615380525
202200007496;16;5;2022;17:15;1;71;71340;2;4;1;1;route de Genelard;46,5626520000;4,2250370000
202200007497;29;4;2022;13:11;1;94;94043;2;1;1;6;72 Avenue de Fontainebleau;48,8114354283;2,3620219229
202200007501;15;5;2022;09:40;1;02;02203;1;1;7;7;;49,1641640000;3,4155200000
202200007507;27;12;2022;10:04;1;49;49007;2;2;1;3;FOULQUES NERRA BOULEVARD;47,4710200000; -0,5645700000
202200007528;28;4;2022;19:45;1;93;93006;2;2;1;3;Rue Jeanne Hornet / Avenue de Stalingrad;48,8742180000;2,4280250000
202200007535;29;4;2022;17:15;1;92;92046;2;9;1;3;DE STALINGRAD;48,8149538689;2,2862657458
202200007537;28;12;2022;12:10;1;25;25056;2;1;1;3;MITTERAND AVENUE FRANCOIS;47,2237000000;5,9905500000
202200007542;29;4;2022;10:45;1;92;92051;2;9;1;2;CHARLES DE GAULLE (AVENUE,N°118 A 192 +;48,8844472183;2,2622248381
202200007559;2;6;2022;15:30;1;01;01074;1;1;1;2;D22;45,9829770000;5,1627160000
202200007563;1;6;2022;18:45;1;62;62882;2;1;1;3;Rue Bernard Chochoy;50,6823570000;2,1385630000
202200007564;1;5;2022;16:00;1;51;51590;1;1;1;3;D61;48,8290320000;4,7906670000
202200007567;1;5;2022;18:15;1;26;26231;1;1;1;6;route de ST DONAT;45,1003635697;5,0283533335
202200007573;6;3;2022;14:45;1;59;59328;2;1;1;7;BOIS, Rue du;50,6476400000;3,0433900000
202200007587;2;6;2022;15:20;1;76;76517;1;2;1;3;Intersection route de crèvecoeur - route d'Houppeville;49,5221820000;1,1362270000
202200007597;28;12;2022;13:23;1;94;94018;2;2;1;3;PARIS (R DE);48,8248870000;2,4091480000
202200007619;28;4;2022;10:10;1;34;34028;1;6;1;3;D908e2;43,5981770000;3,1395260000
202200007627;18;3;2022;11:30;1;33;33063;2;3;1;3;Rue Camille Godard;44,8550200000; -0,5755500000
202200007634;1;6;2022;15:40;1;53;53115;2;1;1;2;14 Rue Saint Pierre;48,4182890000; -0,8542460000
202200007637;28;12;2022;16:39;1;92;92002;2;1;2;6;CHATENAY (RUE DE);48,7597334312;2,2893724143
202200007658;28;12;2022;14:30;1;03;03155;1;1;1;2;le champ de la chevre;46,7170190000;2,9695920000
202200007662;15;4;2022;18:20;1;69;69244;2;1;1;6;Rue Joliot Curie;45,7526500000;4,7717300000
202200007701;16;3;2022;15:26;1;10;10081;2;9;1;3;GENERAL SARRAIL (AVE);48,3026800000;4,0281890000
202200007702;1;6;2022;08:05;1;30;30243;1;1;1;3;D24;44,0697482328;4,0705277324
202200007704;28;4;2022;11:55;1;66;66115;2;2;1;3;Avenue de la Mer;42,5406150000;2,8794050000
202200007706;2;6;2022;08:06;1;34;34226;1;2;1;3;D37;43,3513110000;2,9934850000
202200007720;28;4;2022;18:30;2;73;73179;1;6;1;3;D16A av Jean Rostand;45,5936360000;5,8861830000
202200007734;19;3;2022;08:45;1;94;94058;2;1;1;3;Quai de l’Artois;48,8307200000;2,5140200000
202200007745;1;5;2022;14:40;1;76;76223;1;1;1;2;D6015;49,6266830000;0,8037190000
202200007774;19;3;2022;15:15;1;42;42284;1;2;1;3;Rte de Saint Germain Lespinasse;46,0929810000;3,9747330000
202200007792;20;3;2022;11:00;1;29;29212;2;3;7;3;Avenue Jean Moulin;48,3789520000; -4,6032450000
202200007794;13;3;2022;15:30;1;29;29077;1;3;1;3;Lieu Dit Keribert;48,6118265405; -4,3856030703
202200007807;19;3;2022;15:30;1;54;54533;2;3;1;3;Rue Emile Binda;49,3238700000;5,9254000000
202200007814;19;3;2022;17:25;1;73;73270;1;3;1;1;D32 /  CREVACOR;45,5683340000;6,1794230000
202200007817;22;1;2022;15:45;1;14;14254;2;4;1;6;rue du coudray;49,1419040000; -0,4212280000
202200007824;28;4;2022;23:55;5;69;69383;2;3;1;3;Avenue Maréchal de Saxe;45,7599683921;4,8457109928
202200007840;28;4;2022;09:48;1;87;87085;2;2;1;3;TECHNOPOLE (ECHANGEUR);45,8600100000;1,2870000000
202200007857;12;9;2022;07:20;1;974;97411;2;2;1;3;DORET 1 (BOULEVARD); -20,8901200000;55,4615200000
202200007858;10;9;2022;16:25;1;974;97411;2;1;1;3;RUISSEAU BLANC (CHEMIN DU); -20,8947100000;55,4126100000
202200007871;13;9;2022;08:30;1;91;91421;2;1;1;3;MAURICE GARIN (PISTE CYCLABE);48,7193700000;2,4419100000
202200007877;13;9;2022;08:13;1;78;78440;2;3;1;3;COQUETIERS (RUE DES);48,9929900000;1,9201200000
202200007880;13;9;2022;08:20;1;77;77186;2;2;1;3;SAINT MERRY (RUE);48,4079430000;2,6980050000
202200007882;8;9;2022;14:21;1;74;74119;2;1;1;2;CORNICHE (ROUTE DE LA)  CD21;46,3857400000;6,5830800000
202200007883;12;9;2022;08:00;1;73;73008;2;1;1;1;D991 - MARLIOZ AVENUE DE;45,6769532445;5,9093163014
202200007893;12;9;2022;08:45;1;60;60159;2;1;1;3;Rue du Docteur Guérin;49,3983500000;2,7887300000
202200007896;13;9;2022;19:10;1;51;51172;2;6;1;3;Place de la Solidarité;49,2171900000;4,0466700000
202200007899;12;9;2022;08:50;1;49;49328;2;6;1;3;ROND POINT  PONT FOUCHARD;47,2535000000; -0,0854000000
202200007908;15;10;2022;09:31;1;77;77464;2;6;2;6;D418;48,8989000000;2,7133900000
202200007909;13;9;2022;09:25;1;31;31555;2;9;1;3;RTE D ESPAGNE;43,5473000000;1,4193700000
202200007916;12;9;2022;18:50;1;15;15014;2;1;1;1;DEBRONS (RUE LOUIS);44,9329400000;2,4395500000
202200007919;14;10;2022;12:10;1;64;64445;2;2;1;3;avenue Bié Moulié;43,3042400000; -0,3442100000
202200007928;12;9;2022;12:59;1;10;10387;2;2;1;3;PIERRE BROSSOLETTE (RUE);48,2890300000;4,0767600000
202200007929;15;10;2022;15:40;1;59;59155;2;1;1;5;FURNES - ROUTE;51,0325874789;2,3972725868
202200007938;15;10;2022;10:45;1;44;44109;2;1;1;6;16 Route de Vannes;47,2331550000; -1,5781180000
202200007942;12;9;2022;09:00;1;03;03310;2;3;1;3;Boulevard de l'Hopital;46,1226200000;3,4327100000
202200007946;15;10;2022;19:55;5;32;32013;2;1;1;7;PIERRE MENDES FRANCE;43,6423100000;0,5959000000
202200007954;15;10;2022;18:15;2;29;29019;1;6;1;3;D789 - Rond point de Kerzenniel;48,3731000000; -4,5617900000
202200007959;12;9;2022;22:00;5;75;75115;2;4;1;1;RUE BRANCION;48,8296790000;2,3017620000
202200007963;13;9;2022;18:30;1;75;75112;2;2;1;3;BOULEVARD DE REUILLY;48,8390750000;2,3901280000
202200007967;13;9;2022;09:05;1;75;75111;2;1;1;7;AVENUE PHILIPPE AUGUSTE;48,8514700000;2,3939900000
202200007973;12;9;2022;15:45;1;75;75108;2;1;1;6;AVENUE DE WAGRAM;48,8760895450;2,2967192531
202200007986;13;9;2022;14:08;1;94;94022;2;3;1;2;Rue Jules Ferry / Avenue Rondu;48,7586643968;2,4135918447
202200007987;5;10;2022;07:55;1;05;05061;2;3;1;7;rue Col Thomas Piddington;44,5653959607;6,0761475563
202200007996;13;9;2022;09:10;1;93;93048;2;1;1;6;Boulevard Rouget de Lisle;48,8617326761;2,4409880092
202200008005;13;9;2022;00:10;5;92;92036;2;6;1;6;PRINCIPALE DU PORT (ROUTE) (1/17);48,9379496303;2,2786733508
202200008006;15;10;2022;00:10;5;75;75115;2;3;2;3;RUE CAMBRONNE;48,8464960000;2,3018540000
202200008008;15;10;2022;11:25;1;75;75114;2;1;1;3;RUE DE CHATILLON;48,8276320000;2,3230320000
202200008011;13;9;2022;19:05;1;92;92012;2;7;1;3;EDOUARD VAILLANT (AVENUE) 57/FIN - 58/FI;48,8337821247;2,2439146042
202200008025;15;10;2022;18:25;2;75;75104;2;3;1;6;RUE DE RIVOLI;48,8571940000;2,3523810000
202200008076;14;9;2022;13:00;1;60;60486;2;3;8;3;Rue de la Libération;49,6656280000;2,3198050000
202200008081;15;10;2022;10:45;1;84;84002;1;1;1;2;RD 56, pk5;43,7266380000;5,4939580000
202200008086;16;10;2022;10:30;1;50;50403;1;6;1;3;D650;49,1674790000; -1,5894340000
202200008089;13;9;2022;10:15;1;88;88082;1;9;1;3;D392a;48,4729250000;6,9760660000
202200008091;14;10;2022;18:15;1;07;07291;1;1;1;1;Route de Gras;44,4096200000;4,5157670000
202200008135;15;10;2022;17:15;1;01;01202;2;3;7;3;Avenue Montferrand;45,8987110000;5,3463400000
202200008141;15;10;2022;20:05;3;17;17283;1;1;1;2;D732;45,5732420000; -0,5718040000
202200008165;29;5;2022;10:57;1;14;14384;2;1;1;6;D514;49,3170690000; -0,3495030000
202200008190;1;7;2022;16:50;1;69;69383;2;2;1;3;Rue Jeanne d'Arc;45,7503700000;4,8842700000
202200008202;14;10;2022;06:50;5;69;69386;2;3;2;7;Avenue de Grande-Bretagne;45,7767300000;4,8440100000
202200008209;14;10;2022;08:59;1;2B;2B033;2;1;1;2;PAOLI DU NR 1 A 20 - BLD;42,6977800000;9,4491600000
202200008221;8;9;2022;08:30;1;84;84007;2;9;7;2;MORIERES (Route de );43,9510000000;4,8490000000
202200008225;1;7;2022;23:15;5;74;74012;2;6;1;3;GENEVE (RUE DE);46,1929500000;6,2325900000
202200008237;14;10;2022;07:40;5;72;72181;2;3;2;3;LAIGNE RUE DE N° IMP 229 A 385;47,9660100000;0,2096200000
202200008239;14;10;2022;19:20;5;71;71153;2;1;2;2;MARECHAL FOCH (RUE);46,8032200000;4,4513800000
202200008247;30;6;2022;13:32;1;54;54329;2;1;1;6;Rue de la Résistance;48,5996100000;6,4894100000
202200008251;1;7;2022;23:18;5;51;51454;2;4;1;3;boulevard Carteret;49,2585700000;4,0486800000
202200008256;1;7;2022;08:35;1;51;51454;2;3;1;3;rue de Rouen;49,2341500000;4,0141300000
202200008258;14;10;2022;07:15;5;69;69290;2;1;2;3;224 Route de Grenoble;45,7167780410;4,9587713099
202200008266;1;7;2022;12:15;1;42;42184;2;1;1;2;Rue du Maréchal Foch;46,0397000000;4,0185200000
202200008274;30;6;2022;20:20;1;35;35288;2;6;1;3;GRAND JARDIN (RUE DU);48,6266800000; -1,9850000000
202200008275;1;7;2022;09:20;1;35;35238;2;2;1;3;CHATEAUGIRON (DE);48,1018775711; -1,6563472152
202200008279;30;6;2022;08:35;1;33;33063;2;1;2;2;Rue du Pas Saint-Georges;44,8392000000; -0,5719800000
202200008293;14;10;2022;07:05;5;57;57463;2;2;2;3;GENERAL METMAN;49,1201000000;6,2167000000
202200008296;14;10;2022;07:53;3;56;56162;2;6;2;3;24 Rue du Fort Bloque;47,7365600000; -3,4324800000
202200008297;1;7;2022;17:50;1;13;13206;2;2;1;3;LIEUTAUD (COURS);43,2882900000;5,3846000000
202200008301;29;6;2022;11:30;1;11;11069;2;3;1;3;124 Route de Saint Hilaire;43,2026600000;2,3597000000
202200008302;29;6;2022;08:35;1;11;11069;2;6;1;3;;43,2149900000;2,3668500000
202200008305;13;10;2022;12:05;1;51;51454;2;6;1;3;rond-point de la Défense;49,2466300000;4,0621700000
202200008328;30;6;2022;22:35;5;75;75118;2;5;1;3;AVENUE DE SAINT OUEN;48,8930200000;2,3274450000
202200008330;1;7;2022;09:00;1;75;75116;2;2;1;3;BOULEVARD EXELMANS;48,8431550000;2,2602100000
202200008337;30;6;2022;23:55;5;75;75113;2;2;1;7;RUE DE L ESPERANCE;48,8256740000;2,3472470000
202200008338;1;7;2022;22:10;5;75;75112;2;1;1;6;BOULEVARD DE REUILLY;48,8391670000;2,3913300000
202200008339;1;7;2022;13:20;1;75;75112;2;3;1;3;RUE DE PICPUS;48,8462430000;2,3944990000
202200008355;1;7;2022;05:55;1;93;93050;2;1;1;1;Rue du Docteur Schapira;48,8552700000;2,5267700000
202200008365;1;7;2022;13:45;1;92;92035;2;1;1;2;Général de Gaulle  ( avenue du );48,9084581736;2,2554084062
202200008367;30;6;2022;07:00;1;92;92025;2;9;2;1;STALINGRAD (AV DE);48,9287895756;2,2688626349
202200008392;2;7;2022;12:30;1;14;14754;2;1;1;2;D118;49,3212280742;0,0151705742
202200008394;1;7;2022;08:50;1;83;83139;1;1;1;3;D77;43,6036530000;6,2752570000
202200008423;30;6;2022;17:15;1;79;79049;2;3;1;3;;46,8385380000; -0,4955380000
202200008435;9;2;2022;13:54;1;10;10321;2;3;1;3;Rue Auguste Buck;48,2866471053;4,0190380812
202200008445;10;2;2022;20:15;5;75;75118;2;3;2;6;RUE DE LA CHAPELLE;48,8933160000;2,3596240000
202200008449;9;2;2022;12:05;1;75;75114;2;2;1;3;RUE DU PERE CORENTIN;48,8244850000;2,3283210000
202200008454;10;2;2022;20:38;5;75;75110;2;4;2;3;RUE LA FAYETTE;48,8824430000;2,3691700000
202200008456;10;2;2022;15:10;1;75;75107;2;3;1;7;AVENUE DE SEGUR;48,8508940000;2,3089390000
202200008481;10;2;2022;13:00;1;56;56206;1;1;1;3;465 Route de Plescop, Kervaines;47,6984770000; -2,7779640000
202200008503;10;2;2022;19:10;3;84;84026;1;1;1;2;D973 route de Pertuis;43,7241490000;5,3903010000
202200008557;9;2;2022;11:00;1;64;64132;2;2;1;3;RENE CHAR;43,3068700000; -0,3277300000
202200008558;9;2;2022;08:40;1;64;64348;1;6;1;3;MARTYRS DU PONT LONG DES;43,3392990000; -0,3800040000
202200008571;8;2;2022;12:24;1;49;49007;2;1;1;2;LICES;47,4675100000; -0,5556200000
202200008573;9;2;2022;17:54;2;38;38185;2;1;1;6;CHENOISE (RUE);45,1934900000;5,7311000000
202200008578;9;2;2022;07:35;2;33;33318;2;6;1;3;Avenue de Beutre;44,8009400000; -0,6853800000
202200008590;9;2;2022;09:15;1;02;02738;1;1;7;2;16 Rue du Mauger;49,6492398000;3,3185200000
202200008592;9;2;2022;10:10;1;75;75105;2;1;1;7;RUE GAY LUSSAC;48,8451000000;2,3416690000
202200008603;9;2;2022;12:35;1;75;75108;2;7;1;6;PLACE DE LA CONCORDE;48,8640860000;2,3201230000
202200008609;9;2;2022;10:35;1;94;94046;2;2;1;3;Rue du Capitaine R Deplanque;48,8024200000;2,4278100000
202200008621;8;2;2022;08:45;2;92;92049;2;1;1;7;JAURES AVENUE JEAN N°53 A FIN;48,8144000247;2,3082591891
202200008630;3;8;2022;19:45;1;75;75111;2;1;1;3;AVENUE LEDRU ROLLIN;48,8539130000;2,3776620000
202200008631;3;8;2022;17:24;1;75;75108;2;3;1;2;AVENUE DE MARIGNY;48,8690410000;2,3147750000
202200008632;3;8;2022;16:30;1;75;75104;2;2;1;6;RUE DE RIVOLI;48,8565720000;2,3554730000
202200008633;3;8;2022;14:45;1;75;75103;2;2;1;3;BOULEVARD DE SEBASTOPOL;48,8634020000;2,3509500000
202200008650;2;8;2022;09:50;1;92;92040;2;2;1;6;ERNEST RENAN;48,8289103752;2,2825357318
202200008652;3;8;2022;20:34;1;92;92023;2;1;1;3;HENRI BARBUSSE (AVENUE);48,8154993176;2,2568680644
202200008653;10;6;2022;15:38;1;86;86272;1;9;1;3;D725;46,8160900000;0,4575310000
202200008654;3;8;2022;10:20;1;22;22182;2;1;1;2;Rue du Pré Boissel;48,5460040000; -2,9647960000
202200008655;3;8;2022;07:28;2;84;84027;2;1;1;2;chemin de Saint Charles;44,1073120000;4,7591860000
202200008672;3;8;2022;18:45;1;12;12105;1;1;1;2;bestes;44,2323320000;2,0197140000
202200008684;4;8;2022;14:10;1;53;53007;1;1;1;7;PK 21 + 0.3;48,0750400000; -0,6314130000
202200008692;2;8;2022;17:20;1;987;98724;2;1;1;2;Fare; -16,7156380000; -151,0332100000
202200008694;20;7;2022;18:50;1;2B;2B311;1;2;1;1;T10;42,3500840000;9,5326030000
202200008696;3;8;2022;08:35;1;11;11279;1;2;1;3;D203;43,2717470000;2,3166430000
202200008708;8;5;2022;12:20;1;32;32013;1;1;1;7;MONTEGUT (CHEMIN DE);43,6503700000;0,6366000000
202200008714;3;8;2022;00:25;5;69;69383;2;1;1;6;Rue Ferdinand Buisson;45,7478500000;4,8839200000
202200008715;2;8;2022;10:45;1;69;69387;2;1;1;2;Cours Gambetta;45,7512824950;4,8544523120
202200008718;2;8;2022;09:09;1;2A;2A004;2;3;1;2;STEPHANOPOLI NICEPHORE  DE COMENE BD;41,9087400000;8,7180000000
202200008724;30;7;2022;10:06;1;87;87050;1;1;1;7;DE L'HERMITERIE (RUE);45,8709200000;1,1962900000
202200008726;28;7;2022;19:15;1;85;85194;2;1;1;3;47 Avenue de talmont;46,4871000000; -1,7412100000
202200008730;1;8;2022;16:30;1;80;80021;2;1;1;2;MIRAUMONT (RUE);49,8857400000;2,3260000000