Num_Acc;jour;mois;an;hrmn;lum;dep;com;agg;int;atm;col;adr;lat;long
202200008738;30;7;2022;11:40;1;66;66136;2;3;1;3;;42,7028400000;2,8933100000
202200008740;2;8;2022;17:35;1;64;64445;2;6;1;3;rond-point des allées de Morlaàs;43,3082600000; -0,3385300000
202200008746;31;7;2022;11:20;1;59;59009;2;3;1;3;THIERS RUE;50,6087669013;3,1734019518
202200008757;1;8;2022;10:55;1;43;43041;2;1;1;1;24 Route de Coubon;45,0479800000;3,9168000000
202200008758;2;8;2022;18:30;1;41;41018;2;1;1;7;CHATEAUDUN (AVENUE DE);47,5971700000;1,3291300000
202200008785;1;8;2022;22:41;5;75;75113;2;5;1;3;BOULEVARD SAINT MARCEL;48,8367450000;2,3518770000
202200008787;2;8;2022;07:51;1;75;75110;2;1;1;1;RUE LA FAYETTE;48,8775750000;2,3503290000
202200008792;2;8;2022;15:45;1;75;75102;2;2;1;7;BOULEVARD SAINT DENIS;48,8693180000;2,3542640000
202200008794;2;8;2022;21:46;5;94;94081;2;9;1;3;PONT DU PORT A L'ANGLAIS;48,7963040000;2,4167330000
202200008797;2;8;2022;07:40;1;94;94068;2;1;1;3;Promenade des Anglais;48,7864960000;2,5145800000
202200008825;21;11;2022;09:40;1;75;75119;2;2;8;2;AVENUE DE FLANDRE;48,8845410000;2,3693940000
202200008831;21;11;2022;18:50;5;75;75117;2;1;2;6;BOULEVARD BERTHIER;48,8887030000;2,3013270000
202200008837;21;11;2022;18:10;5;75;75116;2;2;2;3;AVENUE D IENA;48,8722980000;2,2952830000
202200008838;1;6;2022;16:30;1;69;69387;2;3;1;6;Avenue Berthelot;45,7428300000;4,8497800000
202200008840;20;11;2022;22:30;5;75;75115;2;1;1;2;RUE DE VAUGIRARD;48,8400270000;2,3029180000
202200008857;21;11;2022;10:20;1;75;75108;2;7;1;3;PLACE SAINT AUGUSTIN;48,8752390000;2,3194260000
202200008858;1;6;2022;19:00;1;85;85191;2;6;1;3;COTY RUE RENE;46,6580100000; -1,4499200000
202200008864;21;11;2022;21:15;5;75;75103;2;3;1;2;RUE DU TEMPLE;48,8673260000;2,3633750000
202200008874;1;6;2022;10:40;1;73;73011;2;6;8;3;D990 - DE GAULLE (AV) GILLY A WINNEDEN;45,6669700000;6,3711600000
202200008884;31;5;2022;18:40;1;65;65331;2;3;1;3;LOURDES (AVENUE DE);43,2137610000;0,0516310000
202200008888;1;6;2022;21:00;1;64;64024;2;3;1;5;CAVALIERS (PLAGE DES);43,5199600000; -1,5232000000
202200008896;1;6;2022;15:20;1;59;59286;2;4;1;2;CARNOT SADI RUE;50,6120600000;3,0001300000
202200008897;21;11;2022;06:35;5;92;92078;2;1;1;3;CHARLES DE GAULLE (BD) (71 AU 153);48,9412622047;2,3214406371
202200008899;31;5;2022;17:40;1;59;59597;2;1;8;3;MARQUETTE (ROUTE DE);50,1932900000;3,2236500000
202200008901;1;6;2022;18:20;1;54;54395;2;3;1;2;BATAILLE (QUAI DE LA);48,6817842528;6,1857678294
202200008902;21;11;2022;17:25;5;92;92072;2;3;2;3;PAVE DES GARDES (ROUTE DU);48,8106742111;2,2087293863
202200008903;30;5;2022;15:10;1;52;52121;2;6;1;3;;48,0922500000;5,1454100000
202200008908;1;6;2022;16:10;1;51;51172;2;3;1;3;Rue de la Sentelle;49,2148697703;4,0489742160
202200008917;20;11;2022;11:00;1;63;63307;1;4;1;1;D 2089 et RD 120;45,7114310000;3,0746750000
202200008920;21;11;2022;12:20;1;95;95487;2;1;2;7;Rue Etienne Dolet;49,1522656016;2,2692829370
202200008934;28;4;2022;13:05;1;61;61001;2;1;1;7;VICQUES (RUE DE);48,4350000000;0,1080000000
202200008956;25;4;2022;17:50;1;30;30007;2;9;1;3;LECLERC (PLACE GENERAL);44,1254700000;4,0794100000
202200008966;23;5;2022;18:30;1;19;19031;2;1;1;3;DUMAITRE (RUE JEAN);45,1567700000;1,5479800000
202200008985;28;4;2022;15:15;1;35;35238;2;3;1;1;MALAKOFF;48,1067428213; -1,6931967437
202200008997;1;6;2022;19:50;1;06;06029;2;6;1;2;TONNER (AVENUE FRANCIS);43,5497880000;6,9723210000
202200009000;27;12;2022;07:30;1;974;97411;2;3;7;1;BANCOUL (CHEMIN); -20,9060400000;55,4790400000
202200009008;27;12;2022;08:10;1;974;97407;1;6;1;3;ROND POINT ROSE DES VENTS; -20,9400900000;55,3069100000
202200009024;1;6;2022;15:30;1;75;75117;2;2;1;3;BOULEVARD PEREIRE;48,8831270000;2,2934890000
202200009028;1;6;2022;19:00;1;75;75116;2;7;1;3;PLACE DU MARECHAL DE LATTRE DE TASSIGNY;48,8722740000;2,2747850000
202200009029;20;3;2022;11:35;1;22;22134;2;1;1;7;32 Route de Perros;48,7949630000; -3,4177780000
202200009042;1;6;2022;15:02;1;75;75115;2;1;1;7;BOULEVARD DE GRENELLE;48,8534720000;2,2896040000
202200009045;28;4;2022;18:00;1;13;13002;1;1;1;3;CD46A (DE PICHAURIS A GRÉASQUE);43,3711744600;5,5395082834
202200009047;1;6;2022;07:15;1;75;75114;2;3;1;3;RUE SAINT YVES;48,8256600000;2,3344530000
202200009058;31;5;2022;17:05;1;75;75114;2;1;1;3;RUE DU COMMANDANT RENE MOUCHOTTE;48,8391740000;2,3206750000
202200009071;1;6;2022;15:50;1;75;75112;2;3;1;3;BOULEVARD DE LA BASTILLE;48,8511590000;2,3692150000
202200009078;1;6;2022;12:55;1;75;75111;2;3;1;3;AVENUE PARMENTIER;48,8626340000;2,3765120000
202200009089;1;6;2022;12:20;1;75;75109;2;7;1;2;RUE DE CHATEAUDUN;48,8763560000;2,3324120000
202200009096;1;6;2022;07:45;1;75;75109;2;7;1;3;PLACE DE CLICHY;48,8833140000;2,3271730000
202200009114;1;6;2022;10:05;1;75;75104;2;2;1;6;RUE DES ARCHIVES;48,8600700000;2,3568760000
202200009119;1;6;2022;09:30;1;75;75101;2;3;1;2;PONT ROYAL;48,8607150000;2,3306290000
202200009120;22;12;2022;18:00;5;67;67447;2;6;2;3;HAYE (RUE DE LA);48,6133000000;7,7161200000
202200009123;1;6;2022;08:00;1;75;75103;2;2;1;3;RUE DU VERTBOIS;48,8669660000;2,3582660000
202200009130;21;9;2022;17:05;1;29;29145;2;1;1;7;Keravel;48,0512760960; -4,4335348605
202200009133;1;6;2022;17:35;1;94;94081;2;1;1;1;52 Boulevard de Stalingrad;48,8002820000;2,3803110000
202200009140;26;12;2022;10:50;1;56;56121;2;6;1;2;95 Boulevard René Laënnec;47,7572700000; -3,3553900000
202200009144;26;4;2022;09:40;1;75;75106;2;2;1;2;BOULEVARD SAINT GERMAIN;48,8520996199;2,3403212428
202200009147;18;3;2022;19:20;2;69;69383;2;1;1;3;Cours Gambetta;45,7550000000;4,8442000000
202200009150;28;4;2022;14:20;1;75;75120;2;2;1;3;Avenue de la Porte de Vincennes;48,8466957714;2,4158857763
202200009152;1;6;2022;14:56;1;94;94046;2;1;1;6;GENERAL LECLERC - CAR DE LA RESISTANCE (;48,8096560000;2,4338510000
202200009153;26;12;2022;16:43;1;49;49007;2;1;1;6;GRAND MONTREJEAU;47,4683200000; -0,5286600000
202200009159;31;5;2022;22:25;5;94;94046;2;2;1;3;Rue Chevreul;48,8092000000;2,4368400000
202200009173;18;3;2022;09:20;1;69;69382;2;3;1;3;26 Quai Jules Courmont;45,7601405501;4,8377233744
202200009175;27;4;2022;16:40;1;75;75115;2;1;1;3;RUE DES MORILLONS;48,8342350000;2,2964520000
202200009185;31;5;2022;20:10;2;93;93070;2;1;1;2;Quai de Seine;48,9172800000;2,3279400000
202200009192;27;4;2022;23:18;5;75;75113;2;1;1;3;AVENUE DE CHOISY;48,8269650000;2,3593280000
202200009205;28;4;2022;13:10;1;75;75110;2;3;1;3;BOULEVARD DE BONNE NOUVELLE;48,8703742484;2,3495762050
202200009206;27;12;2022;12:50;1;14;14242;2;2;7;3;D7;49,2191070000; -0,3666350000
202200009213;1;6;2022;07:50;1;92;92050;2;1;1;1;HAUTES PATURES RUE DES;48,9185256107;2,2211553231
202200009215;20;11;2022;18:50;5;51;51454;2;6;2;3;place Aristide Briand;49,2575800000;4,0388500000
202200009216;28;4;2022;12:50;1;75;75107;2;1;1;1;QUAI BRANLY;48,8615940000;2,2976820000
202200009221;27;4;2022;19:00;1;75;75102;2;2;1;3;RUE REAUMUR;48,8673727585;2,3473070217
202200009225;1;6;2022;12:10;1;92;92044;2;2;1;3;VOLTAIRE(RUE)1A51 ET2A40;48,8908182863;2,2811688781
202200009226;27;4;2022;18:05;1;75;75104;2;1;1;6;VOIE GEORGES POMPIDOU;48,8554420000;2,3516500000
202200009234;1;6;2022;17:50;1;92;92024;2;1;1;1;GUSTAVE EIFFEL (RUE);48,9036769075;2,2940214872
202200009241;20;11;2022;19:00;5;35;35238;2;3;1;1;LECLERC (AVENUE DU GENERAL);48,1146621713; -1,6557745636
202200009247;28;4;2022;17:10;1;93;93048;2;1;1;2;Rue Kléber;48,8538900000;2,4343600000
202200009250;1;6;2022;08:45;1;92;92002;2;3;1;3;ARISTIDE BRIAND (AVENUE);48,7579400000;2,3068300000
202200009267;28;4;2022;17:10;1;93;93014;2;3;1;3;Allée Etienne Laurent / Allée Nelson Mandela;48,9033500000;2,5508700000
202200009272;28;4;2022;11:30;1;93;93001;2;1;1;3;167 Avenue Victor Hugo;48,9118040000;2,3796320000
202200009285;17;3;2022;01:33;5;67;67482;2;3;1;3;GENERAL KOENIG (QUAI DU);48,5753190531;7,7547839284
202200009291;15;11;2022;17:45;5;01;01014;2;3;2;3;TUILERIE ( RUE DE LA );46,2725900000;5,6660920000
202200009309;18;3;2022;12:25;1;61;61001;2;1;1;3;BASINGSTOKE (AVENUE DE);48,4360000000;0,0950000000
202200009311;18;11;2022;18:20;2;75;75117;2;3;1;3;BOULEVARD MALESHERBES;48,8811920000;2,3121390000
202200009316;20;11;2022;16:50;2;75;75115;2;7;1;1;PLACE DES INSURGES DE VARSOVIE;48,8277820000;2,2924160000
202200009332;30;4;2022;14:10;1;68;68026;1;4;2;3;intersection D4 et D4.1;48,1346010000;7,3428660000
202200009335;20;11;2022;19:40;5;75;75103;2;3;1;3;RUE DE TURENNE;48,8588190000;2,3645180000
202200009351;30;4;2022;09:40;1;80;80011;2;1;1;2;47 Rue Jean Catelas;49,9239670000;2,2069240000
202200009355;18;3;2022;08:25;1;49;49267;2;1;1;3;BEAUFORT ROUTE;47,4728800000; -0,4928100000
202200009372;18;3;2022;09:00;1;44;44184;2;1;1;3;53 Rue Jean Jaurès;47,2796500000; -2,2115500000
202200009373;14;5;2022;20:15;1;75;75120;2;2;1;6;BOULEVARD MORTIER;48,8690690000;2,4088340000
202200009381;13;5;2022;00:05;5;75;75115;2;2;1;3;QUAI ANDRE CITROEN;48,8460860000;2,2769680000
202200009385;26;4;2022;16:00;1;29;29010;1;1;1;7;D712 - Kerfaven;48,4855950000; -4,1485830000
202200009388;20;11;2022;15:30;1;26;26249;1;3;8;2;D310;44,5981570000;5,0061610000
202200009413;6;5;2022;15:10;1;67;67067;2;9;1;3;24 Rue du Général Duport;48,7315190000;7,7062820000
202200009414;18;3;2022;15:23;1;33;33069;2;2;1;3;Boulevard Pierre 1er;44,8592800000; -0,5894300000
202200009421;18;3;2022;07:14;2;31;31149;2;6;1;3;FONTAINE LUMINEUSE (Rd Point);43,6092800000;1,3526800000
202200009433;20;11;2022;12:25;1;81;81053;1;1;1;1;la Sabatarié;43,6085230000;2,4290300000
202200009455;13;11;2022;09:00;1;44;44081;1;1;7;2;la Planche;46,8796500000; -1,5814470000
202200009470;18;3;2022;08:00;1;06;06027;2;1;1;3;CANNES AVENUE DE (RN7);43,6505480000;7,1412200000
202200009490;1;6;2022;15:05;1;95;95352;2;1;1;6;18 Rue Bonnet;49,1133210000;2,4243090000
202200009504;17;3;2022;23:37;5;75;75105;2;2;1;3;RUE LINNE;48,8451070000;2,3546820000
202200009520;28;10;2022;14:45;1;38;38153;1;1;1;6;D531;45,1782610000;5,6190070000
202200009521;1;6;2022;09:15;1;31;31210;1;1;1;1;D500 Canal du Midi;43,3938660000;1,6880450000
202200009525;31;5;2022;18:10;1;31;31042;2;1;7;3;Avenue Jean MOULIN;42,7934480000;0,5878110000
202200009532;26;10;2022;16:00;1;38;38431;2;2;1;3;Chemin du Piat;45,2507590000;5,8478700000
202200009541;25;10;2022;12:40;1;38;38062;1;1;1;1;D1090;45,4221600000;5,9898230000
202200009542;18;3;2022;10:45;1;75;75116;2;3;1;3;RUE DURET;48,8752290000;2,2864880000
202200009552;13;8;2022;06:27;3;22;22278;2;2;1;1;FERRY (JULES);48,5046400000; -2,7672000000
202200009555;18;3;2022;14:00;1;75;75113;2;1;1;3;RUE DE TOLBIAC;48,8287650000;2,3734550000
202200009568;1;6;2022;06:35;1;18;18008;1;1;1;3;;46,9694690000;2,3216560000
202200009577;18;3;2022;12:50;1;75;75110;2;2;1;3;RUE LA FAYETTE;48,8778912070;2,3516656458
202200009585;18;3;2022;10:58;1;75;75108;2;7;1;6;PLACE DE LA CONCORDE;48,8640666118;2,3201228678
202200009593;18;3;2022;17:45;1;75;75101;2;3;1;7;RUE DE RIVOLI;48,8660827895;2,3250668496
202200009611;18;3;2022;20:25;5;94;94037;2;2;1;1;Avenue Jean Jaurès;48,8136000000;2,3505200000
202200009643;18;3;2022;08:50;1;93;93064;2;1;7;6;Rue Claude Pernès;48,8711812025;2,4906809804
202200009646;17;3;2022;17:55;1;93;93053;2;9;8;3;Rue du Parc;48,8930092624;2,4444011449
202200009661;20;4;2022;19:05;1;67;67482;2;1;1;1;WANTZENAU (RTE DE LA);48,6269297000;7,8048822200
202200009662;18;3;2022;17:49;1;92;92064;2;6;1;3;DE LATTRE DE TASSIGNY;48,8547801623;2,2198024839
202200009684;27;4;2022;18:20;1;56;56260;2;1;1;3;PAIX(BLD DE LA) 41 A 109 ET 52 A 124;47,6613900000; -2,7565800000
202200009716;18;3;2022;15:40;1;40;40187;2;1;1;1;Rue du Général Caunegre;43,8520880000; -1,3628630000
202200009725;27;4;2022;15:20;1;25;25388;2;3;7;3;HOLLANDE (RUE DE LA PETITE);47,5038800000;6,7948000000
202200009734;18;3;2022;18:00;1;45;45028;2;2;1;3;55 Rue du Pont;47,7793130000;1,6306600000
202200009743;26;4;2022;18:35;1;07;07281;2;6;1;3;Chemin des MULETS;44,9394300000;4,8585300000
202200009756;26;4;2022;11:17;1;75;75106;2;2;8;3;BOULEVARD SAINT GERMAIN;48,8524870000;2,3387560000
202200009760;26;4;2022;23:38;5;75;75113;2;1;1;7;RUE DE TOLBIAC;48,8261540000;2,3592010000
202200009761;27;4;2022;11:55;1;75;75111;2;1;1;3;RUE DES TROIS BORNES;48,8669500000;2,3735880000
202200009763;27;4;2022;19:55;1;75;75110;2;2;1;1;BOULEVARD DE STRASBOURG;48,8722650000;2,3559030000
202200009774;12;9;2022;09:15;1;75;75111;2;2;1;3;RUE DE LA ROQUETTE;48,8574460000;2,3797030000
202200009787;12;9;2022;12:45;1;93;93078;2;1;1;1;Avenue du Général de Gaulle;48,9433834292;2,5688714484
202200009790;12;9;2022;09:20;1;93;93055;2;1;1;1;Rue Candale;48,8873857252;2,4138410261
202200009810;10;9;2022;15:55;1;17;17094;2;1;1;3;81 Avenue d Angoulins;46,0874410000; -1,0959180000
202200009811;13;9;2022;12:00;1;84;84088;2;3;1;1;Avenue du Barriot;43,9964340000;5,0588070000
202200009815;13;9;2022;06:00;3;58;58187;1;1;1;2;lieu dit l'étape;47,4396480000;2,9332750000
202200009818;13;9;2022;07:40;2;31;31157;2;6;8;2;Rue de la Francoy;43,5452480000;1,3430950000
202200009838;11;9;2022;19:05;1;18;18245;1;1;1;3;Le Petit Bord;46,6183250000;2,4931990000
202200009850;2;9;2022;17:45;1;987;98729;2;1;1;1;Haapiti - Athia - PK 18+100 - RT 91; -17,5769440000; -150,2019670000
202200009853;13;9;2022;10:48;1;77;77063;2;1;1;7;37 Route du Grand Morin;48,8165540000;2,9743770000
202200009854;12;9;2022;18:10;1;77;77177;1;1;1;1;24 Ferme de Villemigeon;48,7547600000;2,7825880000
202200009855;2;9;2022;12:18;1;06;06091;1;1;1;1;3850 Route de la Grave;43,7968750000;7,3888930000
202200009865;12;9;2022;06:50;2;22;22198;1;3;1;3;Route de Crec'H Meur;48,7821940000; -3,4904770000
202200009878;1;5;2022;19:30;1;61;61169;2;1;1;7;;48,7439600000; -0,5497500000
202200009884;11;9;2022;12:58;1;973;97302;2;1;1;3;MANGO (ROUTE);4,9322612721; -52,3181551695
202200009897;10;9;2022;03:15;5;74;74281;2;1;2;7;VALLEES (AVENUE DES);46,3705200000;6,4880500000
202200009902;11;9;2022;13:25;1;59;59350;2;1;1;1;GUESDE JULES RUE;50,6230155334;3,0506794900
202200009915;13;10;2022;19:35;5;33;33167;2;3;2;3;Avenue Pierre Mendès-France;44,8426600000; -0,5099500000
202200009930;10;9;2022;18:30;1;15;15014;2;6;1;2;Carrefour du Vialenc;44,9160790000;2,4292040000
202200009931;11;10;2022;18:00;1;19;19031;2;4;1;3;MELITOPOL (AVENUE DE);45,1605100000;1,5152100000
202200009933;14;10;2022;17:45;1;17;17200;1;1;1;1;BRIDENELLE   CHEMIN DE LA;46,1918500000; -1,1661300000
202200009943;8;10;2022;10:34;1;14;14118;2;9;1;3;Rue d’Authie;49,1895170000; -0,3955150000
202200009946;9;9;2022;12:08;1;05;05061;2;9;1;3;CAPITAINE DE BRESSON ( RUE DU );44,5599000000;6,0840500000
202200009961;13;10;2022;13:51;1;10;10387;2;3;2;3;VERDUN (RUE DE);48,2789800000;4,0753100000
202200009962;11;9;2022;16:30;1;75;75112;2;3;1;3;BOULEVARD DE BERCY;48,8386050000;2,3812180000
202200009963;10;9;2022;23:25;5;75;75110;2;1;8;3;RUE DU FAUBOURG SAINT MARTIN;48,8834780000;2,3681030000
202200009964;14;10;2022;14:30;1;09;09225;1;1;1;3;BELPECH ROUTE DE;43,1171420000;1,6349210000
202200009984;14;10;2022;09:15;1;75;75105;2;3;2;3;RUE SOUFFLOT;48,8473230000;2,3409300000
202200009995;13;10;2022;22:00;5;75;75114;2;1;2;3;BOULEVARD EDGAR QUINET;48,8401090000;2,3277200000
202200009996;11;9;2022;16:45;1;14;14027;1;1;1;1;D54;49,0164929647; -0,6310905218
202200010021;14;10;2022;08:15;1;94;94033;2;1;8;6;Rue d'Estienne d'Orves;48,8525000000;2,4555000000
202200010037;14;10;2022;23:00;5;93;93001;2;3;2;1;Avenue Victor Hugo / Rue Villebois Mareuil;48,9117643514;2,3796133113
202200010039;14;10;2022;17:00;1;92;92051;2;1;2;6;VILLIERS (RUE DE, N° 59 BIS A 91);48,8924417764;2,2772893309
202200010053;15;10;2022;11:30;1;81;81240;1;1;1;7;D53;43,9250537171;2,4718278223
202200010057;14;10;2022;20:00;3;23;23001;1;1;2;1;RD 942 PK 18+600;46,0881670000;2,0233400000
202200010083;9;2;2022;16:30;2;43;43162;1;1;1;1;Route de Craponne;45,2118680000;4,0282840000
202200010084;9;2;2022;16:50;1;40;40282;1;6;1;3;D933s;43,7473430000; -0,5619230000
202200010100;9;2;2022;21:00;3;13;13027;1;4;1;1;RD571 route d'Avignon;43,8955500000;4,8189960000
202200010154;29;6;2022;19:20;5;988;98818;2;9;1;3;ROND POINT IEKAWE; -22,2311600000;166,4813100000
202200010162;8;2;2022;17:45;1;69;69383;2;1;1;6;Avenue Rockefeller;45,7406309783;4,8875199258
202200010164;8;2;2022;16:30;1;69;69388;2;1;1;7;Rue Henri Barbusse;45,7307533883;4,8579551263
202200010170;30;6;2022;08:50;1;69;69387;2;3;1;3;Boulevard Yves Farge;45,7433300000;4,8342400000
202200010201;15;10;2022;14:28;1;84;84092;2;3;7;1;Chemin du Canal Crillon;43,9589050000;4,8833160000
202200010211;15;10;2022;12:00;1;01;01249;2;2;1;3;Montée Neuve;45,8270820000;4,9526300000
202200010219;12;10;2022;15:30;1;79;79049;2;6;1;3;68 Rue de Chachon;46,8350070000; -0,4814730000
202200010226;7;2;2022;09:55;1;59;59569;2;3;7;1;VERDUN (RUE DE);50,3630800000;3,1143700000
202200010227;29;6;2022;22:05;5;67;67218;2;3;1;3;LYON (RTE DE);48,5252000000;7,7084800000
202200010236;29;6;2022;09:20;1;62;62193;2;6;1;3;NORVEGE (PLACE DE);50,9568540000;1,8574120000
202200010241;8;2;2022;07:50;2;49;49007;2;1;1;3;GARDOT;47,4678700000; -0,5367800000
202200010242;29;6;2022;18:30;1;61;61006;2;7;2;6;CHAMPAGNE (RUE DE);48,7504900000; -0,0279300000
202200010276;8;2;2022;15:45;1;29;29019;2;1;1;2;Avenue de la Libération;48,3963460000; -4,5159630000
202200010278;29;6;2022;13:15;1;42;42218;2;6;1;3;Boulevard Georges Pompidou;45,4589403795;4,4080978632
202200010286;7;2;2022;15:35;1;19;19031;2;1;1;6;TILLEULS (PROMENADE DES);45,1631900000;1,5331300000
202200010288;29;4;2022;13:55;1;35;35241;2;3;1;2;VILLES BILLY (ZONE ARTISANALE);48,6064731881; -2,0532009602
202200010289;8;2;2022;09:10;1;18;18033;2;2;7;3;Rue des Frères Michelin;47,1106200000;2,4144900000
202200010292;9;10;2022;12:30;1;974;97411;2;9;1;5;RAMBAUD (LEOPOLD); -20,8854000000;55,4735300000
202200010293;30;6;2022;09:15;1;34;34003;2;1;1;3;Boulevard des Lucioles;43,3007700000;3,4683400000
202200010299;30;6;2022;12:40;1;33;33281;2;3;2;3;Cours d'Ornano;44,8334500000; -0,6172400000
202200010306;28;6;2022;14:00;1;29;29019;2;3;1;3;avenue de Tarente;48,4031890000; -4,5063980000
202200010310;13;10;2022;09:55;1;69;69381;2;2;1;5;Quai André Lassagne;45,7727000000;4,8384600000
202200010326;11;10;2022;10:40;1;85;85194;2;9;1;2;SCHWABACH (PLACE DE);46,4880500000; -1,7650732000
202200010344;30;6;2022;20:45;1;04;04070;2;3;1;3;Ch des Alpilles / impasse;44,0831300000;6,2058600000
202200010347;8;2;2022;10:20;1;94;94017;2;3;8;3;Place Lénine / Rue Albert Thomas;48,8119500000;2,5107400000
202200010349;8;2;2022;09:30;1;94;94004;2;1;1;6;18 Rue de Sucy;48,7523681779;2,5203022956
202200010362;13;10;2022;07:10;5;71;71306;2;6;5;3;LUCY (RUE DE);46,6632800000;4,3409500000
202200010365;7;2;2022;17:50;1;93;93053;2;3;1;3;Rue de Brément;48,8868468090;2,4704217911
202200010366;13;10;2022;07:25;2;71;71306;2;2;5;3;MACON (RUE DE);46,6737600000;4,3739800000
202200010369;12;10;2022;19:40;2;71;71153;2;2;1;3;MOUILLELONGUE (RUE DE LA);46,7916000000;4,4295300000
202200010372;30;6;2022;15:20;1;75;75116;2;1;8;6;AVENUE DE NEW YORK;48,8621570000;2,2935020000
202200010377;13;10;2022;11:15;1;69;69266;2;3;1;3;Boulevard du 11 Novembre 1918;45,7794200000;4,8605200000
202200010380;13;10;2022;11:20;1;69;69264;2;3;1;3;Rue de Thizy;45,9900600000;4,7071000000
202200010387;13;10;2022;08:30;1;67;67482;2;3;1;6;FAUBOURG DE PIERRE (RUE DU);48,5870200000;7,7465000000
202200010402;30;6;2022;08:00;1;75;75101;2;3;2;7;BOULEVARD DE SEBASTOPOL;48,8624690000;2,3504400000
202200010437;8;2;2022;15:17;1;21;21247;1;1;1;3;Rue du Bedeau;47,5176610000;4,1693810000
202200010438;30;6;2022;17:24;1;92;92049;2;1;1;7;JAURES AV. JEAN N°1 A 51 ET 2 A 50;48,8170316465;2,3143488765
202200010466;12;1;2022;15:30;1;51;51464;1;1;1;6;Voie communale 14;49,3379870000;3,7602420000
202200010479;30;6;2022;12:42;1;69;69063;2;6;1;3;Quai de la Jonchère;45,8149040000;4,8464190000
202200010484;28;6;2022;17:15;1;61;61168;2;1;1;7;Route de Domfront;48,5847940000; -0,3669420000
202200010494;1;7;2022;10:25;1;42;42254;1;4;1;1;Route de Néronde;45,8639770000;4,1941380000
202200010518;1;7;2022;13:50;1;85;85172;1;4;1;1;23 Chemin des cabanes;46,8074760000; -2,0163330000
202200010536;11;6;2022;10:30;1;13;13074;1;1;1;2;D561;43,6456193534;5,5943584442
202200010539;27;6;2022;18:00;1;73;73072;1;1;2;7;D25;45,5129403206;6,2058079541
202200010542;30;6;2022;09:00;1;26;26235;1;1;1;3;rond point Volvey - CD 59;44,3597850000;4,7077610000
202200010551;2;8;2022;13:30;1;56;56179;1;1;1;1;Kersamedy;47,8087380000; -3,4045710000
202200010555;3;8;2022;11:30;1;65;65329;1;1;1;7;vallée de nistos;43,0031490000;0,4644170000
202200010570;3;8;2022;08:20;1;66;66167;1;1;1;1;;42,4679500120;2,0355606000
202200010589;2;8;2022;07:28;1;13;13110;1;1;7;2;Route de Saint-Maximin;43,4654690000;5,7289410000
202200010591;2;8;2022;10:42;1;71;71192;1;9;1;3;"Lieu dit ""la Chazée""";46,8439610000;4,1952860000
202200010592;2;8;2022;14:28;1;88;88531;1;4;1;6;d34d;48,0499290000;6,9870690000
202200010615;31;7;2022;22:40;5;987;98735;2;1;1;3;FARE UTE; -17,5306520000; -149,5681500000
202200010633;1;8;2022;02:35;5;74;74012;2;6;1;2;EUROPE (AVENUE DE L');46,1806100000;6,2354300000
202200010635;1;8;2022;00:05;5;73;73011;2;2;1;1;D990 / CHAUTEMPS;45,6746403198;6,3878026354
202200010639;25;9;2022;19:50;5;67;67482;2;4;1;3;PRESIDENT WILSON (BOULEVARD);48,5895900000;7,7409400000
202200010643;29;7;2022;18:29;1;63;63113;2;1;1;3;JACQUARD (RUE);45,7913850234;3,0783482194
202200010644;29;7;2022;17:48;1;63;63113;2;1;1;2;CARNOT (AVENUE);45,7762800000;3,0915000000
202200010645;26;6;2022;09:10;1;62;62510;2;3;1;3;LECLERC (AV DU MARECHAL);50,4224200000;2,7757700000
202200010655;1;8;2022;10:40;1;13;13028;2;2;1;2;BAGUIER (AVENUE DU);43,1908000000;5,6408600000
202200010662;1;8;2022;22:15;5;75;75113;2;1;1;6;RUE DE TOLBIAC;48,8294680000;2,3747490000
202200010664;31;7;2022;23:45;5;75;75110;2;2;1;3;QUAI DE JEMMAPES;48,8710270000;2,3659080000
202200010675;1;8;2022;07:10;1;59;59016;2;3;1;3;Rue du Lac;50,9966540000;2,3352060000
202200010691;1;8;2022;22:50;5;29;29072;2;3;1;2;Rue Danielle Casanova;47,7965866027; -4,2842438221
202200010697;21;11;2022;09:10;1;78;78455;2;1;2;3;11 Chemin des Princes;48,8407010000;2,0670890000
202200010703;2;8;2022;13:45;1;43;43241;1;3;1;2;Route nationale n°88, lieu-dit Montagnac;44,9602850000;3,8451080000