Num_Acc;jour;mois;an;hrmn;lum;dep;com;agg;int;atm;col;adr;lat;long
202200010732;2;8;2022;14:45;1;06;06078;1;1;1;2;D6102;43,9041080000;7,1873550000
202200010734;2;8;2022;08:00;1;05;05065;2;6;1;3;rond point du serre;44,6579390000;6,6449370000
202200010752;30;7;2022;12:15;1;35;35031;2;1;1;3;Rue Théophile Remond;48,1837970000; -1,4362480000
202200010754;2;8;2022;17:20;1;27;27022;2;1;7;3;D316;49,1702150000;1,3499770000
202200010776;31;5;2022;13:50;1;69;69386;2;3;2;3;Cours Lafayette;45,7637500000;4,8686100000
202200010780;31;5;2022;18:25;1;69;69389;2;1;1;3;Pont Georges Clémenceau;45,7748400000;4,8093900000
202200010781;31;5;2022;17:00;1;69;69034;2;1;2;6;11 Cours Aristide Briand;45,7805743791;4,8420529068
202200010801;19;11;2022;12:55;1;974;97407;2;1;1;3;20 DECEMBRE 1948(AVENUE DU); -20,9368600000;55,3004600000
202200010808;14;3;2022;18:00;1;50;50502;2;3;1;3;Rue de la Varroquière;49,1098664000; -1,0847059000
202200010813;21;4;2022;14:10;1;78;78517;1;1;1;7;D 906;48,6518660000;1,8748200000
202200010828;14;3;2022;18:35;5;988;98818;2;3;1;3;PROMENADE ROGER LAROQUE/ROUTE DE L'AQUARIUM; -22,3006700000;166,4379400000
202200010832;14;3;2022;18:25;2;974;97409;2;2;1;3;RES DES LONGANIS; -20,9729300000;55,6569000000
202200010847;31;5;2022;16:20;1;69;69264;1;1;1;3;Boulevard Burdeau;45,9978000000;4,7338200000
202200010857;17;3;2022;15:15;1;69;69381;2;3;1;3;Quai Saint Vincent;45,7682558416;4,8156846939
202200010885;19;11;2022;18:45;3;69;69266;2;6;1;2;Rue Gabriel Péri;45,7706200000;4,8634200000
202200010887;13;3;2022;15:30;1;971;97101;2;1;1;4;Frédéric JALTON;16,2764300000; -61,5013100000
202200010937;31;5;2022;07:45;1;49;49246;2;1;1;3;GAULLE RUE CHARLES DE;47,4248700000; -0,5251300000
202200010953;10;11;2022;14:32;1;63;63113;2;8;1;3;JOUHAUX (BD LEON);45,7942700000;3,1172600000
202200010955;30;5;2022;17:00;1;37;37214;2;6;1;3;BORDIERS (RUE DES);47,4189991871;0,6737011671
202200010962;18;11;2022;12:30;1;59;59360;2;4;1;2;MOCQUET GUY RUE;50,6075200000;3,0213800000
202200010968;6;5;2022;10:16;1;36;36044;2;6;1;3;Avenue Bernard Louvet;46,8026700000;1,7040500000
202200010969;17;3;2022;15:40;1;80;80001;2;1;1;7;PETIT MARAIS (du);50,0962498864;1,8372595310
202200010972;30;5;2022;16:35;1;35;35051;2;1;1;3;EPINE (RUE DE LA BELLE);48,1237400000; -1,5978500000
202200010998;14;3;2022;19:00;5;77;77307;2;1;1;3;RUE DE ROME;48,8590500000;2,7583500000
202200011000;30;5;2022;08:25;1;27;27681;2;6;1;3;FOCH (AVENUE DU MARECHAL);49,0966600000;1,4751400000
202200011010;30;5;2022;13:00;1;22;22113;1;4;1;3;MIN COAR (ROUTE DE);48,7445170179; -3,5006590784
202200011014;23;12;2022;23:05;5;987;98714;2;1;1;1;Vaitape; -16,5037830000; -151,7483610000
202200011020;18;11;2022;08:00;2;45;45274;2;6;1;3;D951 PR 86 + 894;47,8679600000;1,9576200000
202200011021;24;12;2022;18:30;3;971;97116;2;1;1;1;Route de Jeanne de Kermadec;16,3244640000; -61,4460720000
202200011024;18;11;2022;18:20;5;44;44109;2;1;1;3;6 Rue du Général de Bollardière;47,2096700000; -1,5294500000
202200011025;24;12;2022;18:30;4;971;97101;1;1;1;2;N5;16,2912660000; -61,5031810000
202200011034;5;10;2022;17:05;1;39;39300;2;3;7;3;225 Route de Besançon;46,6807880000;5,5577610000
202200011050;17;3;2022;16:30;1;69;69264;2;1;1;3;Rue de Belleville;45,9961400000;4,7190700000
202200011059;17;3;2022;09:10;1;67;67482;2;3;1;3;GEORGES WODLI (RUE);48,5893600000;7,7355800000
202200011071;31;5;2022;20:00;1;75;75120;2;2;1;3;BOULEVARD DE CHARONNE;48,8488507416;2,3993348651
202200011083;31;5;2022;18:35;1;75;75118;2;3;1;3;RUE ORDENER;48,8903980000;2,3558270000
202200011092;31;5;2022;19:45;1;75;75117;2;2;1;7;BOULEVARD DE COURCELLES;48,8808550000;2,3125500000
202200011098;11;3;2022;17:00;1;57;57672;2;1;1;6;VAUBAN (AVENUE);49,3619500000;6,1583000000
202200011099;31;5;2022;08:15;1;75;75117;2;7;1;6;RUE DE TILSITT;48,8744331196;2,2929781914
202200011119;31;5;2022;21:05;2;75;75110;2;1;1;6;BOULEVARD DE LA VILLETTE;48,8841760000;2,3658960000
202200011123;31;5;2022;14:00;1;75;75101;2;3;1;3;RUE DE RIVOLI;48,8663949174;2,3234897112
202200011137;17;3;2022;07:20;1;50;50129;2;1;1;6;LECLERC (RUE DU GENERAL);49,6410800000; -1,5947900000
202200011142;19;11;2022;11:00;1;13;13005;2;3;1;3;BEAUDINARD (ROUTE DE);43,2975900000;5,5737900000
202200011144;31;5;2022;19:00;1;94;94003;2;3;1;3;Avenue Laplace;48,8075200000;2,3341400000
202200011150;16;3;2022;18:15;1;49;49007;2;1;2;3;BEAUSSIER BOULEVARD;47,4779600000; -0,5985400000
202200011163;15;3;2022;17:38;1;49;49246;2;1;1;3;HUGO VICTOR RUE;47,4294800000; -0,5279200000
202200011184;25;12;2022;13:00;1;32;32107;2;1;1;7;Chemin du Lion;43,9606890000;0,3798120000
202200011189;14;3;2022;17:30;1;44;44184;2;6;1;3;Rue Gabriel Fauré;47,2700200000; -2,2391200000
202200011193;16;3;2022;15:31;1;37;37195;2;2;2;3;HAUTES MARCHES (RUE DES);47,3847868904;0,6541264057
202200011196;31;5;2022;18:25;1;92;92051;2;2;1;3;ACHILLE PERETTI (AVENUE, N° 90 A 96 ET 9;48,8844380000;2,2689690000
202200011203;16;3;2022;11:33;2;37;37261;2;3;1;6;GIRAUDEAU (RUE);47,3853843665;0,6767293811
202200011205;19;11;2022;16:35;1;75;75115;2;7;1;6;PLACE VIOLET;48,8446680000;2,2905110000
202200011209;19;11;2022;10:20;1;75;75115;2;1;1;3;RUE LERICHE;48,8348340000;2,2952700000
202200011214;18;11;2022;23:00;5;75;75111;2;2;1;3;RUE DE LA ROQUETTE;48,8593370000;2,3868600000
202200011216;31;5;2022;10:52;1;92;92044;2;3;1;3;MARIUS AUFAN(RUE) 69+ ET 80+;48,8959020000;2,2798660000
202200011226;14;3;2022;15:30;1;33;33281;2;6;1;3;Avenue de la Grange Noire;44,8540200000; -0,6772700000
202200011228;3;6;2022;08:45;1;92;92012;2;1;1;3;TRANSVAAL (RUE DU);48,8478800000;2,2406900000
202200011233;17;3;2022;16:20;1;33;33529;2;1;1;3;rue Lagrua;44,6371300000; -1,1541800000
202200011241;25;12;2022;18:05;3;85;85130;1;1;1;4;RD40;46,7565260000; -1,7074569000
202200011245;14;3;2022;12:14;1;28;28085;2;1;1;3;EIFFEL (RUE GUSTAVE);48,4396000000;1,5323100000
202200011254;19;11;2022;12:25;1;93;93001;2;3;1;3;Avenue Jean Jaurès / Rue Emile Dubois;48,9135900000;2,4027500000
202200011257;19;11;2022;15:45;1;92;92062;2;9;1;1;GODEFROY (RUE) DU 1 AU 17;48,8809220000;2,2428730000
202200011258;26;12;2022;15:35;1;48;48016;2;4;7;3;N88;44,4825530000;3,4575980000
202200011283;10;3;2022;16:20;1;22;22113;2;6;1;3;RENAN (AVENUE ERNEST);48,7325100000; -3,4617400000
202200011290;20;11;2022;06:35;1;974;97404;2;6;1;3;Avenue Octave Bénard; -21,2724940000;55,3344870000
202200011293;20;11;2022;10:15;1;974;97414;1;1;1;2;Route nationale 2001; -21,2730590000;55,3899770000
202200011305;14;3;2022;14:29;1;14;14715;2;1;1;6;D513;49,3654580000;0,0841360000
202200011362;17;3;2022;15:55;1;09;09225;2;1;3;3;VICTOR HUGO RUE;43,1155700000;1,6144500000
202200011364;9;5;2022;09:25;1;14;14445;1;1;1;2;D10;49,1985300000; -0,8656900000
202200011369;13;3;2022;11:00;1;06;06123;2;1;2;2;BARONNE ROUTE DE LA;43,7149610000;7,1770700000
202200011371;23;12;2022;12:10;1;88;88413;2;1;2;1;Rue d'ALSACE;48,2771400000;6,9610800000
202200011383;27;4;2022;19:45;1;94;94056;2;2;1;3;Rue Paul Doumer / Rue de Brie;48,6962200000;2,5540500000
202200011397;30;5;2022;17:47;1;01;01261;2;2;1;3;Grande Rue;45,9566530000;4,9403310000
202200011407;17;3;2022;08:30;1;75;75115;2;2;1;3;RUE DE VAUGIRARD;48,8444240000;2,3176900000
202200011409;27;4;2022;08:10;1;93;93027;2;6;1;3;Avenue Jean Jaurès / Rue Rateau;48,9251075831;2,4005877972
202200011413;30;5;2022;09:05;1;31;31044;2;1;1;2;Avenue de Calvel;43,6019310000;1,5075840000
202200011416;30;5;2022;17:50;1;88;88218;1;1;1;7;Route de Gérardmer;48,1400350000;6,7994640000
202200011422;17;3;2022;00:20;5;75;75111;2;1;1;3;RUE RICHARD LENOIR;48,8546539634;2,3823018372
202200011427;31;5;2022;16:10;1;2B;2B353;2;9;1;1;pietranera;42,7128667388;9,4543480514
202200011433;27;4;2022;18:30;1;92;92050;2;1;1;3;BECQUET RUE;48,8977500000;2,1992700000
202200011437;27;4;2022;21:30;5;92;92044;2;4;1;3;ANDRE CITROEN (RUE);48,8985269262;2,2834436595
202200011439;17;3;2022;12:25;1;75;75109;2;3;1;2;RUE CONDORCET;48,8795640000;2,3474270000
202200011447;17;3;2022;15:50;1;75;75108;2;7;1;4;PLACE SAINT AUGUSTIN;48,8746359375;2,3200437427
202200011454;31;5;2022;15:40;1;47;47195;2;2;1;3;88 Allées d Albret;44,1369390000;0,3364990000
202200011467;16;3;2022;16:30;1;94;94068;2;1;1;6;22 Avenue du Raincy;48,7875600000;2,4802800000
202200011481;30;5;2022;14:25;1;50;50353;2;1;1;1;Lieu-dit La Caserne;48,6146700000; -1,5103170000
202200011485;22;3;2022;17:45;1;73;73183;1;4;1;3;Chemin du Lac des Pères;45,5100270000;5,9829620000
202200011487;29;4;2022;07:15;1;89;89239;1;6;1;3;route nationale 60;48,1878060000;3,3185150000
202200011512;24;12;2022;17:00;2;62;62199;2;3;1;2;D341;50,3728000000;2,6368500000
202200011519;16;3;2022;22:00;5;92;92012;2;1;1;3;NATIONALE (RUE) 1/37 - 2/30BIS;48,8254300000;2,2435900000
202200011529;28;4;2022;17:55;1;41;41126;1;3;1;2;D17;47,2819220000;1,3558240000
202200011541;28;4;2022;17:15;1;01;01025;2;2;1;3;D80;46,3371730000;4,9891020000
202200011560;3;9;2022;10:00;1;85;85006;1;1;1;4;RD40;46,7564530000; -1,7151920000
202200011565;10;9;2022;18:50;5;987;98722;2;1;3;3;PK 27.700 C/MONTAGNE TIAREI; -17,5920000000; -149,3910000000
202200011583;29;4;2022;12:15;1;73;73248;2;6;1;3;Avenue du 8 mai 1945;45,2725910000;6,3615560000
202200011605;28;4;2022;17:26;1;60;60149;2;9;1;3;Rue de Beauvais;49,3468990000;2,6796560000
202200011638;8;9;2022;13:35;1;61;61143;2;6;8;7;PONT DU FRESNE (RUE DU);48,4458900000;0,0632100000
202200011645;25;4;2022;09:00;1;974;97416;2;3;1;3;PARADIS (LIGNE) (2); -21,3011700000;55,4574400000
202200011650;10;9;2022;13:30;1;974;97407;1;1;1;7;ROUTE NATIONALE N° 1; -20,9499000000;55,3199000000
202200011668;10;9;2022;17:45;1;64;64284;2;1;1;3;OLLE LAPRUNE;43,2848100000; -0,3877500000
202200011670;10;9;2022;12:20;1;64;64348;2;6;1;3;EUROPE DE L';43,3209940986; -0,3919351101
202200011672;10;9;2022;09:30;1;64;64237;2;6;1;3;D 802;43,2790435022; -0,3755763173
202200011679;1;9;2022;16:08;1;54;54431;1;1;1;7;RD 657 ;48,9220000000;6,0654600000
202200011692;10;9;2022;18:34;1;47;47032;1;9;1;1;CASSOU (Rte de);44,1904320000;0,6854100000
202200011702;10;7;2022;22:10;5;42;42218;2;2;1;3;Rue Chevreul;45,4244500000;4,3930900000
202200011711;26;4;2022;11:00;1;33;33281;2;6;1;3;Avenue du Maréchal Leclerc;44,8370600000; -0,6469200000
202200011713;25;4;2022;16:15;1;33;33032;2;1;1;3;Rue du Maréchal Joffre;44,8983400000; -0,5100600000
202200011730;15;4;2022;12:00;1;13;13201;2;2;1;3;FRANKLIN ROOSEVELT (COURS)   1 A 37;43,2991000000;5,3880200000
202200011741;9;9;2022;05:30;5;75;75115;2;2;1;7;AVENUE EMILE ZOLA;48,8469140000;2,2932750000
202200011744;10;9;2022;10:15;1;75;75111;2;2;2;3;RUE JEAN PIERRE TIMBAUD;48,8648650000;2,3665380000
202200011752;10;9;2022;13:15;1;75;75108;2;3;2;6;AVENUE DES CHAMPS ELYSEES;48,8670800000;2,3161210000
202200011753;26;4;2022;22:28;5;75;75106;2;2;1;3;RUE DE TOURNON;48,8514700000;2,3370590000
202200011754;10;9;2022;03:20;5;75;75109;2;5;8;2;BOULEVARD MONTMARTRE;48,8719770000;2,3400450000
202200011760;26;4;2022;21:10;5;75;75119;2;4;1;3;AVENUE DU BELVEDERE;48,8804677531;2,4071136117
202200011762;26;4;2022;14:20;1;75;75119;2;4;1;6;AVENUE JEAN JAURES;48,8830929655;2,3714549839
202200011767;26;4;2022;17:40;1;75;75118;2;2;1;6;BOULEVARD BARBES;48,8865540000;2,3495580000
202200011769;26;4;2022;20:25;2;75;75115;2;2;1;3;BOULEVARD PASTEUR;48,8429980000;2,3127970000
202200011777;26;4;2022;10:30;1;75;75111;2;2;1;6;BOULEVARD VOLTAIRE;48,8651870000;2,3677300000
202200011781;11;9;2022;10:45;1;63;63084;1;1;1;2;RD 2089;45,7026800000;3,0444410000
202200011793;26;4;2022;08:00;1;94;94068;2;1;1;1;52 Quai du Parc;48,8100100000;2,4991800000
202200011812;25;4;2022;16:40;1;92;92046;2;3;1;3;GABRIEL PERI (BOULEVARD);48,8192182161;2,3009385019
202200011817;11;9;2022;19:15;1;34;34220;1;1;1;2;D148;43,6781380000;3,3468770000
202200011827;11;9;2022;09:30;1;90;90093;2;1;1;7;10 Rue de la Pouchotte;47,6888940000;6,8308030000
202200011849;26;4;2022;12:40;1;2A;2A104;2;1;1;2;D103;41,9208800000;8,9039470000
202200011881;27;4;2022;15:30;1;69;69244;2;6;1;3;Rond-Point des Clarisses;45,7657880000;4,7518780000
202200011903;6;2;2022;01:39;5;76;76322;2;1;1;2;Avenue des Canadiens;49,3920100000;1,0580190000
202200011913;4;2;2022;02:00;5;67;67447;2;3;1;3;BISCHWILLER (ROUTE DE);48,6114281238;7,7510046959
202200011930;6;2;2022;11:18;1;56;56162;1;6;2;3;PENESCLUZ;47,7506500000; -3,4190400000
202200011932;2;9;2022;12:00;1;54;54528;2;9;1;2;GENERAL BIGEARD (AVENUE);48,6685100000;5,8894400000
202200011942;13;10;2022;16:35;1;51;51454;2;6;2;3;Avenue du Maréchal Juin;49,2249400000;4,0177800000
202200011943;2;2;2022;17:20;1;43;43251;2;1;8;6;12 Chemin de la Sermone;45,0361072921;3,8783347607
202200011963;13;10;2022;13:50;1;45;45232;2;2;1;3;D168 PK 1 + 160;47,8462100000;1,8917000000
202200011967;13;10;2022;12:40;1;44;44184;2;6;2;3;21 Boulevard de Sunderland;47,2709500000; -2,2443000000
202200011978;12;10;2022;10:25;1;40;40192;2;1;1;4;PIERRE BENOIT;43,8985500000; -0,5114900000
202200011981;12;10;2022;16:40;1;37;37261;2;6;1;3;ALOUETTE (CARREFOUR DE L');47,3639406519;0,6995901018
202200011988;12;10;2022;13:55;1;34;34172;2;1;1;3;Rue du Grand Saint Jean;43,6044800000;3,8776400000
202200011991;6;2;2022;13:30;1;75;75117;2;2;2;7;RUE LEGENDRE;48,8862040000;2,3177490000
202200011999;7;2;2022;21:40;5;75;75115;2;2;1;6;RUE DU COMMERCE;48,8462000000;2,2951780000
202200012003;7;2;2022;17:20;1;75;75113;2;3;1;3;RUE JEAN ANTOINE DE BAIF;48,8280960000;2,3848520000
202200012012;7;2;2022;11:50;1;75;75110;2;3;1;3;BOULEVARD DE LA VILLETTE;48,8725390000;2,3762450000
202200012023;7;2;2022;11:05;1;75;75107;2;1;1;6;QUAI BRANLY;48,8604704621;2,2952574492
202200012088;7;2;2022;12:25;1;41;41164;2;3;1;3;30 Avenue de la Gare;47,2842930000;1,3832830000
202200012189;27;4;2022;18:25;1;50;50218;2;1;1;3;VENDEENS (AV DES);48,8316400000; -1,5713700000
202200012191;13;10;2022;22:25;5;29;29147;2;1;2;6;5 Route de Bannalec;47,9008110000; -3,5840021000
202200012197;28;6;2022;17:33;1;49;49007;2;1;1;3;MILLOT BOULEVARD JACQUES;47,4540700000; -0,5351500000
202200012200;29;4;2022;18:50;1;33;33063;2;1;1;2;Rue de la Reole;44,8221000000; -0,5672800000
202200012203;14;10;2022;08:05;1;77;77142;2;3;1;7;D33;48,8638150000;2,9031910000
202200012206;29;6;2022;12:05;1;31;31483;2;1;1;3;ADOUE JEAN (RUE);43,1136707940;0,7527163625
202200012216;29;6;2022;17:51;1;25;25056;2;5;1;3;DIDEROT BOULEVARD;47,2477540000;6,0366410000
202200012220;14;10;2022;00:20;5;83;83071;2;1;1;2;Boulevard Louis Bernard;43,1248670000;6,2444830000
202200012225;28;6;2022;20:07;1;10;10081;2;1;1;7;NOZEAUX (RUE);48,3266182603;4,0341281891
202200012239;29;6;2022;17:30;1;75;75116;2;5;1;6;AVENUE PAUL DOUMER;48,8597128496;2,2789737582
202200012242;29;6;2022;18:25;1;75;75115;2;3;1;3;AVENUE DE LA PORTE DE LA PLAINE;48,8292140000;2,2923440000
202200012252;13;10;2022;19:20;2;59;59308;2;3;1;3;128 Rue Verte;50,7472300000;2,5266730000
202200012253;28;6;2022;22:30;5;75;75110;2;2;1;3;BOULEVARD DE MAGENTA;48,8748210000;2,3573760000
202200012256;29;6;2022;09:30;1;75;75109;2;7;1;3;BOULEVARD HAUSSMANN;48,8731430000;2,3313230000
202200012265;29;6;2022;00:30;5;75;75104;2;4;1;3;QUAI DE L HOTEL DE VILLE;48,8559130000;2,3510710000
202200012271;13;10;2022;20:50;5;75;75119;2;3;1;7;AVENUE DE FLANDRE;48,8857870000;2,3709810000
202200012272;27;6;2022;20:30;2;75;75108;2;3;1;3;AVENUE DES CHAMPS ELYSEES;48,8670870000;2,3160510000
202200012276;28;6;2022;20:20;1;75;75107;2;3;1;2;AVENUE BOSQUET;48,8557590000;2,3051260000
202200012296;13;10;2022;19:15;5;75;75111;2;1;2;3;BOULEVARD VOLTAIRE;48,8497020000;2,3937710000
202200012298;12;10;2022;12:00;1;75;75111;2;1;1;5;RUE DE MALTE;48,8677800000;2,3658730000
202200012304;13;10;2022;19:43;5;75;75101;2;3;2;7;RUE DE RIVOLI;48,8660610000;2,3250530000
202200012306;12;10;2022;18:20;1;75;75101;2;2;1;3;RUE DE L AMIRAL DE COLIGNY;48,8599450000;2,3402680000
202200012317;11;10;2022;11:25;1;94;94017;2;1;1;2;54 Avenue Marx Dormoy;48,8097900000;2,5221100000
202200012334;14;6;2022;08:10;1;92;92063;2;1;1;3;CARREY DE BELLEMARE (RUE DU GENERAL);48,8650200000;2,1877500000
202200012337;13;10;2022;19:55;5;92;92046;2;1;2;6;Charles de gaulle;48,8244615236;2,3010448515
202200012339;13;10;2022;09:15;1;92;92072;2;1;2;6;Pont de Sèvres;48,8281820087;2,2261369228
202200012367;29;6;2022;06:55;1;51;51105;2;2;7;3;Rue Charles de Gaulle;49,2628310000;4,1052110000
202200012379;29;6;2022;09:55;1;32;32462;2;1;1;2;Départementale 35, PK 014+200;43,7905710000;0,3046130000
202200012385;28;6;2022;17:20;1;49;49180;1;6;7;3;85 Impasse de l Échangeur;47,4043290000; -0,1132000000
202200012387;10;10;2022;16:00;1;974;97407;2;6;1;3;ROND POINT BUTTE CITRONNELLE; -20,9317700000;55,2968500000
202200012389;27;9;2022;15:05;1;973;97302;2;1;1;6;REPUBLIQUE (BD DE LA);4,9409300819; -52,3228946328
202200012392;30;6;2022;10:45;1;29;29023;1;1;1;1;Lieu dit Le Fransic;48,6436570000; -3,8992880000
202200012394;12;10;2022;12:40;1;69;69386;2;2;1;3;Rue Garibaldi;45,7673400000;4,8507500000
202200012399;29;6;2022;09:50;1;70;70248;1;1;1;3;D16;47,6598050000;6,7356810000
202200012404;29;6;2022;17:15;1;60;60584;2;1;1;7;Rue d Hardilliere;49,2223760000;2,4151250000
202200012407;30;6;2022;15:04;1;04;04081;1;1;1;3;RD 82;43,7610210000;5,9655280000
202200012408;10;10;2022;08:38;1;87;87085;2;1;2;7;JAURES (RUE JEAN);45,8315400000;1,2587100000
202200012434;12;10;2022;08:10;1;77;77438;2;3;1;6;D418;48,8745570000;2,6927040000
202200012442;30;6;2022;09:30;1;02;02574;2;1;2;3;5 Rue de Vervins;49,8951550000;4,0176450000
202200012443;12;10;2022;11:10;1;76;76095;2;6;1;3;Avenue des Hauts Grigneux;49,4668405554;1,1346776783
202200012447;12;10;2022;08:05;1;76;76540;2;4;1;3;Route de Neufchâtel;49,4530200000;1,0988900000
202200012450;12;10;2022;11:30;1;76;76114;2;2;1;2;COTY RENE (RUE);49,5725479816;0,4711970687
202200012453;12;10;2022;14:05;1;69;69091;2;3;1;3;Quai Ethel et Julius Rosenberg;45,5807600000;4,7788200000
202200012454;11;10;2022;10:35;1;67;67218;2;1;1;3;LYON (RTE DE);48,5348900000;7,7245100000
202200012455;11;10;2022;17:00;1;67;67482;2;3;1;3;CLEMENCEAU (BOULEVARD);48,5906700000;7,7459500000
202200012458;31;7;2022;17:05;1;974;97411;2;6;1;3;GERANIUMS (CHEMIN DES); -20,9015200000;55,4803800000
202200012479;30;7;2022;11:45;1;33;33550;2;2;1;3;Route de Léognan;44,7682375777; -0,5796307325
202200012483;31;7;2022;07:35;1;22;22113;2;9;1;1;MIN COAR (ROUTE DE);48,7450790000; -3,4953790000
202200012496;31;7;2022;14:05;1;75;75110;2;2;1;2;RUE DU FAUBOURG DU TEMPLE;48,8705540000;2,3728950000
202200012529;2;10;2022;16:00;1;72;72224;1;1;1;3;Lieu Dit Le Petit Bois;48,0230340000;0,4767040000
202200012536;1;8;2022;15:20;1;46;46185;2;3;1;1;Avenue de Nassogne;44,9337910000;1,6074290000
202200012578;1;8;2022;13:30;1;38;38253;1;1;1;1;D1091;45,0377320000;6,0915540000
202200012591;29;7;2022;19:15;1;77;77142;1;9;1;7;Rue de la Ferme;48,8415240000;2,9190590000
202200012600;30;7;2022;09:20;1;74;74127;1;4;7;1;Route de Chez Portay;46,3560070000;6,5961960000
202200012635;10;2;2022;17:20;1;91;91228;2;1;1;6;BD CHAMPS ELYSEES;48,6266200000;2,4240200000
202200012658;25;7;2022;07:30;1;73;73008;2;6;1;3;BAYE CHEMIN DE LA;45,7028700000;5,9280800000
202200012680;14;11;2022;12:00;1;78;78327;2;1;1;3;AVENUE DE PARIS;48,9883700000;1,8269600000
202200012712;25;7;2022;07:50;1;07;07186;2;6;1;3;;44,7197800000;4,6022400000
202200012717;30;7;2022;08:20;1;06;06069;1;1;1;7;BARTHOU (BOULEVARD ET ESCALIER LOUIS);43,6627200000;6,9221400000
202200012722;30;7;2022;11:30;1;75;75105;2;4;1;3;RUE BUFFON;48,8431770000;2,3641510000
202200012731;30;7;2022;20:05;1;75;75113;2;3;1;2;BOULEVARD DE L HOPITAL;48,8358660000;2,3587740000
202200012734;16;11;2022;17:35;2;51;51454;2;2;2;3;rue de Venise;49,2475500000;4,0337200000
202200012744;17;11;2022;11:25;1;35;35238;2;5;1;3;ROOSEVELT (BD FRANKLIN);48,0972000000; -1,6579000000
202200012751;30;7;2022;16:10;1;93;93007;2;2;1;3;Avenue Charles Floquet / Rue Pégoud;48,9405200000;2,4493000000
202200012758;16;11;2022;16:15;1;31;31483;1;1;1;7;D 9  ROUTE DE LA SERRE DE NEROUS;43,1230500000;0,7111200000
202200012769;24;7;2022;18:40;1;85;85109;2;6;1;3;VC rue Nationale;46,8700060000; -1,0092190000
202200012779;30;5;2022;17:00;1;973;97304;1;2;1;3;Savanes du Matiti;5,0699450000; -52,5952970000
202200012783;31;5;2022;15:10;1;57;57474;2;1;1;3;Rue de Boussange;49,2598860000;6,1582660000
202200012795;30;5;2022;19:15;1;69;69388;2;2;1;2;Avenue Général Frère;45,7284900000;4,8814600000
202200012811;16;11;2022;18:05;5;05;05061;2;4;1;1;EMILE DIDIER ( AV );44,5657600000;6,0932300000
202200012834;27;5;2022;06:50;1;72;72181;2;1;1;2;LOUIS BLANC (QUAI);48,0133600000;0,1993400000
202200012846;18;11;2022;20:00;5;75;75116;2;1;1;1;QUAI SAINT EXUPERY;48,8357490000;2,2630000000
202200012848;18;11;2022;05:55;5;75;75114;2;7;1;3;RUE DU COMMANDANT RENE MOUCHOTTE;48,8374110000;2,3186000000
202200012851;30;5;2022;17:30;1;59;59599;2;2;1;3;VARSOVIE (RUE DE);50,7360092481;3,1638720632
202200012853;2;11;2022;22:15;5;75;75109;2;1;1;6;RUE DU FAUBOURG MONTMARTRE;48,8735900000;2,3428260000
202200012878;30;5;2022;17:45;1;44;44184;2;2;1;3;Rue Emile Littré;47,2781700000; -2,2211900000
202200012881;29;5;2022;16:35;1;44;44184;1;2;1;3;Route de Marsac;47,3000263000; -2,2396267000
202200012886;18;3;2022;08:00;1;06;06059;2;9;1;3;976 Boulevard du Marechal Leclerc;43,7338520000;7,3522620000
202200012887;18;11;2022;19:15;5;93;93048;2;1;1;6;Avenue Pasteur;48,8663756446;2,4360224605
202200012893;16;3;2022;16:34;1;40;40046;2;3;8;5;Avenue de Laouadie;44,4108040000; -1,1711700000
202200012894;18;11;2022;18:55;5;93;93027;2;2;2;3;Boulevard Pasteur / Rue Pierre Curie;48,9209600000;2,3831400000
202200012896;18;3;2022;12:15;1;04;04004;1;1;1;2;RD 952;43,7891270000;6,0284900000
202200012897;18;11;2022;22:20;3;93;93010;2;2;1;3;Avenue Galliéni / Rue Jules Guesde;48,9044000000;2,4731900000
202200012926;30;5;2022;07:00;2;17;17275;1;1;1;3;ROYAN ROUTE DE;45,7372300000; -0,7013500000
202200012938;17;3;2022;18:15;2;67;67411;2;1;1;7;10 Route de Boersch;48,4934370000;7,4607090000
202200012957;17;3;2022;14:10;1;27;27412;1;1;1;5;Route Départementale 313;49,2404940000;1,1133100000
202200012981;22;12;2022;10:35;1;971;97105;2;6;1;3;GASTON FEUILLARD(AVENUE);15,9987268300; -61,7207756639
202200012996;20;12;2022;13:35;1;88;88160;2;1;2;3;DOGNEVILLE (Q. DE);48,1811800000;6,4476400000
202200013004;30;5;2022;09:15;1;75;75116;2;1;1;6;BOULEVARD SUCHET;48,8575430000;2,2647790000