Num_Acc;jour;mois;an;hrmn;lum;dep;com;agg;int;atm;col;adr;lat;long
202200015002;12;3;2022;13:20;1;51;51193;1;1;1;3;D994;49,0125130000;4,5641430000
202200015020;15;3;2022;12:15;1;65;65220;2;4;1;6;2 Rue-des-Pyrénées;43,1649750000;0,0357060000
202200015064;3;2;2022;06:50;2;33;33063;2;1;1;2;Allée Haussmann;44,8656700000; -0,5743400000
202200015090;26;5;2022;22:40;3;74;74180;1;1;1;2;RD60;46,3426760000;6,2920010000
202200015113;22;12;2022;14:50;1;75;75118;2;3;2;3;RUE RAMEY;48,8888229661;2,3465688491
202200015127;3;2;2022;12:20;1;91;91691;2;2;1;3;GABRIEL PERI(RUE) DU N°124 AU N°183;48,6992300000;2,4868700000
202200015134;28;5;2022;11:30;1;56;56195;2;1;1;2;32 Boulevard de Bretagne;47,5211350000; -2,2998760000
202200015135;22;12;2022;12:05;1;75;75114;2;1;2;3;AVENUE DENFERT ROCHEREAU;48,8356190000;2,3335800000
202200015137;3;2;2022;07:05;5;86;86194;2;1;1;1;Boulevard Savari;46,5758200000;0,3817090000
202200015143;22;12;2022;10:02;1;75;75113;2;1;8;3;QUAI D AUSTERLITZ;48,8433070000;2,3659820000
202200015161;22;1;2022;18:52;5;78;78643;1;6;1;3;EUROPE BD DE L';48,9657400000;1,9913900000
202200015217;4;2;2022;18:50;5;59;59512;2;1;1;1;GAMBETTA ( BOULEVARD);50,6924000000;3,1836900000
202200015221;14;3;2022;19:00;5;75;75117;2;1;1;6;RUE DE TOCQUEVILLE;48,8837460000;2,3120840000
202200015235;3;2;2022;12:35;1;56;56162;2;6;1;3;16 Rue de Queven;47,7399800000; -3,4274100000
202200015253;14;3;2022;09:20;1;75;75111;2;3;1;6;BOULEVARD RICHARD LENOIR;48,8600750000;2,3725890000
202200015267;13;3;2022;14:05;1;75;75102;2;2;2;6;PLACE DE LA BOURSE;48,8689140000;2,3401080000
202200015297;4;2;2022;18:10;3;38;38185;2;2;1;3;HOCHE (RUE);45,1859300000;5,7287400000
202200015311;14;3;2022;16:50;1;93;93048;2;1;1;2;Boulevard Rouget de Lisle;48,8602200000;2,4392260000
202200015318;8;9;2022;08:14;1;87;87114;2;2;1;6;ARSONVAL (D');45,8347000000;1,3111500000
202200015333;8;9;2022;16:05;1;77;77445;2;1;1;1;VALLES (AVENUE JULES);48,5943100000;2,5811500000
202200015343;7;9;2022;20:45;2;74;74012;2;1;1;2;VALLEES (ROUTE DES);46,1933000000;6,2425200000
202200015346;7;9;2022;14:00;1;71;71486;2;3;1;3;JEAN JAURES (AVENUE);46,6452300000;4,3418600000
202200015393;7;9;2022;17:27;1;49;49267;2;6;1;3;PLESSIS GRAMMOIRE ROUTE;47,4729000000; -0,4930000000
202200015397;13;3;2022;18:30;1;33;33505;1;1;1;1;;44,7600670000; -0,3153420000
202200015427;8;9;2022;01:15;5;33;33063;2;9;3;3;Rue de Canolle;44,8295100000; -0,6030800000
202200015440;7;9;2022;15:15;1;29;29039;2;1;6;7;Boulevard Katerine Wylie;47,8696800000; -3,9254100000
202200015447;22;12;2022;19:00;3;17;17331;1;1;3;2;Route du Silo;45,4854290000; -0,5799370000
202200015459;21;12;2022;14:20;1;42;42279;2;6;1;3;Route de Bonson;45,5061534095;4,2458950281
202200015471;8;9;2022;08:25;1;07;07102;2;1;1;3;REPUBLIQUE (AV.DE LA) [DU N° AU N°];44,9380500000;4,8696100000
202200015479;4;2;2022;13:00;1;75;75101;2;2;1;2;RUE DE RIVOLI;48,8598970000;2,3439950000
202200015483;4;2;2022;08:20;1;94;94046;2;1;2;3;62 Avenue du Général de Gaulle;48,8082361314;2,4246611594
202200015501;8;9;2022;05:45;5;75;75115;2;2;1;3;RUE DE LA CONVENTION;48,8380310000;2,2946850000
202200015504;22;12;2022;15:25;1;21;21138;1;1;8;2;D976;47,1733930000;5,2936510000
202200015505;8;9;2022;19:25;1;75;75114;2;3;1;7;RUE DU DEPART;48,8418780000;2,3226280000
202200015510;8;9;2022;17:47;1;75;75113;2;2;1;3;AVENUE D ITALIE;48,8261820000;2,3572730000
202200015522;4;2;2022;20:40;5;92;92044;2;1;1;3;VIC. HUGO(RUE)115A149 ET 148A178;48,8988417571;2,2938514352
202200015569;20;12;2022;18:40;5;33;33063;2;1;2;3;Quai de Paludate;44,8281300000; -0,5525000000
202200015576;18;12;2022;07:35;5;92;92078;2;2;1;3;VERDUN AVENUE IMPAIRS 75 AV J JAURES;48,9351300000;2,3288100000
202200015578;8;9;2022;20:00;2;41;41230;1;1;1;2;D 32;47,6102680000;1,2595220000
202200015618;7;9;2022;14:00;1;34;34150;1;1;1;3;Route de Meze PR 8+490;43,3743230000;3,5336520000
202200015627;8;9;2022;16:15;1;44;44075;1;1;1;3;D35;47,6366950000; -1,4385440000
202200015669;8;9;2022;23:00;3;85;85307;2;1;1;6;9 Boulevard de la forêt;46,3315500000; -1,3273920000
202200015673;7;9;2022;21:15;3;37;37179;1;1;2;2;D910;47,4741130000;0,7570370000
202200015678;19;12;2022;16:30;2;69;69383;2;3;1;3;Avenue Félix Faure;45,7532887893;4,8561635613
202200015679;9;9;2022;13:55;1;38;38212;1;1;1;7;D1091;45,0696410000;5,8704010000
202200015691;8;9;2022;08:10;1;13;13015;2;1;1;6;1387 RD8N;43,4264480000;5,3881390000
202200015695;8;9;2022;15:20;1;69;69023;1;1;1;2;Route Départementale 19;46,0290460000;4,6494050000
202200015714;6;9;2022;14:20;1;66;66136;1;6;1;6;;42,7267419460;2,9005622864
202200015732;24;4;2022;14:15;1;94;94041;2;3;1;3;Rue Westermeyer;48,8183300000;2,3953600000
202200015733;6;9;2022;12:00;1;85;85194;2;3;2;3;RD32A;46,4666200000; -1,7314800000
202200015741;5;9;2022;13:15;1;72;72181;2;1;1;3;EDISON THOMAS (RUE);48,0249166137;0,1789140699
202200015751;24;4;2022;15:25;1;92;92024;2;2;1;2;GENERAL LECLERC (BD DU) DE (61 A 9);48,9008272350;2,3158409893
202200015758;23;4;2022;15:45;1;41;41174;1;1;1;6;Mezieres;47,7590890000;1,1583390000
202200015763;25;4;2022;19:55;2;65;65301;1;3;1;3;D632 rue de l'Arros;43,3011810000;0,2181950000
202200015788;16;2;2022;12:42;1;67;67152;1;1;1;7;Rue du 23 Novembre;48,5330930000;7,6916370000
202200015809;26;4;2022;09:25;1;50;50099;2;6;1;2;Rue de Pommenauque;49,3105120000; -1,2620170000
202200015810;27;6;2022;06:30;1;74;74010;2;1;1;3;TOURNETTE (PLACE DE LA/PASSAGE DE LA);45,8979700000;6,1306900000
202200015812;25;6;2022;17:04;1;72;72181;2;3;1;3;EINSTEIN ALBERT (RUE);48,0288151679;0,1737749574
202200015834;27;6;2022;05:40;1;61;61001;2;9;1;7;PONT NEUF (RUE DU);48,4200580000;0,0895440000
202200015835;22;4;2022;14:15;1;974;97407;2;9;1;3;ANGLAIS (CHE DES) - RIVIERE DES GALETS ; -20,9530000000;55,3160000000
202200015854;4;4;2022;09:44;1;83;83061;2;6;1;3;AVENUE ARISTIDE BRIAND;43,4324205321;6,7492611408
202200015860;27;6;2022;09:00;1;35;35238;2;1;1;3;VILLEBOIS MAREUIL (BD);48,1086609803; -1,6537092626
202200015871;19;4;2022;12:40;1;44;44184;2;2;1;3;GUTENBERG (RUE JEAN);47,2802500000; -2,2285300000
202200015874;27;6;2022;14:35;1;14;14243;1;1;1;6;D62;49,3966700000;0,1967490000
202200015878;23;4;2022;23:30;5;33;33063;2;2;1;3;Cours d'Albret;44,8364000000; -0,5810100000
202200015880;27;6;2022;10:05;1;13;13005;2;2;1;1;BOYER (AVENUE ANTIDE);43,2947300000;5,5640900000
202200015890;23;4;2022;18:30;1;75;75106;2;3;1;2;QUAI MALAQUAIS;48,8578125330;2,3352950066
202200015892;23;4;2022;10:15;1;75;75119;2;1;1;3;AVENUE CORENTIN CARIOU;48,8968771487;2,3846420063
202200015895;23;4;2022;12:20;1;75;75116;2;3;1;2;RUE LE MAROIS;48,8388030000;2,2613190000
202200015898;27;6;2022;17:40;1;75;75106;2;3;1;6;BOULEVARD DU MONTPARNASSE;48,8423940000;2,3284050000
202200015900;27;6;2022;12:15;1;75;75106;2;1;1;2;RUE DE TOURNON;48,8507480000;2,3371490000
202200015901;23;4;2022;00:10;5;75;75111;2;5;1;3;RUE DU CHEMIN VERT;48,8628871975;2,3872338673
202200015907;27;6;2022;10:10;1;75;75119;2;2;1;3;AVENUE DE FLANDRE;48,8911320000;2,3775720000
202200015910;27;6;2022;16:10;1;75;75116;2;7;1;3;PLACE VICTOR HUGO;48,8696380000;2,2856520000
202200015919;27;6;2022;13:55;1;75;75111;2;2;1;3;AVENUE DE LA REPUBLIQUE;48,8646040000;2,3780520000
202200015921;26;6;2022;12:45;1;75;75111;2;2;1;6;BOULEVARD RICHARD LENOIR;48,8577960000;2,3709360000
202200015941;23;4;2022;14:30;1;92;92050;2;2;1;1;VAILLANT COUTURIER PAUL RUE;48,8825225594;2,2044696361
202200015947;27;6;2022;18:50;1;92;92026;2;9;1;6;LOUIS ULBACH (DE 16 A FIN);48,9019044435;2,2639952302
202200015964;24;4;2022;10:25;1;30;30282;1;2;8;3;;44,1352910000;4,4748800000
202200015973;15;6;2022;22:15;3;34;34194;1;1;1;1;Route de Pezenas;43,5359768891;3,4550525048
202200015990;25;4;2022;15:20;1;26;26166;2;2;1;1;boulevard frederic mistral;44,7533660000;4,8176040000
202200015993;22;4;2022;13:13;1;66;66124;2;1;1;7;Boulevard Francois Arago;42,4988310000;2,0322020000
202200016011;11;10;2022;08:55;1;75;75117;2;3;1;6;RUE DES DAMES;48,8852310000;2,3254120000
202200016021;11;10;2022;10:15;1;75;75116;2;1;1;1;VOIE GEORGES POMPIDOU;48,8394800000;2,2672900000
202200016024;11;10;2022;15:30;1;75;75115;2;1;1;3;PORT DE JAVEL BAS;48,8426040000;2,2730720000
202200016043;28;6;2022;17:00;1;69;69094;2;3;7;3;Route du Col de la Luère;45,7491990000;4,6861410000
202200016049;11;10;2022;18:20;2;75;75107;2;1;1;7;RUE DES SAINTS PERES;48,8556050000;2,3310890000
202200016051;11;10;2022;18:15;1;75;75104;2;1;1;3;QUAI AUX FLEURS;48,8532080000;2,3521360000
202200016058;23;4;2022;11:00;1;44;44204;1;6;1;3;760 Rue des Etangs;47,2803070000; -1,4516550000
202200016061;4;4;2022;17:00;1;44;44172;2;1;1;2;Route de Paris;47,2737240000; -1,4715560000
202200016085;11;10;2022;11:10;1;93;93048;2;2;1;3;Avenue Gabriel Péri / Rue Carnot;48,8571878611;2,4411794999
202200016089;22;4;2022;20:00;5;974;97409;2;9;3;3;CAMBUSTON (rue de); -20,9326170000;55,6484550000
202200016104;22;4;2022;12:40;1;69;69034;2;2;1;1;37 Chemin de Crépieux;45,8010200000;4,8551800000
202200016115;21;4;2022;12:40;1;95;95277;1;1;1;3;RD 317;48,9787200000;2,4650700000
202200016168;8;10;2022;15:15;1;71;71460;2;3;1;5;645 Route de Peronne;46,4273420000;4,7842780000
202200016201;5;10;2022;10:45;1;83;83023;1;1;1;2;;43,4023860000;6,0988390000
202200016205;11;10;2022;14:17;1;86;86123;1;1;1;7;D6;46,5697870000;0,0206960000
202200016207;5;10;2022;09:15;1;85;85016;2;4;1;3;1 Rue du jaunay;46,6760457094; -1,6124160703
202200016209;11;10;2022;12:15;1;14;14762;2;1;1;6;Rue Charles Tellier;48,8569080000; -0,8801260000
202200016232;10;10;2022;13:20;1;75;75119;2;1;1;2;AVENUE MATHURIN MOREAU;48,8781750000;2,3721240000
202200016234;10;10;2022;10:20;1;75;75116;2;1;1;3;BOULEVARD FLANDRIN;48,8650620000;2,2724550000
202200016236;10;10;2022;11:30;1;75;75114;2;3;1;3;BOULEVARD JOURDAN;48,8205490000;2,3374130000
202200016254;10;10;2022;09:00;1;92;92072;2;2;1;7;GRANDE RUE;48,8254000000;2,2158000000
202200016259;11;10;2022;15:05;1;73;73085;1;1;1;3;D991b;45,7926109584;5,8626155555
202200016267;11;10;2022;14:53;1;82;82025;1;2;1;2;1337 route de montech;43,9578340000;1,2866460000
202200016270;11;10;2022;16:30;1;39;39445;1;3;1;3;;46,6372440000;5,6289510000
202200016285;8;10;2022;19:00;5;987;98715;2;1;1;3;RT1 pamatai; -17,5541750000; -149,5883950000
202200016291;21;8;2022;09:21;1;13;13014;2;3;1;1;Avenue Ambroise Croizat;43,4814690000;5,1705050000
202200016292;11;10;2022;16:15;1;71;71481;2;1;1;1;Rue de la Tour;46,1969580000;4,7578950000
202200016295;10;10;2022;15:08;1;57;57360;2;1;1;2;Rue de Forbach;49,1663320000;6,9623820000
202200016296;11;10;2022;08:40;1;38;38124;1;1;1;3;D1075;45,5965110000;5,5358430000
202200016301;11;10;2022;08:05;2;64;64407;1;1;9;7;1849 Chemin de Cigaro;43,4819300000; -1,4222100000
202200016322;16;11;2022;07:30;3;33;33318;2;2;2;3;Avenue de Magellan;44,7907339839; -0,6572431326
202200016326;15;11;2022;18:00;5;27;27681;2;3;2;3;ARDECHE (AVENUE DE L');49,0867700000;1,4803000000
202200016330;16;11;2022;20:50;5;10;10387;2;1;2;3;FAUBOURG CRONCELS (RUE DU);48,2782223739;4,0818688273
202200016336;14;11;2022;11:50;1;03;03310;2;2;1;3;Rue de la Cascade;46,1124420000;3,4438820000
202200016349;16;11;2022;13:43;1;75;75118;2;2;1;6;BOULEVARD BARBES;48,8838560000;2,3447600000
202200016351;16;11;2022;13:50;1;75;75116;2;6;1;3;ROUTE DE LA PTE DES SABLONS A LA PTE MAI;48,8775090000;2,2699030000
202200016359;16;11;2022;09:05;1;75;75102;2;4;8;3;RUE GRENETA;48,8654810000;2,3532290000
202200016360;15;11;2022;10:20;1;75;75104;2;2;2;3;RUE SAINT ANTOINE;48,8539730000;2,3647970000
202200016377;16;11;2022;12:15;1;94;94071;2;6;1;3;Route de la Queue-en-brie / Avenue Gabriel Péri;48,7615026216;2,5332391262
202200016383;29;7;2022;13:30;1;35;35023;1;1;1;2;Citois;48,1966420000; -1,9402770000
202200016397;30;7;2022;11:00;1;64;64436;2;3;1;3;D918;43,2347450000; -1,2968910000
202200016398;16;11;2022;08:50;1;92;92050;2;2;1;3;SAINT CLOUD RUE DE;48,8857200000;2,2010400000
202200016406;16;11;2022;08:05;1;92;92002;2;1;8;4;ADOLPHE PAJEAUD (RUE);48,7397380092;2,2785360217
202200016434;30;7;2022;03:00;5;987;98753;2;1;1;6;QUAI DE MATAURA; -23,3730000000; -149,4630000000
202200016464;30;7;2022;17:00;1;42;42121;1;4;7;3;Route de Roche;45,5998070000;3,9572880000
202200016471;28;7;2022;19:45;1;56;56237;1;6;1;3;Rue Joseph Quilliou;48,0405620000; -2,9492420000
202200016484;27;7;2022;16:40;1;971;97113;2;1;1;3;ROGER ZAMI;16,2114980922; -61,5007460117
202200016507;28;7;2022;18:30;1;69;69388;2;2;1;3;Rue Marius Berliet;45,7396000000;4,8657300000
202200016515;27;7;2022;15:10;1;69;69382;2;2;1;3;Rue Delandine;45,7468648572;4,8273481590
202200016527;7;9;2022;09:46;1;22;22224;2;6;2;3;;48,7215900000; -3,4811000000
202200016531;26;7;2022;16:50;1;83;83034;2;1;1;3;BOULEVARD DE LA LIBERTÉ;43,0925100000;6,0770300000
202200016541;11;11;2022;04:40;2;987;98735;1;1;1;3;POMARE V (AVENUE); -17,5308000000; -149,5631730000
202200016555;28;7;2022;11:35;1;54;54547;2;1;1;2;PARME (RUE DE);48,6605514561;6,1718219519
202200016565;27;7;2022;14:25;1;37;37214;2;1;1;4;DE GAULLE (BD CHARLES);47,4247700000;0,6562000000
202200016591;15;11;2022;15:00;1;69;69029;2;2;2;1;Rue Hélène Boucher;45,7461600000;4,9234700000
202200016597;28;7;2022;14:48;1;11;11069;2;1;1;2;;43,2177400000;2,3527400000
202200016604;28;7;2022;08:10;1;05;05061;2;6;1;3;CHARLES AUROUZE ( RUE );44,5637907492;6,0785937309
202200016615;28;7;2022;16:30;1;75;75120;2;3;1;3;RUE DE BAGNOLET;48,8596700000;2,4031000000
202200016620;28;7;2022;15:00;1;75;75119;2;3;1;3;AVENUE DE FLANDRE;48,8857890000;2,3709780000
202200016623;22;5;2022;03:20;5;14;14349;2;2;1;7;D41;49,0798820000; -0,4010120000
202200016625;27;7;2022;18:30;1;75;75119;2;1;1;3;RUE DE CRIMEE;48,8883680000;2,3793950000
202200016642;14;11;2022;14:50;1;51;51172;2;6;1;3;Rue Aristide Briand;49,2165000000;4,0510700000
202200016658;10;11;2022;09:52;1;49;49007;2;1;1;7;ARENES;47,4679600000; -0,5488500000
202200016683;28;7;2022;20:10;1;94;94015;1;1;1;3;Boulevard Pasteur;48,8327900000;2,5296700000
202200016708;27;5;2022;15:00;1;37;37189;1;1;1;6;D104;46,8381706454;0,9224116802
202200016715;28;7;2022;16:00;1;93;93057;2;2;1;3;Avenue Jean Jaurès / Avenue Franklin;48,9028550000;2,5083030000
202200016725;3;2;2022;08:30;1;83;83069;2;1;1;6;VILETTE (CHEMIN DE LA);43,1051300000;6,1273100000
202200016751;2;2;2022;17:00;1;69;69266;2;1;1;6;Rue Antonin Perrin;45,7604300000;4,8848800000
202200016755;28;7;2022;17:52;1;54;54235;2;3;1;1;Rue de Herbinchamp;48,4956491370;6,0145908602
202200016766;2;2;2022;14:01;1;63;63113;2;1;1;3;MITTERRAND (BD FRANCOIS);45,7713500000;3,0834200000
202200016783;3;2;2022;15:30;1;44;44109;2;1;2;6;Place du Cirque;47,2175790000; -1,5574090000
202200016808;29;7;2022;10:20;1;82;82019;1;1;1;2;Route des deux mers;44,0948820000;1,0527240000
202200016809;3;2;2022;13:52;1;29;29039;2;8;8;7;Quai Carnot;47,8749400000; -3,9168900000
202200016834;11;5;2022;18:45;1;33;33234;2;1;1;3;;44,7841730000; -0,5052530000
202200016858;27;7;2022;17:30;1;44;44010;2;4;7;3;1 rue de ker d'abas;47,2759240000; -2,4861070000
202200016862;27;5;2022;11:45;1;83;83115;2;1;1;5;185 Route du Plan de la Tour;43,3271950000;6,6066030000
202200016863;3;2;2022;13:55;1;75;75119;2;4;1;2;AVENUE JEAN JAURES;48,8828890000;2,3706070000
202200016890;26;5;2022;10:10;1;68;68106;2;1;1;6;19 rue principale;47,8738350000;7,1053000000
202200016898;13;3;2022;21:35;5;988;98818;2;3;1;3;RUE JEAN CHALIER/RUE JACQUES IEKAWE; -22,2483400000;166,4637700000
202200016906;3;2;2022;08:15;1;75;75115;2;4;1;3;RUE DE LA CONVENTION;48,8383500000;2,2939580000
202200016917;2;2;2022;14:38;1;75;75108;2;7;1;2;PLACE DE LA CONCORDE;48,8667780000;2,3219930000
202200016927;13;3;2022;18:15;1;91;91589;2;2;2;3;AV JEAN ALLEMANE;48,6877340000;2,3409600000
202200016930;2;2;2022;13:00;1;94;94052;2;2;1;6;Avenue Georges Clémenceau;48,8363600000;2,4698600000
202200016936;11;2;2022;11:10;1;83;83118;2;1;1;3;PLACE SADI CARNOT;43,4252499322;6,7688065320
202200016937;28;5;2022;17:10;1;69;69272;2;9;1;3;45 Rue du Mazet;45,6102210000;4,8392420000
202200016940;12;3;2022;15:10;1;77;77059;2;1;1;3;AVENUE DE L'EUROPE;48,8415900000;2,6620800000
202200016941;27;5;2022;13:50;1;69;69094;2;6;7;3;Le Tupinier;45,7466700000;4,7034500000
202200016944;28;5;2022;14:30;1;46;46288;1;1;1;6;Pech de Saint Perdoux;44,6738020000;2,0461080000
202200016968;24;5;2022;10:30;1;56;56178;2;1;1;6;22 Rue d Iéna;48,0631430000; -2,9659370000
202200016982;18;12;2022;07:13;4;69;69389;2;1;1;1;Rue de Saint-Cyr;45,7883100000;4,8082200000
202200016984;12;3;2022;15:50;1;37;37261;2;1;1;5;COMMERCE (RUE DU);47,3950700000;0,6850200000
202200016992;3;2;2022;16:20;1;26;26272;2;4;1;3;D327, intersection rouvillane;44,5160470000;4,8605170000
202200017012;28;5;2022;00:24;5;69;69387;2;3;1;3;Avenue Tony Garnier;45,7267300000;4,8317900000
202200017027;21;12;2022;09:45;1;91;91286;2;1;8;1;CONDORCET (RUE);48,6474800000;2,3754900000
202200017030;19;12;2022;17:35;5;91;91434;2;1;1;3;DOCTEUR ROUX (IMPAIRS SUPERIEUR AU 95);48,6632300000;2,3584200000
202200017046;13;3;2022;18:55;2;75;75105;2;2;2;3;BOULEVARD SAINT MICHEL;48,8514020000;2,3431850000
202200017082;13;3;2022;16:20;1;75;75115;2;3;2;1;AVENUE EMILE ZOLA;48,8462240000;2,2794120000
202200017086;19;12;2022;18:30;5;78;78029;1;6;9;2;AVENUE DE L'UNION;48,9594410000;1,8407340000
202200017106;4;2;2022;10:30;1;81;81105;2;2;1;3;Pont des Voutes;43,7694360000;1,9986530000
202200017108;19;12;2022;14:00;1;77;77464;2;6;1;3;D418 / D105B;48,8990400000;2,7133800000
202200017112;14;3;2022;19:20;3;59;59016;1;3;1;3;Rue de la Petite Chapelle;50,9783110000;2,3601130000
202200017123;12;3;2022;11:00;1;51;51282;1;6;1;3;D27;49,2519800000;3,9237710000
202200017127;2;2;2022;15:00;1;60;60402;2;2;1;3;Rue du Tourteret;49,3579980953;2,7551522254
202200017128;10;3;2022;22:44;5;69;69292;2;1;1;1;Boulevard des Oiseaux;45,8150570000;4,8667070000
202200017135;14;3;2022;14:00;1;89;89345;1;1;1;3;Avenue du 19 mars 1962;47,9920110000;3,7343110000
202200017141;28;5;2022;10:20;1;81;81004;2;6;1;2;MAQUIS (PL DU);43,9268000000;2,1535400000
202200017143;16;12;2022;16:05;1;76;76414;1;9;8;3;ARQUES (GIRATOIRE DE L');49,9071700000;1,1059600000
202200017156;6;9;2022;19:50;2;67;67482;2;1;1;3;SAINTE MARGUERITE (RUE);48,5807500000;7,7373700000
202200017161;6;9;2022;08:45;1;67;67482;2;3;1;3;METZERAL (RUE DE);48,5707500000;7,7697500000
202200017178;3;9;2022;11:56;1;66;66136;1;6;1;6;;42,6582228249;2,8846675158
202200017188;2;2;2022;12:40;1;69;69386;2;1;1;3;Rue Vauban;45,7656268727;4,8515260220
202200017194;28;5;2022;09:50;1;74;74013;2;1;1;6;CROISEE (ROUTE DE LA);46,3547800000;6,4348600000
202200017200;14;1;2022;17:50;5;95;95574;2;1;2;7;BOIS JOLY (AVENUE DU);49,0051000000;2,2695000000
202200017205;1;2;2022;19:58;5;87;87085;2;3;2;6;TOULOUSE (RUE DE);45,8249000000;1,2747700000
202200017206;26;5;2022;23:37;5;74;74010;2;1;1;3;PRESIDENT FAVRE;45,9029900000;6,1261000000
202200017216;27;5;2022;16:25;1;72;72181;2;1;1;3;ZAMENHOF DOCTEUR (AV DU);48,0174900000;0,2180100000
202200017217;3;3;2022;21:45;5;69;69204;2;3;1;3;93 Avenue Maréchal-Foch;45,6869810000;4,7863270000
202200017219;2;2;2022;11:45;1;86;86194;2;1;8;3;Avenue de Nantes;46,5855840000;0,3331120000
202200017239;6;9;2022;08:30;1;59;59350;2;1;1;6;CORDONNIER RUE DENIS;50,6222341872;3,0850405991
202200017246;25;5;2022;14:01;1;66;66136;2;3;1;3;APOLINAIRE GUILLAUME;42,7088600000;2,8889400000
202200017250;29;8;2022;19:00;1;42;42103;2;1;1;1;Route de Combérigol;45,5068900000;4,5570000000
202200017263;18;12;2022;22:05;5;64;64102;2;1;1;2;Avenue Maréchal Soult;43,4847600000; -1,4963300000
202200017265;27;5;2022;17:15;1;64;64445;2;1;1;3;boulevard corps franc Pommiès 49 RI;43,3068500000; -0,3346900000
202200017280;28;5;2022;14:00;1;62;62774;2;3;1;3;D243E3;50,9439520000;1,7463750000
202200017283;7;12;2022;18:53;4;63;63113;2;2;1;3;BLATIN (RUE);45,7768300000;3,0786500000
202200017295;25;5;2022;07:30;1;59;59588;1;1;1;1;UXEM CD 2 - ROUTE;51,0108100000;2,4568400000
202200017296;12;8;2022;11:15;1;17;17299;1;1;1;3;MILLE PATTES BOULEVARD DES;45,9232100000; -0,9722900000
202200017299;26;5;2022;15:30;1;57;57306;2;6;1;2;LIBERTE (ESPLANADE DE LA);49,3200000000;6,0600000000
202200017311;7;9;2022;08:20;1;13;13001;2;1;1;6;MALACRIDA HENRI (AV);43,5141743669;5,4700974024
202200017350;12;3;2022;03:52;5;73;73008;2;6;1;1;D991 / D 48 INNOCENT SAINT ROUTE DE;45,7132300000;5,8933300000
202200017352;7;9;2022;17:17;1;75;75107;2;3;2;3;QUAI BRANLY;48,8606440000;2,2954560000
202200017356;6;9;2022;19:20;1;75;75104;2;3;1;7;RUE SAINT ANTOINE;48,8550510000;2,3616480000
202200017364;12;3;2022;01:20;5;59;59350;2;2;1;3;CAMBRAI RUE DE N°PAIRS;50,6243400000;3,0696700000
202200017373;17;12;2022;15:15;1;56;56121;2;1;1;3;LECLERC ( BD GENERAL );47,7488000000; -3,3657000000
202200017381;5;9;2022;11:20;1;92;92072;2;1;1;7;TROYON (RUE);48,8250782538;2,2281759381
202200017393;6;9;2022;09:40;1;92;92049;2;1;1;7;BARBES RUE;48,8173600000;2,3268900000
202200017401;7;9;2022;20:00;1;92;92040;2;9;2;7;STALINGRAD (QUAI DE);48,8235874932;2,2554990649
202200017407;12;3;2022;03:32;3;17;17333;1;1;1;1;EXPRESS (VOIE);45,6150760000; -0,9865360000
202200017420;20;12;2022;08:28;1;49;49007;2;1;2;1;LARREY;47,4787700000; -0,5561500000
202200017439;8;9;2022;10:30;1;34;34147;1;1;1;6;D909;43,4662600000;3,2090470000
202200017456;8;9;2022;13:45;1;38;38386;2;3;1;3;Route de la Balme;45,4657180000;5,6517470000
202200017467;18;12;2022;19:10;5;38;38421;2;2;1;3;AVENUE GABRIEL PÉRI;45,1841900000;5,7684700000
202200017479;20;12;2022;15:00;1;37;37261;2;1;1;3;ROYER (BD JEAN);47,3814398096;0,6830942631
202200017487;12;3;2022;19:10;5;94;94038;2;2;1;1;Avenue des Dahlias;48,7779900000;2,3526800000
202200017489;20;12;2022;08:00;5;35;35238;2;6;2;3;FORCES FRANCAISES DE L'ONU (ROND POINT);48,0893800000; -1,6820000000
202200017504;12;3;2022;15:40;1;92;92004;2;1;1;2;COLOMBES ( RUE DE 31 A );48,9156700000;2,2765900000
202200017509;4;9;2022;12:10;1;38;38111;1;1;1;1;Chemin de Savoyères;45,1066210000;5,6501480000
202200017521;19;12;2022;17:15;2;33;33063;2;3;1;3;Rue de Lisleferme;44,8543600000; -0,5908500000
202200017532;21;12;2022;12:05;1;33;33529;2;1;1;1;MIQUELOTS (BD DES);44,6106470000; -1,1454120000
202200017538;17;12;2022;19:05;3;31;31555;2;1;1;6;AV D ATLANTA;43,6330120000;1,4742300000
202200017549;6;9;2022;17:49;1;33;33249;2;1;7;4;Avenue Carnot;44,8642900073; -0,5195143819