Num_Acc;jour;mois;an;hrmn;lum;dep;com;agg;int;atm;col;adr;lat;long
202200017550;20;12;2022;19:50;5;29;29019;2;2;1;3;rue Broussais;48,4222830691; -4,4941210460
202200017565;5;9;2022;22:50;5;973;97302;2;2;1;7;RABAN (ROUTE DE);4,9310725531; -52,3132333159
202200017569;4;9;2022;08:35;1;971;97101;1;1;1;2;RN11;16,2732800000; -61,5172100000
202200017578;3;9;2022;11:45;1;87;87085;2;1;1;7;SCHUMAN (BOULEVARD ROBERT);45,8564000000;1,2702600000
202200017587;19;12;2022;19:35;5;17;17306;2;1;1;1;Avenue de l'Oasis;45,6229690000; -1,0169660000
202200017588;5;9;2022;13:30;1;77;77326;2;1;1;3;D151;48,5879600000;2,5632900000
202200017601;6;9;2022;17:20;1;72;72181;2;1;1;3;EDISON THOMAS (RUE);48,0247204823;0,1788568495
202200017606;6;9;2022;17:40;1;69;69092;2;6;8;7;515 Boulevard Roger Salengro;46,0007700000;4,7175100000
202200017616;6;9;2022;13:35;1;51;51172;2;6;1;3;Place de l'humanisme;49,2196246968;4,0413057804
202200017617;6;9;2022;07:50;1;51;51454;2;1;1;3;rue Léon Faucher;49,2700700000;4,0438900000
202200017621;6;9;2022;11:05;1;43;43157;1;1;1;7;17 Avenue D 'Ours Mons;45,0403400000;3,8939000000
202200017633;22;4;2022;16:45;1;31;31555;2;1;1;3;STRASBOURG (BD DE) DU 1AU 33;43,6071530000;1,4471580000
202200017635;21;4;2022;17:40;1;29;29232;1;6;1;3;Boulevard d'Ergue-Armel;47,9836400000; -4,0747700000
202200017642;19;4;2022;13:00;1;22;22113;2;6;1;3;BRANLY (RUE EDOUARD);48,7573110227; -3,4516167641
202200017643;6;9;2022;19:25;1;31;31555;2;1;1;3;AV JOLIOT CURIE;43,5579800000;1,4258000000
202200017660;6;9;2022;07:25;2;22;22187;1;1;1;1;VIADUC (RUE DU);48,5271410000; -2,7697310000
202200017661;5;9;2022;18:19;1;17;17300;2;2;1;3;GRANDES VARENNES   AVENUE DES;46,1713000000; -1,1770000000
202200017662;21;4;2022;22:23;5;75;75106;2;3;1;1;QUAI DE CONTI;48,8561330682;2,3403940007
202200017681;22;4;2022;18:45;1;75;75114;2;1;1;3;BOULEVARD BRUNE;48,8253570000;2,3162520000
202200017696;22;4;2022;10:28;1;75;75112;2;3;1;3;PLACE LACHAMBEAUDIE;48,8357120000;2,3861100000
202200017702;26;6;2022;11:00;1;75;75105;2;5;1;3;PONT SAINT MICHEL;48,8537480000;2,3442960000
202200017703;22;4;2022;16:40;1;75;75102;2;4;1;6;RUE ETIENNE MARCEL;48,8648030000;2,3451240000
202200017704;26;6;2022;17:00;1;75;75119;2;3;1;2;AVENUE DE FLANDRE;48,8858120000;2,3706430000
202200017705;22;4;2022;12:45;1;75;75104;2;3;1;7;RUE SAINT ANTOINE;48,8543087355;2,3637461464
202200017706;26;6;2022;14:15;1;75;75115;2;2;1;3;RUE DE LOURMEL;48,8421680000;2,2855480000
202200017710;26;6;2022;20:35;1;75;75108;2;7;1;3;PLACE CHARLES DE GAULLE;48,8738380000;2,2960210000
202200017712;26;6;2022;19:40;1;75;75104;2;4;1;3;QUAI HENRI IV;48,8473300000;2,3648000000
202200017713;26;6;2022;16:10;1;75;75101;2;3;1;6;RUE DE RIVOLI;48,8632120000;2,3337770000
202200017750;26;6;2022;16:30;1;84;84069;1;1;1;1;Route du Mont Ventoux - CD 974;44,1810660000;5,1342900000
202200017756;23;4;2022;17:30;1;36;36093;2;1;8;3;Chemin de la Piscine;46,9845950000;1,6086840000
202200017758;23;4;2022;22:30;3;76;76210;1;1;1;3;Route de Saint Nicolas;49,8630520000;1,1988830000
202200017770;24;6;2022;16:00;1;80;80240;2;1;1;5;Route de Péronne;49,9320390000;2,9542550000
202200017783;27;6;2022;14:55;1;55;55146;1;1;8;6;D123;49,3125890000;5,2524950000
202200017849;26;6;2022;18:51;1;38;38059;1;1;1;3;4799 D5;45,1085220000;5,7900420000
202200017851;26;6;2022;17:40;1;01;01249;2;9;1;6;Rue Joseph Carre;45,8256830000;4,9537230000
202200017855;25;6;2022;09:59;1;50;50099;2;1;1;1;8 Route de Saint-Côme;49,3067730000; -1,2524470000
202200017887;21;4;2022;12:19;1;60;60057;2;9;1;3;Boulevard Aristide Briand;49,4265922356;2,0820245147
202200017891;25;6;2022;13:40;1;974;97416;1;3;1;5;RN1 (ROUTE NATIONALE); -21,3159020000;55,4415360000
202200017902;20;4;2022;20:29;1;56;56121;2;6;1;3;MARIENNE ( AV CAPITAINE );47,7411700000; -3,3957100000
202200017914;25;6;2022;15:30;1;91;91645;2;3;2;3;PARON (RUE DE);48,7468300000;2,2676400000
202200017986;21;4;2022;09:03;1;75;75108;2;7;1;3;PLACE CLEMENCEAU;48,8677531599;2,3139700065
202200017988;21;4;2022;10:50;1;75;75104;2;2;1;3;RUE SAINT ANTOINE;48,8537439870;2,3656787486
202200017997;25;6;2022;20:33;2;75;75106;2;3;1;6;BOULEVARD SAINT MICHEL;48,8518330000;2,3433930000
202200017998;21;4;2022;11:55;1;93;93070;2;1;1;3;Boulevard Jean Jaurès;48,9141600000;2,3365800000
202200018002;20;4;2022;12:28;1;93;93006;2;3;1;3;Avenue du Général de Gaulle / Avenue des Camélias;48,8660180000;2,4178330000
202200018015;25;6;2022;14:15;1;75;75109;2;5;2;3;BOULEVARD DE ROCHECHOUART;48,8831360000;2,3468970000
202200018060;7;10;2022;13:00;1;49;49099;2;6;1;2;SAO (PLACE DE);47,0393200000; -0,8854900000
202200018061;9;10;2022;13:55;1;49;49007;2;2;1;3;GAIN ( LOUIS);47,4685300000; -0,5386700000
202200018080;9;10;2022;10:30;1;75;75119;2;2;1;3;AVENUE DE LA PORTE DU PRE SAINT GERVAIS;48,8819980000;2,4024880000
202200018084;9;10;2022;19:18;5;75;75113;2;2;1;3;RUE DE TOLBIAC;48,8261650000;2,3572750000
202200018086;9;10;2022;16:10;1;75;75111;2;2;1;3;BOULEVARD VOLTAIRE;48,8597540000;2,3768590000
202200018087;9;10;2022;13:35;1;75;75101;2;2;1;3;RUE DE RIVOLI;48,8609330000;2,3408560000
202200018090;9;10;2022;18:55;2;94;94022;2;2;1;2;Avenue du Marechal de Lattre de Tassigny / Avenue des Tilleuls;48,7526100000;2,4057100000
202200018092;9;10;2022;18:45;1;93;93064;2;3;1;3;Avenue du Général de Gaulle / Centre Commercial Westfield Rosny 2;48,8848800000;2,4735000000
202200018095;9;10;2022;10:00;1;93;93057;2;1;1;1;Allée des Martyrs;48,9100869285;2,5185791641
202200018097;9;10;2022;12:30;1;92;92073;2;2;1;3;CARON (RUE ALBERT);48,8651500000;2,2086000000
202200018098;8;10;2022;16:05;1;35;35245;1;1;1;3;le Saut Bois;48,2161149787; -1,8342635036
202200018107;9;10;2022;21:30;5;19;19229;1;1;1;2;D1089 PK121+5;45,1404740000;1,4605160000
202200018170;8;10;2022;08:45;1;76;76410;2;1;1;1;Rue Paul Painleve;49,4840455357;1,0420512139
202200018177;8;10;2022;10:30;1;59;59328;1;6;1;3;ALLIANCE NORD OUEST BVD DE L;50,6564849417;3,0311912298
202200018191;7;10;2022;08:50;1;14;14118;1;6;7;6;D401;49,2031440000; -0,3909840000
202200018199;8;10;2022;20:52;5;75;75117;2;2;1;2;AVENUE DE CLICHY;48,8905720000;2,3202100000
202200018205;8;10;2022;00:30;5;75;75112;2;2;1;3;AVENUE DAUMESNIL;48,8472990000;2,3753180000
202200018208;8;10;2022;04:35;5;75;75104;2;2;1;3;RUE DE RIVOLI;48,8575320000;2,3513530000
202200018217;8;10;2022;14:30;1;92;92063;2;3;1;7;SAINTE-CLAIRE DEVILLE (RUE HENRI);48,8918894500;2,1744373441
202200018221;8;10;2022;07:30;2;92;92002;2;3;1;3;EGLISE (RUE DE L');48,7520500000;2,2968400000
202200018223;8;10;2022;18:50;1;41;41223;1;1;7;6;D135;47,6083480000;1,2346100000
202200018228;15;11;2022;20:40;5;33;33063;2;3;8;3;Avenue d'Arès;44,8369900000; -0,6067600000
202200018231;15;11;2022;13:15;1;33;33529;2;1;2;7;COUBERTIN (RUE PIERRE DE);44,6320000000; -1,1366000000
202200018233;10;11;2022;17:51;1;29;29019;2;6;1;3;rue Emile Rousse;48,3830800000; -4,5274700000
202200018246;15;11;2022;10:30;1;04;04112;2;6;8;3;PASTEUR (BD.);43,8291400000;5,7823500000
202200018259;10;11;2022;15:55;1;974;97411;2;1;1;3;LECLERC (DU MARECHAL); -20,8811000000;55,4587500000
202200018265;14;11;2022;12:40;1;69;69388;2;1;1;2;3 Rue du Transvaal;45,7380638543;4,8780611157
202200018296;9;11;2022;15:20;1;76;76351;2;3;1;3;REPUBLIQUE (COURS DE LA);49,4976500791;0,1279145479
202200018303;10;11;2022;12:50;1;69;69266;2;3;1;3;Rue Jean Jaurès;45,7576100000;4,8825700000
202200018313;13;11;2022;20:10;5;67;67482;2;3;1;6;VIENNE (ROUTE DE);48,5754200000;7,7546900000
202200018320;11;11;2022;13:10;1;67;67482;2;3;1;6;HAUTE MONTEE (RUE DE LA);48,5842900000;7,7475900000
202200018326;10;11;2022;12:20;1;67;67482;2;3;1;1;KELLERMANN (QUAI);48,5862400000;7,7456800000
202200018339;9;11;2022;15:30;1;67;67482;2;1;2;2;BRULIG (QUAI DU);48,5716100000;7,7218100000
202200018344;24;7;2022;20:15;1;69;69244;2;3;7;3;Avenue Général Brosset;45,7568400000;4,7813540000
202200018350;10;11;2022;07:28;5;65;65440;2;3;1;3;Rue Maréchal Foch;43,2321450000;0,0783870000
202200018355;14;11;2022;14:55;1;64;64445;1;1;2;1;BARINCOU DE;43,3210850000; -0,3639180000
202200018356;31;1;2022;09:30;1;38;38421;2;3;1;3;RUE GEORGES SADOUL;45,1852800000;5,7684100000
202200018358;29;7;2022;14:25;1;34;34145;2;2;1;1;Route de la Mer;43,6688900000;4,1435060000
202200018373;16;7;2022;18:05;1;67;67286;2;2;1;3;Rue Sainte Odile;48,4499800000;7,5430910000
202200018378;28;7;2022;10:10;1;74;74057;2;1;1;2;Route d Evian;46,3755670000;6,5548680000
202200018388;25;1;2022;11:30;1;13;13056;1;3;1;3;LAURONS RUE DES;43,3694400000;5,0602900000
202200018393;1;2;2022;07:30;5;11;11069;2;1;1;3;85 Boulevard Barbès;43,2103200000;2,3475100000
202200018400;2;2;2022;18:45;1;06;06088;2;1;1;2;MICHEL ANGE (AV.) (A PARTIR DU N° 22-23);43,7123260000;7,2615180000
202200018415;9;11;2022;16:40;1;54;54547;2;1;1;1;MIRECOURT (ROUTE DE);48,6635170000;6,1892470000
202200018429;10;11;2022;09:40;1;51;51454;1;6;1;3;rue de la 12ème Escadre d'Aviation;49,2746600000;4,0331200000
202200018441;2;2;2022;11:15;1;75;75114;2;3;8;2;RUE D ALESIA;48,8278210000;2,3289600000
202200018444;10;11;2022;16:13;1;49;49007;2;1;1;7;BEAUREPAIRE;47,4746000000; -0,5605400000
202200018450;2;2;2022;08:30;1;75;75113;2;1;1;3;RUE DE DOMREMY;48,8291290000;2,3707720000
202200018474;2;2;2022;09:20;1;94;94052;2;3;2;6;Boulevard de la Marne;48,8320700000;2,4765400000
202200018495;14;11;2022;17:25;5;35;35238;2;6;1;3;LANGEVIN (PAUL);48,0915896740; -1,6585144401
202200018499;14;11;2022;08:15;1;35;35238;2;2;2;3;MONTS D'ARREE (AVENUE DES);48,1346600000; -1,6589200000
202200018500;28;5;2022;18:10;1;33;33529;2;1;1;3;LAGRUA (RUE);44,6415900000; -1,1559100000
202200018506;27;5;2022;14:20;1;33;33529;2;3;1;3;DE GAULLE (AVE CHARLES) 02 ET +;44,6332000000; -1,1428500000
202200018509;26;5;2022;17:40;1;33;33529;2;2;1;3;Avenue du General de Gaulle;44,6395000000; -1,1941300000
202200018530;27;7;2022;04:20;5;974;97411;2;5;1;3;LECONTE DE LISLE (AVENUE); -20,8920000000;55,4820000000
202200018532;10;11;2022;14:40;1;31;31149;2;6;1;3;ROND POINT JUPITER;43,6049500000;1,3075400000
202200018542;30;1;2022;12:00;1;56;56130;1;1;1;7;Lieu Dit Trevelzun;47,7327860000; -3,2523290000
202200018544;8;11;2022;18:30;2;31;31555;2;2;1;3;RUE DES LIBELLULES;43,5745000000;1,4573300000
202200018567;28;5;2022;17:25;1;22;22215;2;6;1;3;CARPONT (LE);48,5005000000; -2,7768600000
202200018572;3;5;2022;17:00;1;18;18033;2;1;1;6;8 Rue Aristide Maillol;47,0576320000;2,4051230000
202200018578;10;11;2022;16:45;1;25;25056;2;6;1;3;LAGRANGE  AVENUE LEO;47,2430240000;6,0076880000
202200018579;26;7;2022;18:05;1;80;80021;2;3;1;3;CHARLES DE FOUCAULD (RUE);49,8891900000;2,3056500000
202200018581;26;5;2022;08:55;1;15;15012;2;1;1;3;Rue Felix Ramond;44,9000400000;2,4600100000
202200018583;7;7;2022;13:20;1;22;22278;2;2;1;3;ABERYSTWYTH (RD-PT);48,4979900000; -2,7529900000
202200018596;27;5;2022;20:50;3;13;13209;1;1;1;7;COL DE LA GINESTE D559;43,2374065730;5,4988288879
202200018601;27;7;2022;17:40;1;69;69266;2;3;1;1;Rue Léon Blum;45,7631300000;4,9139800000
202200018605;27;7;2022;17:55;1;69;69266;2;3;1;2;Rue Antoine Primat;45,7582800000;4,8973500000
202200018662;27;7;2022;23:25;5;35;35238;2;1;1;3;PASTEUR (PLACE);48,1103892508; -1,6742308438
202200018685;1;2;2022;06:30;5;69;69386;2;1;1;2;6 Quai de Serbie;45,7711145851;4,8410640657
202200018716;25;7;2022;10:00;1;05;05023;1;2;1;3;ITALIE (ROUTE D');44,9097900000;6,6640300000
202200018722;27;7;2022;13:30;1;75;75105;2;2;1;3;PONT DE LA TOURNELLE;48,8499760000;2,3548750000
202200018723;26;5;2022;03:30;3;75;75105;2;1;1;6;RUE DANTE;48,8512200000;2,3466020000
202200018732;31;1;2022;19:15;5;91;91425;2;9;1;3;RTE D ORLEANS RN 20;48,6444800000;2,2700900000
202200018733;27;7;2022;20:00;2;75;75116;2;1;1;5;ROUTE DES TRIBUNES;48,8625660000;2,2308020000
202200018734;28;5;2022;18:00;1;75;75120;2;4;1;6;RUE DES PYRENEES;48,8737070398;2,3895405406
202200018744;27;7;2022;10:30;1;75;75113;2;2;1;7;BOULEVARD AUGUSTE BLANQUI;48,8303450000;2,3458850000
202200018746;26;7;2022;23:02;5;75;75112;2;2;1;3;RUE DE WATTIGNIES;48,8366220000;2,3931760000
202200018751;27;7;2022;19:00;1;75;75111;2;1;1;3;AVENUE PARMENTIER;48,8632230000;2,3760610000
202200018752;26;5;2022;10:00;1;75;75117;2;1;2;2;AVENUE NIEL;48,8837876495;2,2968123387
202200018756;27;7;2022;18:20;1;75;75101;2;2;1;2;RUE DE CASTIGLIONE;48,8659360000;2,3278910000
202200018760;27;7;2022;11:00;1;75;75104;2;3;1;7;RUE DE RIVOLI;48,8554720000;2,3601030000
202200018767;26;5;2022;17:08;1;75;75114;2;1;1;6;RUE BOYER BARRET;48,8325050000;2,3183090000
202200018776;28;1;2022;16:00;1;80;80725;2;1;1;6;ROUEN (ROUTE);49,8704900000;2,2425700000
202200018780;27;5;2022;19:50;1;75;75112;2;1;1;3;BOULEVARD DIDEROT;48,8459929132;2,3750001309
202200018785;1;2;2022;09:30;1;78;78551;2;1;2;6;SAINT LOUIS;48,8958400000;2,0957700000
202200018786;28;5;2022;20:25;1;75;75110;2;2;1;2;RUE DE SAINT QUENTIN;48,8782130000;2,3555590000
202200018791;26;5;2022;13:45;1;75;75110;2;2;1;3;RUE LA FAYETTE;48,8793150301;2,3570858375
202200018793;26;7;2022;07:00;2;92;92049;2;2;1;6;DORMOY AVENUE MARX N°2 A 100;48,8100510992;2,3191390335
202200018795;27;7;2022;08:53;1;92;92012;2;1;1;3;REINE (ROUTE DE LA) 1/37- 6/80;48,8394169219;2,2430745363
202200018797;28;5;2022;18:00;1;75;75108;2;7;1;3;AVENUE MATIGNON;48,8690756600;2,3103194052
202200018798;27;7;2022;17:40;1;92;92002;2;9;1;6;DIVISION LECLERC (53 A 217 - 58 A 186);48,7459194565;2,3035095334
202200018801;26;5;2022;09:07;1;75;75107;2;1;1;6;RUE DE L UNIVERSITE;48,8571970000;2,3293210000
202200018804;26;5;2022;04:00;5;75;75107;2;1;1;7;QUAI D ORSAY;48,8629070000;2,3175060000
202200018806;25;5;2022;13:15;1;75;75103;2;1;1;6;RUE DES FRANCS BOURGEOIS;48,8578140625;2,3604411632
202200018808;26;5;2022;17:15;1;94;94081;2;1;1;1;180 Rue Julian Grimau;48,7794700000;2,3746300000
202200018818;27;7;2022;08:50;1;84;84027;1;6;1;3;D237;44,0969010000;4,7305260000
202200018820;1;2;2022;12:35;1;74;74133;2;3;8;3;LIBERATION (RUE DE LA);46,1881700000;6,2093400000
202200018826;28;5;2022;13:30;1;93;93070;2;1;1;3;Quai de Seine;48,9157100000;2,3225600000
202200018827;27;7;2022;07:50;1;56;56094;1;6;1;3;Kernours;47,7593560000; -3,2831100000
202200018828;27;7;2022;20:20;1;67;67544;1;1;1;3;Route de Schweigen;49,0446200000;7,9532860000
202200018850;27;5;2022;15:30;1;92;92072;2;3;1;3;VILLE D'AVRAY (RUE DE );48,8258301069;2,2029059082
202200018856;28;5;2022;12:30;1;92;92048;2;6;1;3;GENERAL DE GAULLE (AVENUE DU);48,7865408729;2,2240110040
202200018858;27;7;2022;19:00;1;15;15163;1;3;7;1;Lieu-Dit les Bessades;44,8407390000;2,3902720000
202200018861;27;5;2022;12:20;1;92;92025;2;1;1;6;BOURNARD (RUE DU);48,9229090000;2,2554660000
202200018863;28;5;2022;00:00;5;92;92024;2;2;1;1;JEAN JAURES (BD) DE (1 A 45)   (2 A 54);48,9000548643;2,3062185645
202200018869;10;7;2022;21:28;1;45;45069;2;6;1;3;2 Chemin des Murailles;48,0575780000;2,2922640000
202200018889;28;7;2022;17:15;1;30;30221;1;3;1;3;;44,0358700000;4,7639400000
202200018910;17;6;2022;13:45;1;44;44035;2;3;1;1;Boulevard henri Becquerel;47,2744500000; -1,5476100000
202200018960;12;3;2022;19:30;3;973;97361;2;1;1;6;Avenue du 31 Decembre 1988;5,7411530000; -53,9211340000
202200018968;28;1;2022;13:20;1;50;50129;2;6;1;3;EST (BOULEVARD DE L');49,6365700000; -1,5962600000
202200018973;31;1;2022;19:15;3;49;49267;2;3;1;3;Chemin de la Romanerie;47,4825000000; -0,5020000000
202200018979;21;12;2022;15:40;1;09;09122;1;6;7;3;RD 919;43,0029150000;1,6136530000
202200018985;12;3;2022;12:15;1;01;01060;1;1;6;2;D34;46,0561890000;5,5932260000
202200019012;29;4;2022;09:30;1;70;70134;1;1;1;7;1 Chemin Départemental 104;47,6257340000;6,0738520000
202200019016;28;4;2022;16:30;1;16;16223;2;1;1;7;Départementale 06, faubourg basse ville;45,6685210000;0,5045690000
202200019038;16;12;2022;19:25;5;75;75108;2;3;1;3;AVENUE DES CHAMPS ELYSEES;48,8710840000;2,3035280000
202200019041;20;12;2022;10:30;1;75;75105;2;1;2;7;BOULEVARD SAINT MICHEL;48,8451490000;2,3396320000
202200019043;19;12;2022;12:30;1;75;75118;2;2;2;2;RUE DE LA CHAPELLE;48,8902564775;2,3599281907
202200019048;18;12;2022;15:15;1;75;75115;2;2;1;3;BOULEVARD DE GRENELLE;48,8491486085;2,2980120778
202200019056;2;4;2022;14:30;1;60;60555;1;2;1;3;Route départementale 63;49,6421775330;2,3461773097
202200019057;18;12;2022;01:30;5;75;75113;2;1;1;6;BOULEVARD AUGUSTE BLANQUI;48,8306484651;2,3536477983
202200019073;5;11;2022;02:35;5;75;75110;2;1;1;3;BOULEVARD DE MAGENTA;48,8719010000;2,3601100000
202200019074;11;3;2022;08:30;1;69;69382;2;3;1;3;Quai Maréchal Joffre;45,7526500000;4,8246000000
202200019075;16;5;2022;17:35;1;35;35195;2;3;1;3;Chemin des Pécheurs;48,3059610293; -1,6759776324
202200019078;21;12;2022;07:20;5;75;75109;2;5;8;3;RUE VICTOR MASSE;48,8804050000;2,3404500000
202200019093;20;12;2022;19:50;5;75;75114;2;7;2;2;PLACE DENFERT ROCHEREAU;48,8347130000;2,3312440000
202200019102;20;12;2022;08:55;1;75;75101;2;2;1;3;RUE SAINT FLORENTIN;48,8679470000;2,3245840000
202200019118;9;3;2022;17:18;1;71;71270;2;6;1;3;NEUF CLES (BOULEVARD DES);46,3088000000;4,8204600000
202200019131;20;12;2022;17:10;5;93;93066;2;6;2;3;Rue de Strasbourg / Avenue Saint Rémy;48,9357790000;2,3679290000
202200019141;21;12;2022;10:10;1;93;93048;2;1;1;1;Rue de Stalingrad;48,8603163156;2,4434146285
202200019143;9;3;2022;12:30;1;49;49328;2;6;1;3;CESSART (ROND-POINT);47,2654200000; -0,0718500000
202200019145;11;3;2022;22:44;5;49;49007;2;1;1;3;DUNANT BOULEVARD;47,4854300000; -0,5329600000
202200019148;27;2;2022;18:40;2;45;45234;2;2;1;3;Rue Basse Mouillère;47,8795300000;1,9089100000
202200019185;17;12;2022;20:29;5;92;92014;2;9;1;6;BIEVRE (RUE DE LA);48,7799441259;2,3247054219
202200019246;6;9;2022;09:05;1;75;75114;2;4;1;3;BOULEVARD EDGAR QUINET;48,8394550000;2,3305150000
202200019262;19;12;2022;20:40;3;80;80284;1;1;8;6;D186;49,7231680000;3,0323370000
202200019264;11;3;2022;12:45;1;75;75115;2;2;2;3;RUE DE LA CONVENTION;48,8438150000;2,2819440000
202200019265;6;9;2022;22:50;5;75;75111;2;2;1;3;AVENUE PARMENTIER;48,8652710000;2,3745320000
202200019269;6;9;2022;15:00;1;75;75111;2;2;1;3;AVENUE DE LA REPUBLIQUE;48,8659990000;2,3707250000
202200019271;6;9;2022;20:15;2;75;75110;2;1;1;3;RUE DU CHATEAU D EAU;48,8726200000;2,3550020000
202200019274;6;9;2022;11:00;1;75;75108;2;7;1;3;RUE DE LA PEPINIERE;48,8748640000;2,3198980000
202200019276;5;9;2022;13:45;1;75;75101;2;2;1;6;RUE DE RIVOLI;48,8591100000;2,3464330000
202200019277;11;3;2022;11:15;1;75;75114;2;3;2;3;BOULEVARD JOURDAN;48,8198140000;2,3416570000
202200019288;11;3;2022;17:15;1;75;75104;2;3;2;3;BOULEVARD BEAUMARCHAIS;48,8548060000;2,3687400000
202200019292;6;9;2022;08:50;1;94;94018;2;1;1;1;Avenue de Gravelle;48,8282600000;2,4047000000
202200019296;10;3;2022;08:35;1;75;75108;2;2;7;7;PONT DE L ALMA;48,8642150000;2,3017950000
202200019304;6;9;2022;07:00;1;93;93066;2;1;8;3;Avenue des Arrimeurs;48,9039435692;2,3643105139
202200019326;6;9;2022;19:00;1;92;92012;2;2;1;3;REINE (ROUTE DE LA) 1/37- 6/80;48,8391822176;2,2455668449
202200019330;5;9;2022;12:20;1;92;92004;2;1;1;3;MARNE   ( AVENUE DE LA );48,9063900000;2,2816900000
202200019373;6;9;2022;13:15;1;12;12133;2;1;1;2;Rue de l'Industrie;44,3009630000;2,5556030000
202200019375;7;9;2022;09:45;1;42;42311;2;4;7;1;Route de Bayard;45,4819800000;4,3898530000
202200019380;12;3;2022;15:00;1;51;51564;2;1;1;7;Allee des Dames de France;49,0993470000;4,1174240000
202200019383;12;3;2022;19:00;5;67;67342;2;3;1;6;14 Rue du Klintz;48,5491500000;7,3169930000
202200019385;12;3;2022;14:30;1;80;80126;1;1;1;2;D928;49,9433740000;1,6430090000
202200019389;7;9;2022;17:20;1;01;01422;1;1;8;3;;46,1385768622;5,3055693170
202200019395;7;9;2022;09:30;1;14;14570;1;1;1;7;D519;49,0742931032;0,3249667883
202200019427;6;9;2022;12:45;1;73;73304;1;1;1;2;D902;45,4327840000;7,0173390000
202200019429;2;9;2022;12:10;1;987;98714;1;1;1;3;Faanui; -16,4797320000; -151,7322210000
202200019435;4;9;2022;10:00;1;37;37171;2;1;1;3;4 Rue Jules Ferry;47,4209419675;0,8918841183
202200019478;18;4;2022;16:55;1;74;74209;1;6;1;3;ROUTE DÉPARTEMENTALE 12;46,1345080000;6,3934050000
202200019479;18;4;2022;10:35;1;74;74052;1;1;1;3;Route de la Croix Biche;46,0747820000;6,0559240000
202200019502;2;9;2022;07:45;1;67;67482;2;3;7;3;ORPHELINAT (ALLEE DE L );48,5627000000;7,7624300000
202200019518;5;9;2022;17:38;1;49;49007;2;1;1;3;VOLNEY;47,4630800000; -0,5446200000
202200019521;5;9;2022;13:20;1;45;45234;2;3;1;3;37 Rue Maurice Dubois;47,9224500000;1,8938000000
202200019522;5;9;2022;20:00;2;44;44109;2;1;1;3;21bis Boulevard de Launay;47,2107400000; -1,5743300000
202200019526;5;9;2022;21:40;5;37;37261;2;1;1;2;POMPIDOU (AVENUE GEORGES);47,3875381298;0,7087200880
202200019527;5;9;2022;08:05;1;37;37261;2;3;8;6;PORTALIS (AVENUE JEAN);47,3651681173;0,6836897135
202200019537;4;9;2022;05:45;5;21;21231;2;2;1;3;BOSSUET (RUE);47,3221110000;5,0378670000
202200019563;5;9;2022;09:20;1;75;75116;2;1;1;2;CARREFOUR DE LONGCHAMP;48,8636400000;2,2394870000
202200019565;4;9;2022;09:50;1;75;75116;2;3;1;2;ROUTE DES TRIBUNES;48,8618810000;2,2303920000
202200019569;24;6;2022;22:25;5;92;92046;2;1;1;6;GABRIEL PERI;48,8192050000;2,3025390000
202200019570;5;9;2022;20:45;5;75;75108;2;4;8;6;AVENUE DES CHAMPS ELYSEES;48,8713730000;2,3026000000
202200019571;5;9;2022;13:14;1;75;75101;2;1;1;3;QUAI DES TUILERIES;48,8627740000;2,3241580000
202200019581;5;9;2022;15:25;1;94;94004;2;2;1;3;Boulevard Leon Revillon / Avenue du Général Leclerc;48,7449034581;2,5118954480
202200019592;23;4;2022;12:30;1;19;19151;1;3;8;6;D 920;45,0980410000;1,5215740000
202200019617;11;4;2022;16:24;1;04;04076;2;1;1;6;RD 911;43,9476630000;6,8112980000
202200019624;12;6;2022;09:55;1;35;35116;2;1;7;1;71 Rue de Saint Malo;48,5903567597; -1,8576610833
202200019637;19;4;2022;16:05;1;69;69043;1;1;1;7;44 Vieille Route;45,7198510000;4,7676370000
202200019655;22;4;2022;16:00;1;42;42165;2;3;1;3;Route de Feurs;45,7870120000;4,3409890000
202200019663;10;6;2022;10:00;1;88;88527;1;1;7;5;D414;48,4096190000;6,5866680000
202200019687;26;6;2022;11:00;1;62;62369;1;2;7;3;D33;50,3334894711;2,8881477713
202200019700;11;2;2022;16:30;1;89;89387;2;3;1;3;PRESIDENT KENNEDY (BOULEVARD DU);48,1909300000;3,2854000000
202200019705;20;4;2022;16:40;1;69;69384;2;1;1;6;Avenue de Birmingham;45,7747700000;4,8111700000
202200019722;20;4;2022;07:30;1;78;78551;2;1;1;3;SCHUBERT (FRANTZ);48,8947900000;2,0697700000