Num_Acc;jour;mois;an;hrmn;lum;dep;com;agg;int;atm;col;adr;lat;long
202200019729;20;4;2022;20:25;1;61;61143;1;6;1;7;MONTFOULON (CHEMIN DE);48,4422000000;0,0588100000
202200019739;15;4;2022;15:22;1;54;54329;2;6;1;3;COUR DE VERDUN;48,5922700000;6,5100300000
202200019745;24;6;2022;16:30;1;973;97302;2;1;1;6;NOVAPARC (RESIDENCE) RTE DE RABAN;4,9231727970; -52,3125815392
202200019754;20;4;2022;05:35;5;35;35055;2;3;1;3;AUVERGNE (RUE D');48,0863693831; -1,6143612564
202200019784;20;4;2022;18:40;1;75;75120;2;1;1;7;RUE DES COURONNES;48,8704450000;2,3871930000
202200019791;22;6;2022;14:25;1;71;71270;2;1;2;7;258 Avenue des Gaises;46,3166100000;4,8266500000
202200019796;24;6;2022;19:26;1;64;64445;2;1;1;3;rue Ronsard;43,3187600000; -0,3598700000
202200019797;20;4;2022;00:00;5;75;75111;2;7;1;3;RUE DU FAUBOURG SAINT ANTOINE;48,8486279275;2,3943630606
202200019800;20;4;2022;10:30;1;75;75108;2;1;1;3;RUE LA BOETIE;48,8718550000;2,3083420000
202200019803;20;4;2022;15:30;1;75;75107;2;1;1;6;BOULEVARD DES INVALIDES;48,8568010000;2,3149020000
202200019805;23;6;2022;12:50;1;56;56121;2;2;1;1;SOUS-MARIN VENUS (RUE DU);47,7331540000; -3,3752692500
202200019806;19;4;2022;12:30;1;75;75107;2;6;1;2;ROND POINT DU BLEUET DE FRANCE;48,8584528818;2,3123726249
202200019809;19;4;2022;08:10;1;75;75104;2;3;1;3;BOULEVARD HENRI IV;48,8521070000;2,3656510000
202200019810;24;6;2022;18:50;1;54;54395;2;3;1;3;Rue Jeanne d'Arc;48,6856875923;6,1719265581
202200019816;22;6;2022;18:30;1;50;50129;2;2;1;3;HAGUE (BOULEVARD DE LA);49,6673700000; -1,6966700000
202200019818;20;4;2022;14:45;1;94;94017;2;1;1;1;79 Avenue du Général de Gaulle;48,8224500000;2,4922000000
202200019821;24;6;2022;08:06;1;49;49015;2;6;1;3;CHAMP DES MARTYRS CHEMIN DU;47,4904700000; -0,5822000000
202200019858;24;6;2022;18:25;1;33;33529;2;1;1;6;MESTREZAT (BD);44,6512300000; -1,1485200000
202200019864;9;10;2022;11:05;1;82;82064;2;1;1;7;RD 77;43,8063810000;1,0312130000
202200019868;22;6;2022;19:30;1;29;29019;2;3;1;1;154 rue de Quimper;48,3995100000; -4,4434870000
202200019890;9;10;2022;15:10;1;84;84133;1;4;1;2;D956;43,7305430000;5,5521570000
202200019906;22;4;2022;11:00;1;50;50619;1;1;1;7;Le Hameau Neel;49,6105290000; -1,3738060000
202200019924;21;4;2022;19:40;1;68;68292;2;4;1;1;27 Fistelhaeuser;47,8803530000;7,0375360000
202200019927;21;4;2022;18:40;1;67;67021;1;1;1;7;Chemin du Buhl;48,4086080000;7,4353620000
202200019939;22;4;2022;17:10;1;60;60575;1;1;1;2;D1001 - PK 17.800;49,3030760000;2,1980810000
202200019941;21;4;2022;15:45;1;59;59034;2;1;1;7;17 Rue d Antroeuilles;50,5398448239;3,0837796032
202200019946;24;6;2022;18:56;1;75;75119;2;2;1;3;BOULEVARD SERURIER;48,8772710000;2,4067700000
202200019951;24;6;2022;10:40;1;75;75119;2;2;1;3;RUE SIGMUND FREUD;48,8860060000;2,3981670000
202200019961;19;4;2022;09:55;1;974;97407;1;1;1;1;SACRE COEUR (RD POINT) -RIV. DES GALETS ; -20,9562000000;55,3123000000
202200019966;24;6;2022;21:17;1;75;75111;2;5;1;7;BOULEVARD VOLTAIRE;48,8577290000;2,3803420000
202200019969;24;6;2022;19:00;1;75;75110;2;3;1;2;BOULEVARD DE LA VILLETTE;48,8761650000;2,3721340000
202200020009;24;6;2022;06:55;2;93;93039;2;1;8;1;Quai de la Marine;48,9389000000;2,3397900000
202200020013;24;6;2022;19:10;1;93;93048;2;1;1;6;Boulevard de Chanzy;48,8583700000;2,4344500000
202200020060;6;10;2022;11:35;1;973;97302;2;1;1;1;MANGUES (RUE DES - CITE MANGUIERS);4,9271295898; -52,3228141665
202200020072;6;10;2022;16:35;1;91;91691;2;9;1;6;GENERAL DE GAULLE (AVENUE DU);48,7170900000;2,4880800000
202200020077;5;10;2022;10:32;1;86;86066;2;6;1;3;Boulevard Sadi Carnot;46,8210370000;0,5475000000
202200020078;27;9;2022;18:30;1;84;84007;2;1;1;6;SIXTE ISNARD (Boulevard);43,9375700000;4,8118300000
202200020089;7;10;2022;19:15;2;69;69259;2;1;1;1;Rue Banette et Planchon;45,7045022214;4,8862838746
202200020099;6;10;2022;18:40;2;59;59009;2;1;1;3;MONS BOULEVARD DE;50,6435916023;3,1429159641
202200020113;6;10;2022;16:34;1;49;49007;2;1;1;3;COUFFON BOULEVARD SECTEUR 1;47,4658122379; -0,5655987561
202200020114;7;10;2022;08:30;1;45;45234;2;1;1;3;15 Rue Eugène Vignat;47,9080600000;1,9106700000
202200020120;7;10;2022;08:05;2;35;35238;2;1;1;1;FEE VIVIANE (DE LA);48,1176100000; -1,7139000000
202200020131;7;10;2022;12:45;1;27;27701;2;2;1;3;ARONDE (VOIE DE L');49,2710500000;1,2076600000
202200020134;7;10;2022;08:56;1;27;27229;2;3;7;1;MARNIERE RIGA (RUE DE LA);49,0140200000;1,1641600000
202200020135;7;10;2022;14:30;1;26;26362;2;1;1;6;FRANKLIN RUE BENJAMIN;44,9161900000;4,8864600000
202200020155;6;11;2022;12:20;1;04;04112;2;1;1;6;PRECHE (RUE DU);43,8253700000;5,7950400000
202200020162;15;11;2022;07:55;1;75;75112;2;1;8;7;PLACE LOUIS ARMAND;48,8451630000;2,3725960000
202200020163;15;11;2022;07:15;5;75;75112;2;4;1;3;RUE DU FAUBOURG SAINT ANTOINE;48,8532960000;2,3702750000
202200020164;15;11;2022;22:03;5;75;75109;2;2;2;3;RUE DE DUNKERQUE;48,8810970000;2,3498400000
202200020166;15;11;2022;09:11;1;75;75104;2;1;1;3;QUAI DE L ARCHEVECHE;48,8521300000;2,3519140000
202200020193;15;11;2022;13:05;1;92;92024;2;2;2;3;HENRI BARBUSSE (RUE) DE (1 A 73)   (2 A;48,8988689112;2,3035503030
202200020197;15;11;2022;17:25;3;43;43040;2;1;1;1;71 Avenue d'Auvergne;45,3076890000;3,3766010000
202200020202;15;11;2022;16:30;2;17;17142;1;1;7;2;D108;46,1703800000; -1,0742780000
202200020218;12;11;2022;15:41;1;29;29235;2;1;7;6;N2165;48,3896912466; -4,4015980039
202200020219;12;11;2022;10:00;1;29;29135;2;6;1;3;Rue de Kerillis;47,8323383687; -4,1795113385
202200020262;31;1;2022;08:45;1;35;35238;2;1;8;6;Boulevard Solférino;48,1046400000; -1,6669500000
202200020268;27;1;2022;14:55;1;34;34172;2;1;1;6;Avenue de la Pompignane;43,6097300000;3,8989600000
202200020278;21;1;2022;09:05;1;30;30189;2;1;1;6;Boulevard Amiral Courbet;43,8388000000;4,3633000000
202200020279;31;8;2022;12:30;1;74;74250;1;1;1;7;Route des gorges du borne;46,0506960000;6,3767050000
202200020280;31;1;2022;08:00;1;30;30007;2;9;1;3;23 Avenue d'Alsace;44,1399900000;4,0886900000
202200020284;1;2;2022;19:55;5;29;29019;2;6;6;3;Avenue Georges Clemenceau;48,3889010000; -4,4838780000
202200020291;13;1;2022;08:13;3;29;29019;2;1;1;3;Avenue 1ère D.f.l.;48,3763260000; -4,5528430000
202200020294;12;11;2022;23:59;5;75;75118;2;3;1;3;AVENUE DE SAINT OUEN;48,8904110000;2,3265810000
202200020300;13;11;2022;14:20;1;75;75116;2;1;1;6;ROUTE DE LA LONGUE QUEUE;48,8718880000;2,2524210000
202200020305;14;11;2022;14:10;1;75;75115;2;3;1;3;RUE DE VAUGIRARD;48,8398440000;2,3020790000
202200020309;10;11;2022;17:45;5;75;75114;2;1;1;6;RUE NANSOUTY;48,8238460000;2,3359080000
202200020335;1;2;2022;18:30;5;75;75120;2;1;1;3;BOULEVARD MORTIER;48,8687430000;2,4088670000
202200020345;14;11;2022;18:25;5;92;92077;2;1;1;6;VERSAILLES (RUE DE);48,8189580000;2,1677630000
202200020348;14;11;2022;18:45;3;92;92050;2;1;1;1;RIGAULT RUE;48,8942510000;2,1977970000
202200020349;1;2;2022;06:50;5;75;75112;2;4;2;3;ESPLANADE SAINT LOUIS;48,8400910000;2,4367310000
202200020405;14;11;2022;16:20;1;44;44125;2;1;1;2;103 avenue du général de gaulle;47,3798120000; -2,5387640000
202200020437;1;2;2022;17:15;1;987;98747;1;1;1;7;PK 8+800 RT3 à PUEU; -17,7648000000; -149,2130890000
202200020479;31;1;2022;16:10;1;75;75115;2;1;1;3;RUE DE VAUGIRARD;48,8435030000;2,3144130000
202200020482;30;1;2022;20:45;5;75;75107;2;3;1;3;QUAI VOLTAIRE;48,8592610000;2,3302280000
202200020494;24;7;2022;10:00;1;95;95598;2;2;1;3;Avenue du Général Leclerc;48,9825077824;2,3004877567
202200020497;26;7;2022;13:20;1;91;91064;1;1;1;2;LEON MIGNOTTE ( RUE);48,7580420000;2,2083760000
202200020499;31;1;2022;09:00;1;93;93005;2;2;8;3;ANATOLE FRANCE (AVENUE);48,9358233297;2,4939051214
202200020500;26;7;2022;08:45;1;91;91377;2;2;1;1;RUE DE LA DIVISION LECLERC;48,7302600000;2,2735000000
202200020542;26;1;2022;16:15;1;34;34179;1;1;1;3;D27;43,6102900000;3,7169410000
202200020543;26;7;2022;11:50;1;67;67482;2;1;1;3;FRERES EBERTS (RUE DES);48,5541900000;7,7402300000
202200020544;31;1;2022;12:50;1;973;97304;2;1;1;1;Avenue des Roches;5,1575820000; -52,6426540000
202200020553;30;1;2022;10:30;1;83;83027;1;1;1;3;D82;43,2002751463;5,7591465711
202200020571;24;7;2022;20:10;1;44;44184;2;6;1;3;Rue Gabriel Fauré;47,2678600000; -2,2338800000
202200020583;25;7;2022;18:00;1;35;35051;2;1;1;2;PARIS (RUE DE);48,1136718739; -1,6021840274
202200020589;31;1;2022;10:57;1;42;42022;2;1;8;3;42 Av de Saint Marcellin;45,5178650000;4,2045020000
202200020605;26;5;2022;15:27;1;29;29170;1;3;1;1;Hent An Dour Ruz;47,9459880000; -4,1465990000
202200020611;25;5;2022;12:40;1;02;02613;2;9;1;3;1 Route de Guignicourt;49,4077690000;3,8212310000
202200020618;18;5;2022;12:50;1;15;15066;1;1;1;7;La chaze;45,1406330000;2,6469590000
202200020638;26;7;2022;09:10;1;75;75114;2;3;1;6;RUE DAGUERRE;48,8356830000;2,3249680000
202200020647;26;7;2022;09:15;1;75;75104;2;3;1;6;RUE DE RIVOLI;48,8554710000;2,3601000000
202200020666;26;7;2022;15:52;1;92;92023;2;1;1;1;GENERAL EISENHOWER (AVENUE);48,7770302247;2,2295524478
202200020668;29;6;2022;08:45;1;16;16110;1;1;7;2;Route de Ruffec;45,9953850000;0,1499620000
202200020674;25;5;2022;12:15;1;27;27467;2;1;1;2;Pont de la madeleine;49,3581900000;0,5139260000
202200020698;26;7;2022;15:30;1;65;65388;1;1;5;7;col du portet;42,8348320000;0,2397400000
202200020700;25;7;2022;11:00;1;65;65258;2;6;1;3;D817;43,1212490000;0,3833790000
202200020702;27;7;2022;11:30;1;42;42139;1;3;1;3;Route de Saint Genest Malifaux;45,2890430000;4,4090690000
202200020704;26;7;2022;13:10;1;68;68291;2;2;1;3;D468;47,8524790000;7,5175670000
202200020708;26;7;2022;09:25;1;29;29174;2;6;1;3;Rue René le Berre;47,9023841107; -4,2796218395
202200020714;22;5;2022;18:15;1;45;45155;2;1;1;1;Rue Jean Moulin;47,6855820000;2,6507230000
202200020716;18;5;2022;16:55;1;78;78062;2;4;1;7;D119;48,8506430000;1,8949650000
202200020722;25;7;2022;08:30;1;30;30192;1;1;1;3;;43,8822000000;4,0497800000
202200020746;26;7;2022;19:00;1;34;34157;2;1;1;1;Rue Berthe Morisot;43,4250920000;3,6042130000
202200020749;22;7;2022;12:00;1;06;06075;2;1;1;7;1541 Avenue Felix Faure;43,8341480000;7,2511020000
202200020775;25;5;2022;18:40;1;69;69387;2;2;1;3;Rue de l'Université;45,7507300000;4,8394900000
202200020777;24;5;2022;23:30;5;69;69383;2;1;1;7;Quai Victor Augagneur;45,7581800000;4,8407700000
202200020789;28;3;2022;14:10;1;74;74012;2;9;1;3;BEULET (RUE DU);46,1913400000;6,2421920000
202200020799;24;5;2022;08:30;1;69;69389;2;1;1;7;17 Avenue de Champagne;45,7897176986;4,7967191041
202200020814;24;5;2022;08:30;1;80;80021;2;1;1;3;DEFENSE PASSIVE (AVENUE DE LA);49,9073200000;2,3202000000
202200020820;25;7;2022;08:30;2;64;64445;2;6;2;3;avenue de l'Europe;43,3186540000; -0,3079590000
202200020828;23;7;2022;13:20;1;62;62119;2;6;1;3;SAINT PRY ( ROND POINT );50,5268370000;2,6304970000
202200020832;25;7;2022;09:00;1;56;56260;2;6;1;2;SAINTE-ANNE (GIRATOIRE DE);47,6642000000; -2,7811500000
202200020834;21;5;2022;06:50;1;76;76351;2;2;1;3;VERDUN (RUE DE);49,5013900000;0,1500100000
202200020835;25;7;2022;11:32;1;54;54395;2;1;1;3;SCHMITT (RUE DU DOCTEUR);48,6893431612;6,1843210459
202200020841;25;5;2022;20:52;2;69;69266;2;1;1;2;Rue Florian;45,7589100000;4,8807100000
202200020845;23;5;2022;08:50;1;67;67447;2;1;8;3;BISCHWILLER (ROUTE DE);48,6083300000;7,7499600000
202200020869;20;5;2022;20:00;1;59;59350;2;3;1;3;FAISAN RUE;50,6330822514;3,0532953143
202200020877;25;5;2022;16:25;1;56;56121;2;6;1;3;QUEUDET ( AV RAYMOND );47,7583700000; -3,3904200000
202200020953;10;12;2022;20:39;4;78;78575;2;1;8;6;Rue des ponts blonniers;48,7030830000;2,0555320000
202200020959;24;5;2022;19:10;1;19;19272;2;3;1;3;ERIC RHOMER (RUE);45,2573600000;1,7590700000
202200021003;20;12;2022;14:20;1;69;69255;1;2;8;3;Route de Malval;45,7477981730;4,6116873622
202200021009;10;3;2022;19:00;5;69;69388;2;1;1;3;Rue Marius Berliet;45,7409900000;4,8626700000
202200021048;8;3;2022;18:31;1;85;85194;2;1;1;6;GAMBETTA (RUE LEON);46,5002900000; -1,7778800000
202200021061;10;3;2022;22:34;5;79;79191;2;2;1;3;Rue du Maréchal Leclerc;46,3360310000; -0,4520100000
202200021072;9;3;2022;17:40;1;72;72181;2;6;1;3;SEMARD PIERRE (RUE);47,9732600000;0,2001400000
202200021078;10;3;2022;07:50;1;69;69264;2;6;1;3;Rue Jules Guesde;45,9939000000;4,7346200000
202200021142;9;3;2022;16:35;1;33;33200;2;6;1;1;Avenue de Magudas;44,8585700000; -0,6772500000
202200021149;17;12;2022;19:30;5;93;93048;2;2;1;6;Rue de Paris / Rue Edouard Vaillant;48,8576000000;2,4333800000
202200021178;9;3;2022;17:00;1;05;05061;2;1;1;3;Chemin de Graffinel;44,5368500000;6,0541100000
202200021182;9;3;2022;14:45;1;03;03185;2;2;1;3;BLUM ( AVENUE LEON );46,3368800000;2,5744700000
202200021183;10;3;2022;14:55;1;75;75120;2;7;1;1;RUE DES PRAIRIES;48,8639200000;2,4005140000
202200021193;10;3;2022;11:40;1;75;75115;2;3;1;3;QUAI D ISSY LES MOULINEAUX;48,8353760000;2,2669290000
202200021208;4;9;2022;15:45;1;92;92072;2;1;1;3;CRISTALLERIE (AVENUE DE LA);48,8262182796;2,2206088900
202200021214;5;9;2022;08:30;1;92;92040;2;1;1;3;GENERAL LECLERC (DU) DU 32 A 62;48,8256337901;2,2770146727
202200021226;7;8;2022;10:15;1;45;45219;1;1;1;2;29 Rue de la Mairie ;48,0172300000;2,5901770000
202200021232;10;3;2022;18:00;1;92;92049;2;5;1;3;PERI RUE GABRIEL AUTRES N°;48,8185138600;2,3195933998
202200021236;10;3;2022;09:30;1;92;92026;2;3;1;3;DUBONNET;48,9013090000;2,2599780000
202200021248;20;2;2022;13:30;1;31;31044;2;1;2;3;Route de Mons;43,6102790000;1,5196650000
202200021252;6;9;2022;11:00;1;39;39367;1;2;3;3;;46,5558210000;6,0134160000
202200021254;20;8;2022;18:17;1;29;29165;1;1;1;7;Penbanal Névez;47,8144730000; -4,2400090000
202200021263;6;9;2022;09:55;1;06;06059;1;1;1;1;Route de la Simboula (Chemin);43,7357740000;7,3748870000
202200021271;11;3;2022;16:35;1;95;95652;2;1;2;6;1ter Rue de l Etang;49,1251366741;2,3685675859
202200021287;6;9;2022;09:10;1;66;66108;2;3;7;1;;42,6959470000;2,6942520000
202200021337;5;3;2022;14:20;1;22;22171;1;6;1;1;Malakoff;48,4252710000; -2,8250210000
202200021339;11;3;2022;16:25;1;22;22081;1;1;1;6;3 rue de la chicane;48,5043080000; -2,6183620000
202200021374;9;3;2022;20:40;5;69;69387;2;1;1;3;Quai Claude Bernard;45,7535800000;4,8383400000
202200021389;2;9;2022;16:00;1;16;16102;2;1;1;6;MARTELL (AVENUE PAUL FIRINO);45,6904460000; -0,3315000000
202200021396;3;9;2022;09:50;1;05;05061;2;6;2;5;Avenue Maréchal Foch;44,5622200000;6,0846200000
202200021401;4;9;2022;19:40;1;75;75112;2;4;1;6;RUE DE CHARENTON;48,8416060000;2,3869320000
202200021402;4;9;2022;04:48;5;75;75111;2;1;1;1;RUE DE MONTREUIL;48,8511500000;2,3974020000
202200021421;3;9;2022;10:30;1;46;46088;2;1;1;6;D8, Sortie Douelle direction Luzech;44,4757700000;1,3588710000
202200021422;5;9;2022;17:40;1;41;41161;1;1;3;2;RD 2020 PK 20;47,4832500000;2,0394660000
202200021423;4;9;2022;17:30;1;38;38517;2;4;1;1;Route de Saint-quentin;45,2876260000;5,5248250000
202200021431;4;9;2022;16:45;1;07;07212;1;1;1;1;;45,1367660000;4,3943380000
202200021432;3;9;2022;11:25;1;21;21154;2;1;1;7;Rue de la Feuillée;47,8558260000;4,5657580000
202200021478;31;8;2022;08:30;1;59;59009;2;3;1;1;8 MAI 1945 RUE DU PETITS N° JUSQUE 60;50,6292360605;3,1546479464
202200021495;24;6;2022;02:10;5;92;92049;2;1;1;7;BRIAND AVENUE ARISTIDE AUTRES N°;48,8116900000;2,3262200000
202200021499;21;6;2022;09:08;1;92;92049;2;1;1;3;JAURES AV. JEAN N°1 A 51 ET 2 A 50;48,8158193515;2,3107568621
202200021506;16;4;2022;12:15;1;64;64348;2;3;1;3;Rue de Rebèque;43,3169700000; -0,4236800000
202200021507;24;6;2022;08:20;1;92;92023;2;1;1;3;GENERAL DE GAULLE (AVENUE DU);48,7916300000;2,2668000000
202200021512;24;6;2022;08:00;1;92;92004;1;1;1;7;VOLTAIRE ( BD 16 A FIN );48,9142306079;2,2947652638
202200021526;25;6;2022;16:00;1;06;06034;1;1;1;3;M6202;43,7963530000;7,2075680000
202200021532;19;4;2022;17:00;1;35;35238;2;1;1;3;BEAULIEU (ALLEE DE);48,1191400000; -1,6351800000
202200021534;19;4;2022;07:15;1;35;35238;2;6;1;3;GAYEULLES (ROND POINT);48,1271200000; -1,6521100000
202200021551;15;4;2022;17:00;1;19;19031;2;1;1;2;HUIT MAI 1945 (AVENUE DU);45,1629100000;1,5473100000
202200021565;25;6;2022;10:40;1;50;50236;1;1;1;3;route du moulin;49,3077170000; -1,5619540000
202200021582;19;4;2022;12:15;1;75;75119;2;1;1;2;RUE ALPHONSE KARR;48,8949280000;2,3806220000
202200021585;19;4;2022;11:10;1;75;75119;2;2;1;2;AVENUE DE FLANDRE;48,8884705458;2,3738676310
202200021590;19;4;2022;08:40;1;75;75116;2;7;1;3;PLACE DE LA PORTE D AUTEUIL;48,8479101438;2,2585447133
202200021591;25;6;2022;10:07;1;13;13094;1;2;1;3;D32;43,8071390000;4,7430680000
202200021592;17;4;2022;20:00;2;75;75116;2;7;1;3;AVENUE DE VERSAILLES;48,8474140000;2,2737960000
202200021599;19;4;2022;17:50;1;75;75102;2;1;1;3;BOULEVARD DE BONNE NOUVELLE;48,8697985074;2,3520371318
202200021634;19;4;2022;07:05;1;92;92040;2;1;1;2;GALLIENI (BOULEVARD);48,8319339984;2,2671664059
202200021635;4;6;2022;22:02;5;92;92044;2;1;1;6;ARISTIDE BRIAND(RUE)51A83  54A96;48,8928018786;2,2892841697
202200021638;18;4;2022;19:30;1;92;92025;2;2;1;3;COLBERT  115 A 131   104 A 124 (RUE);48,9151322730;2,2332492024
202200021642;19;4;2022;12:10;1;38;38185;2;2;1;3;RUE CONDORCET;45,1857000000;5,7184000000
202200021643;18;4;2022;19:30;1;34;34032;2;1;1;6;22 AOUT 1944 (AVENUE DU);43,3437700000;3,2215800000
202200021649;23;6;2022;20:15;5;974;97411;2;1;1;1;BEARN (RUE DU); -20,8916100000;55,4787200000
202200021669;23;6;2022;17:00;1;78;78517;2;1;7;1;LOUVIERE (RUE DE LA);48,6432100000;1,8343800000
202200021674;21;4;2022;13:40;1;03;03048;1;6;1;1;ROND DE BUFFAULT;46,6355370000;2,7546390000
202200021682;18;4;2022;17:50;1;45;45220;2;1;1;1;22 Route de Chemault;48,0587180000;2,3276050000
202200021695;18;4;2022;15:40;1;77;77339;1;1;1;6;Chemin de la Grille d Honneur;48,3736700000;2,5060420000
202200021699;23;6;2022;14:05;1;68;68149;2;1;1;3;MICHELFELDEN ( RUE DE );47,5928500000;7,5771700000
202200021714;22;6;2022;16:29;1;63;63014;2;1;1;3;ROCHE GENES (RUE);45,7603800000;3,1198800000
202200021760;18;4;2022;09:50;1;09;09122;2;9;1;6;LABARRE;42,9620260000;1,6039110000
202200021764;18;4;2022;17:45;1;75;75105;2;2;1;3;PLACE SAINT MICHEL;48,8537750769;2,3443217576
202200021771;17;4;2022;23:15;5;75;75117;2;2;1;3;BOULEVARD PEREIRE;48,8838250000;2,2951670000
202200021777;23;6;2022;11:00;1;29;29232;2;1;1;1;Rue de Pen Ar Steir;47,9969640000; -4,1059970000
202200021781;17;4;2022;21:30;5;75;75104;2;3;1;6;RUE DE RIVOLI;48,8552110000;2,3611580000
202200021782;18;4;2022;10:50;1;75;75104;2;3;1;3;BOULEVARD BOURDON;48,8493280000;2,3665770000
202200021793;23;6;2022;16:30;1;17;17300;2;2;1;3;GUITON   AVENUE JEAN (9-165 et 4);46,1598200000; -1,1662100000
202200021809;19;4;2022;13:26;1;29;29146;1;1;1;7;Rue des Chataigniers;47,8945710000; -3,8433690000
202200021841;7;10;2022;07:40;1;06;06069;1;9;1;3;DRAGUIGNAN (ROUTE DE) - D2562-;43,6439570000;6,9029280000
202200021843;17;6;2022;18:35;1;03;03095;2;1;1;3;Avenue de Vichy;46,1346300000;3,4435400000
202200021865;7;10;2022;18:35;1;75;75119;2;1;1;2;NON DENOMMEE EF/19;48,8952140000;2,3765590000
202200021868;23;6;2022;13:10;1;75;75111;2;3;1;3;AVENUE PARMENTIER;48,8611560000;2,3778410000
202200021876;22;6;2022;22:30;5;75;75107;2;2;1;2;BOULEVARD DE LA TOUR MAUBOURG;48,8611120000;2,3102920000
202200021878;22;6;2022;11:50;1;75;75107;2;2;1;3;AVENUE DUQUESNE;48,8540800000;2,3063540000
202200021879;6;10;2022;19:15;2;75;75112;2;3;1;6;BOULEVARD SOULT;48,8381990000;2,4084370000
202200021887;23;6;2022;12:15;1;94;94028;2;1;1;3;Avenue de la Brèche;48,7842000000;2,4541900000
202200021890;7;10;2022;20:15;5;75;75108;2;1;1;3;AVENUE DE WAGRAM;48,8758520000;2,2966500000
202200021906;7;10;2022;09:00;1;94;94059;2;6;1;3;Avenue Maurice Berteaux / Avenue Paul Lafargue;48,8160864516;2,5620531087
202200021908;6;10;2022;16:00;1;94;94017;2;3;1;3;Avenue Jack Gourévitch / Rue de Lonray;48,8223200000;2,4885100000
202200021911;7;10;2022;09:00;1;94;94075;2;9;1;3;Rue de la Garenne;48,7249030000;2,5291000000
202200021921;7;10;2022;20:00;5;92;92073;2;1;1;3;BOMBIGER (RUE DU DOCTEUR MARC);48,8627020000;2,2123830000
202200021925;7;10;2022;16:30;1;92;92049;2;1;1;1;BRIAND AVENUE ARISTIDE AUTRES N°;48,8169380000;2,3254610000
202200021926;7;10;2022;17:50;1;92;92044;2;2;1;3;VIC. HUGO(RUE)077A089 ET 090A110;48,8959600000;2,2964600000
202200021927;7;10;2022;12:50;1;92;92040;2;7;1;2;GABRIEL PERI;48,8212700000;2,2737100000
202200021956;6;10;2022;16:41;1;29;29146;1;2;1;3;Kerampaou;47,8892440000; -3,7975680000
202200021973;4;10;2022;15:15;1;38;38485;2;1;1;3;D1532;45,1802860000;5,6966530000
202200022006;4;10;2022;18:15;5;973;97302;2;1;1;7;PETIT MONACO (ROND-POINT);4,9412908343; -52,3213389516
202200022011;6;10;2022;09:00;1;69;69382;2;1;1;3;Quai Docteur Gailleton;45,7529000000;4,8334000000
202200022022;6;10;2022;08:30;1;83;83137;2;6;1;3;3EME RGT DES TIRAILLEURS ALGERIENS (AVE);43,1187400000;5,9457300000
202200022031;4;10;2022;17:50;1;72;72181;2;1;1;4;DURAND GEORGES (AV) N° IMP 1 A 141;47,9780200000;0,2133900000
202200022035;5;10;2022;16:02;1;67;67482;2;1;1;3;ROBERTSAU (ALLEE DE LA);48,5905100000;7,7675500000
202200022037;6;10;2022;13:20;1;64;64284;2;6;1;3;avenue du corps franc pommies;43,2929400000; -0,3866000000
202200022049;6;10;2022;11:30;1;51;51454;2;7;1;1;place du Général Gouraud;49,2440900000;4,0495900000
202200022058;6;11;2022;10:30;1;06;06065;2;1;1;1;Route de Saint-Jeannet;43,7350420000;7,1522340000
202200022060;6;10;2022;08:10;1;35;35238;2;3;1;3;;48,1080360000; -1,7007360000
202200022073;6;10;2022;08:03;2;29;29019;2;6;1;3;rue Victor Hugo;48,3915115440; -4,4805014133
202200022075;5;10;2022;12:15;1;27;27375;2;3;1;3;CROS (RUE CHARLES);49,2308500000;1,1695700000
202200022081;15;11;2022;18:20;3;62;62793;1;1;8;2;D57;50,4193270000;2,6345020000
202200022108;12;11;2022;19:50;5;91;91191;2;3;1;3;REPUBLIQUE (AVENUE DE LA);48,7207550000;2,4511890000
202200022120;10;11;2022;08:30;1;68;68066;2;1;1;3;ALSACE (RUE D');48,0809900000;7,3641000000
202200022130;13;11;2022;16:15;1;59;59599;2;2;1;3;DRAGON (RUE);50,7180890000;3,1482640000
202200022131;30;1;2022;07:22;5;59;59646;2;6;1;3;JAURES (RUE JEAN);50,6790409052;3,1363338232
202200022142;4;2;2022;15:51;1;29;29019;2;2;6;3;Rue Gustave Zédé;48,4166120000; -4,4631000000
202200022145;30;1;2022;18:55;5;26;26362;2;1;1;3;GAMBETTA AVENUE (303);44,9310200000;4,8866200000
202200022149;13;11;2022;14:40;1;38;38185;2;2;1;3;BOULEVARD MARÉCHAL FOCH;45,1807200000;5,7195600000