Num_Acc;jour;mois;an;hrmn;lum;dep;com;agg;int;atm;col;adr;lat;long
202200022163;30;1;2022;15:20;1;75;75114;2;1;1;6;BOULEVARD BRUNE;48,8278780000;2,3048080000
202200022178;30;1;2022;17:17;1;93;93007;2;2;1;1;JULES GUESDE (AVENUE);48,9439490000;2,4457900000
202200022202;13;11;2022;09:46;1;75;75116;2;7;1;3;RUE CLAUDE FARRERE;48,8423620000;2,2515010000
202200022229;30;1;2022;21:00;5;971;97131;2;1;1;7;Rue la Savane;15,8633780000; -61,5839860000
202200022239;17;1;2022;17:00;1;59;59268;2;6;1;3;Rue de la lys;50,6343808793;2,7361978590
202200022272;29;1;2022;20:15;5;69;69034;2;1;1;2;70 Montée des Soldats;45,7974100000;4,8529100000
202200022280;13;11;2022;15:15;1;64;64433;2;1;1;3;Route de Bedous;42,9953690000; -0,6140540000
202200022283;13;11;2022;23:15;3;73;73084;1;1;1;2;D1006;45,5067040000;6,0265750000
202200022287;29;1;2022;10:00;1;64;64445;2;1;7;3;Cours Léon Bérard;43,3121900000; -0,3674100000
202200022293;29;1;2022;11:00;1;59;59350;2;2;2;3;BAPAUME RUE DE;50,6195006500;3,0580508709
202200022300;29;1;2022;19:25;5;45;45338;2;1;2;2;Rue Rene Grognet;47,9870602007;2,7148354053
202200022312;10;11;2022;09:35;1;13;13114;1;3;1;3;Route de Berre;43,5406900000;5,2648120000
202200022324;13;11;2022;11:30;1;13;13004;1;1;1;2;Route des Marais;43,5715580000;4,7342080000
202200022340;10;11;2022;13:33;1;56;56125;1;1;1;2;Le Petit Penhy;48,0725270000; -3,0224530000
202200022341;29;1;2022;12:35;1;75;75112;2;2;1;3;AVENUE DAUMESNIL;48,8486320000;2,3725800000
202200022343;13;11;2022;10:40;1;29;29161;2;6;1;2;Rond Point de l'Ecole;47,9074964400; -4,0504604650
202200022351;29;1;2022;18:45;5;75;75103;2;4;8;6;RUE DE TURBIGO;48,8668580000;2,3619560000
202200022360;25;7;2022;14:00;1;37;37233;2;3;1;3;AUDENET (RUE MARTIN);47,3851428344;0,7110562921
202200022362;25;7;2022;18:15;1;35;35238;2;1;1;3;41°REGIMENT D'INFANTERIE (AVENUE);48,1179313900; -1,6857442260
202200022381;25;7;2022;13:20;1;27;27306;2;9;1;3;SAINT ANDRE (ROUTE DE);49,0089500000;1,1676200000
202200022408;25;5;2022;18:05;1;10;10297;2;1;1;3;JULES GUESDE (BDL);48,3146700000;4,0991090000
202200022412;25;5;2022;11:40;1;10;10387;2;1;1;2;CARNOT (RUE);48,2969274406;4,0665292740
202200022424;30;1;2022;17:15;2;58;58238;1;1;1;2;RD 176 PR 03+260;47,0100210000;3,2142730000
202200022435;25;7;2022;07:50;1;01;01344;2;9;7;3;;46,2001000000;5,1921700000
202200022456;24;7;2022;15:30;1;75;75115;2;2;1;3;RUE DE LOURMEL;48,8466920000;2,2889160000
202200022462;25;7;2022;01:45;5;75;75112;2;3;1;6;AVENUE DAUMESNIL;48,8452970000;2,3794950000
202200022467;25;7;2022;20:00;1;75;75111;2;3;1;3;BOULEVARD DU TEMPLE;48,8645720000;2,3658350000
202200022482;24;7;2022;23:30;5;75;75110;2;7;1;3;PLACE FRANZ LISZT;48,8779070000;2,3516410000
202200022488;12;11;2022;11:57;1;64;64445;2;3;1;3;rue de l'abbé Brémond;43,3068250000; -0,3664340000
202200022490;25;7;2022;03:45;5;75;75115;2;3;1;3;QUAI DE GRENELLE;48,8529070000;2,2865700000
202200022493;24;5;2022;19:50;1;75;75117;2;4;1;3;AVENUE MAC MAHON;48,8780010000;2,2943209432
202200022494;25;7;2022;10:30;1;75;75107;2;1;1;1;QUAI BRANLY;48,8577160000;2,2915690000
202200022500;24;7;2022;16:50;1;94;94068;2;9;1;6;GUYNEMER (AV);48,7855510000;2,4826960000
202200022506;25;7;2022;14:30;1;94;94079;2;3;1;1;Rue Guillaume Bude / Avenue Emile Bernier;48,8253682291;2,5423023105
202200022511;25;5;2022;10:45;1;75;75111;2;2;1;3;BOULEVARD BEAUMARCHAIS;48,8558222586;2,3684991896
202200022515;24;5;2022;22:40;5;75;75111;2;3;1;3;RUE OBERKAMPF;48,8666109347;2,3812812567
202200022523;24;5;2022;07:40;1;75;75111;2;1;1;6;RUE LOUIS BONNET;48,8705888999;2,3765686154
202200022532;25;5;2022;16:45;1;75;75109;2;2;1;6;RUE DE ROCHECHOUART;48,8787555584;2,3453141749
202200022539;25;5;2022;02:03;5;75;75102;2;2;1;3;BOULEVARD MONTMARTRE;48,8714874858;2,3430651426
202200022543;24;5;2022;19:30;2;75;75108;2;2;1;6;AVENUE HOCHE;48,8752039785;2,2984734178
202200022550;22;7;2022;16:45;1;65;65130;1;1;1;7;Rue du Pic du Midi;43,5702470000; -0,0087870000
202200022552;25;5;2022;18:12;1;75;75102;2;5;1;3;RUE REAUMUR;48,8677686587;2,3454610258
202200022559;20;7;2022;16:15;1;74;74112;2;2;1;3;14 Avenue des Alpes;45,9374790000;6,0780890000
202200022570;24;7;2022;12:15;1;59;59135;1;3;1;7;rue d'aire intersection meulen straete;50,7762873463;2,4790102243
202200022574;24;5;2022;18:15;1;94;94022;2;1;2;7;Boulevard de Stalingrad;48,7725400000;2,4002700000
202200022580;25;7;2022;11:30;1;71;71300;1;2;1;3;RD 311 - intersection route du truchet;46,5256970000;5,3218890000
202200022585;25;7;2022;17:35;1;44;44006;1;1;1;1;1 Route de Limarzel;47,4444560000; -2,4434120000
202200022589;26;7;2022;14:00;1;29;29220;1;6;1;3;Kermaria;47,8807150000; -4,2173980000
202200022602;26;7;2022;10:05;1;43;43174;1;1;7;2;Route de Tallobre;44,9922940000;3,8301460000
202200022614;24;5;2022;07:45;1;93;93001;2;2;1;3;Avenue Victor Hugo / Entrepôts et Mag Généraux;48,9025410000;2,3709230000
202200022615;24;7;2022;09:00;1;30;30062;1;1;7;7;Route Départementale 107;43,8026640000;4,1552780000
202200022621;24;7;2022;10:40;1;38;38212;1;1;1;7;RD 1091;45,1144810000;5,9598680000
202200022622;24;5;2022;18:50;1;92;92064;2;1;1;3;GOUNOD;48,8429205858;2,2127712071
202200022638;25;5;2022;07:10;1;92;92025;2;1;1;2;VALMY (BD DE);48,9306210000;2,2551500000
202200022644;23;5;2022;22:30;5;92;92012;2;2;3;3;GALLIENI (RUE) 142/FIN;48,8361700000;2,2366300000
202200022647;26;7;2022;09:25;1;74;74003;1;6;1;2;D16;45,8916290000;6,2509950000
202200022688;24;7;2022;10:45;1;69;69386;2;1;1;3;Place Jules Ferry;45,7679416089;4,8589505239
202200022704;23;7;2022;21:50;1;77;77186;2;1;1;6;ARMES (PLACE D');48,4035600000;2,7015200000
202200022705;26;4;2022;15:05;1;74;74042;2;6;1;3;Avenue des Glières;46,0740570000;6,4025620000
202200022733;24;7;2022;19:45;1;35;35238;2;6;1;2;SUEDE (DE);48,0868000000; -1,6820600000
202200022748;24;7;2022;16:14;1;32;32013;2;1;1;7;MASSENA (RUE);43,6490000000;0,5906000000
202200022775;16;12;2022;17:10;2;35;35045;1;1;7;2;D777;47,8014049089; -1,9732998312
202200022829;24;7;2022;13:00;1;19;19042;1;1;1;7;eyzac;45,3271910000;1,6255640000
202200022871;15;12;2022;08:50;1;69;69034;2;1;1;3;375 Boulevard des Canuts;45,7853800000;4,8329700000
202200022890;15;12;2022;17:41;5;71;71270;2;2;2;1;Route de Lyon;46,2885200000;4,8110400000
202200022902;15;12;2022;13:55;1;54;54547;2;2;1;3;JAURES (AVENUE JEAN);48,6628451363;6,1623403430
202200022904;16;12;2022;18:24;5;49;49007;2;9;1;6;ROE;47,4728873801; -0,5533350259
202200022920;15;12;2022;08:00;2;33;33318;2;3;8;3;Avenue du Bourgailh;44,8011732666; -0,6633880734
202200022921;14;12;2022;22:30;5;33;33063;2;1;1;2;Cours d'Albret;44,8357626737; -0,5807438493
202200022940;16;12;2022;13:00;1;75;75105;2;1;1;6;RUE PASCAL;48,8383630000;2,3495940000
202200022941;16;12;2022;06:30;5;75;75120;2;3;1;6;RUE DE MENILMONTANT;48,8683094304;2,3881718516
202200022952;13;12;2022;22:40;5;75;75114;2;1;1;3;RUE CABANIS;48,8303040000;2,3396140000
202200022954;16;12;2022;17:35;5;75;75113;2;2;1;6;RUE NEUVE TOLBIAC;48,8306230000;2,3768320000
202200022958;16;12;2022;14:29;1;75;75107;2;2;1;7;QUAI BRANLY;48,8605350000;2,2956410000
202200022961;16;12;2022;04:15;5;75;75103;2;7;1;3;PLACE DE LA REPUBLIQUE;48,8673407653;2,3633546005
202200022975;16;12;2022;09:35;1;93;93066;2;1;1;6;Rue du Landy;48,9145817779;2,3479414753
202200022977;16;12;2022;10:25;1;93;93049;2;1;1;3;Avenue Aristide Briand;48,8747800000;2,5121700000
202200022985;15;12;2022;08:20;1;92;92063;2;9;1;6;EMPEREUR (ROUTE DE L') EST;48,8605296353;2,1867331266
202200022987;16;12;2022;18:59;5;92;92020;2;6;9;7;KLEBER TUE;48,7981010271;2,2829670310
202200023010;9;3;2022;06:05;5;91;91421;2;1;1;3;MARECHAL  LYAUTEY (AVENUE DU);48,6993700000;2,4722800000
202200023041;16;12;2022;19:10;3;34;34145;2;1;1;1;32 Chemin Mas Saint Julien;43,6614815849;4,1590185463
202200023051;14;11;2022;08:20;2;85;85003;2;6;2;1;RD978;46,7509091000; -1,6239729000
202200023054;9;3;2022;19:00;5;44;44162;2;6;1;3;Avenue Condorcet;47,2293410000; -1,6080670000
202200023055;6;3;2022;08:50;1;43;43157;2;1;1;6;Route de Montredon;45,0555206050;3,9026355743
202200023059;8;3;2022;13:30;1;35;35238;2;1;2;3;VEZIN (ROUTE DE);48,1163800000; -1,7117000000
202200023061;9;3;2022;09:27;1;33;33075;2;3;1;3;Route du Médoc;44,8735330234; -0,6172285974
202200023074;9;3;2022;18:19;2;75;75106;2;1;1;2;RUE D ASSAS;48,8483210000;2,3291950000
202200023079;9;3;2022;20:40;5;75;75117;2;2;1;3;RUE DE ROME;48,8832900000;2,3192640000
202200023084;9;3;2022;13:45;1;75;75110;2;1;1;6;BOULEVARD DE MAGENTA;48,8816370000;2,3512740000
202200023086;8;3;2022;13:00;1;75;75108;2;2;1;6;AVENUE MATIGNON;48,8699336638;2,3119456711
202200023087;8;3;2022;09:45;1;75;75101;2;1;1;1;Quai Aimé Césaire;48,8613979033;2,3284624849
202200023118;10;3;2022;15:15;1;58;58079;2;1;1;3;Route de Varzy;47,4503940000;3,5048960000
202200023121;10;3;2022;16:40;1;60;60584;2;1;1;7;5 Rue Salvador Allende;49,2153040000;2,4073820000
202200023127;9;3;2022;17:30;1;35;35131;1;1;8;2;D35;48,1217570000; -1,8299960000
202200023141;9;3;2022;17:30;1;01;01262;2;3;1;3;Chemin de la Maladière;45,8479010000;5,0507610000
202200023145;3;9;2022;17:00;1;29;29019;2;2;1;3;rue de Kerourien;48,3828800000; -4,5386200000
202200023151;3;9;2022;21:10;5;10;10387;2;2;1;3;BLANQUI (RUE);48,3050800000;4,0531700000
202200023155;3;9;2022;17:00;1;75;75105;2;2;1;2;RUE LACEPEDE;48,8437960000;2,3523050000
202200023168;3;9;2022;02:00;5;75;75111;2;1;1;6;RUE BASFROI;48,8538130000;2,3802270000
202200023182;9;3;2022;06:48;1;988;98818;2;3;1;3;Piste cyclabe VDE/RUE MAURICE MEUNIER; -22,2781200000;166,4687500000
202200023195;8;3;2022;08:45;2;69;69388;2;1;1;3;Rue Henri Barbusse;45,7302477573;4,8556162589
202200023209;4;9;2022;08:30;1;62;62506;2;1;1;2;Rue Armand Leroy;50,7841330000;1,9275090000
202200023210;7;3;2022;16:10;1;91;91223;2;6;1;3;BONNEVAUX (AVENUE DE);48,4288700000;2,1581900000
202200023215;30;8;2022;17:45;1;91;91553;2;6;7;3;Route de Lieusaint;48,6202290000;2,4899380000
202200023224;4;9;2022;13:00;1;76;76050;2;2;1;3;2087 Rue des Tisserands;49,8488300000;0,9525030000
202200023240;3;9;2022;15:30;1;38;38409;1;4;1;3;D71;45,1060610000;5,2763770000
202200023243;8;3;2022;08:50;1;69;69029;2;1;1;6;Avenue François Mitterrand;45,7382800000;4,9240200000
202200023256;7;3;2022;12:27;1;63;63113;2;1;1;6;CLEMENTEL (BD ETIENNE);45,7967600000;3,1125800000
202200023324;2;9;2022;08:50;1;69;69388;2;3;1;3;Avenue Jean Mermoz;45,7323900000;4,8825900000
202200023342;2;9;2022;21:10;5;71;71499;2;1;1;7;JEAN ZAY (RUE);46,6500000000;4,3100000000
202200023352;2;9;2022;06:40;1;51;51454;2;3;1;3;avenue Georges Clemenceau;49,2518900000;4,0447900000
202200023356;3;9;2022;01:18;5;44;44109;2;1;1;3;28 Boulevard Gustave Roch;47,2039400000; -1,5514700000
202200023357;3;9;2022;00:50;5;44;44109;2;1;1;3;20 Rue du Calvaire;47,2153600000; -1,5616400000
202200023361;1;9;2022;12:10;1;37;37261;2;1;1;3;BERT (QUAI PAUL);47,4028516457;0,6980395317
202200023364;1;9;2022;18:10;1;34;34172;2;3;1;3;Avenue de Toulouse;43,5983150340;3,8651999831
202200023391;2;9;2022;12:45;1;75;75120;2;1;8;3;RUE DES FRERES FLAVIEN;48,8772770000;2,4116180000
202200023396;2;9;2022;13:00;1;75;75113;2;2;2;3;RUE BRILLAT SAVARIN;48,8225880000;2,3440340000
202200023400;1;9;2022;10:00;1;75;75101;2;4;1;3;PONT NEUF;48,8584990000;2,3425110000
202200023403;2;9;2022;17:15;1;94;94068;2;2;1;3;GENERAL FERRIE (BD DU);48,8059550000;2,4681900000
202200023417;14;4;2022;10:45;1;13;13072;1;1;1;7;D56b;43,4531308697;5,6337108511
202200023419;19;4;2022;19:30;1;25;25047;2;9;1;3;19 Rue de la Prairie;47,3482950000;6,3563690000
202200023422;2;9;2022;18:00;1;92;92020;2;2;1;3;PARIS AVENUE DE N°84 A FIN;48,8110000000;2,3000000000
202200023431;16;4;2022;16:35;1;69;69383;2;1;1;3;Boulevard Marius Vivier-Merle;45,7584300000;4,8581900000
202200023446;17;4;2022;15:30;1;59;59350;2;3;1;6;ESCH SUR ALZETTE RUE;50,6401325191;3,0769082307
202200023451;17;4;2022;22:10;5;31;31555;2;1;1;3;PONT PIERRE DE COUBERTIN;43,5843200000;1,4344200000
202200023452;16;4;2022;17:55;1;29;29151;1;6;7;3;D786 - Giratoire de la Vierge Noire;48,5930100000; -3,8293600000
202200023458;17;4;2022;09:25;1;06;06069;2;1;1;3;VICTORIA (AVENUE ET TRAVERSE);43,6637480000;6,9275540000
202200023464;17;4;2022;11:50;1;75;75119;2;2;1;2;AVENUE DE FLANDRE;48,8842490000;2,3692170000
202200023466;17;4;2022;11:20;1;75;75118;2;2;1;3;RUE MARCADET;48,8903780000;2,3533380000
202200023467;17;4;2022;15:45;1;75;75116;2;1;1;3;ROUTE DES TRIBUNES;48,8552060000;2,2286890000
202200023496;17;4;2022;20:10;1;93;93063;2;3;1;3;Boulevard Edouard Branly / A3;48,8761220000;2,4409740000
202200023499;17;4;2022;09:30;1;93;93005;2;1;1;3;Boulevard Charles Floquet;48,9336960000;2,5040980000
202200023502;23;6;2022;17:25;1;62;62340;2;1;1;3;Rue Amand Montois;50,4933920000;2,4238960000
202200023504;17;4;2022;11:00;1;92;92026;2;2;1;3;RÉPUBLIQUE ( DE 82 A FIN );48,9030911180;2,2560765445
202200023578;24;6;2022;12:20;1;86;86121;2;2;1;3;Rue du Château d Eau;46,6277640000;0,0758480000
202200023649;5;5;2022;09:50;1;76;76351;2;3;1;2;Rue Georges Braque;49,4952900000;0,1018500000
202200023650;22;6;2022;09:30;1;71;71270;1;1;1;3;Route des Allemands;46,2838830000;4,7760470000
202200023653;16;6;2022;14:20;1;68;68066;2;9;1;3;LECLERC (BOULEVARD DU GENERAL);48,0730440000;7,3544250000
202200023673;21;6;2022;17:35;1;49;49328;2;6;1;3;MEHEL (ROND-POINT LUCIEN);47,2748100000; -0,0611100000
202200023681;22;6;2022;21:25;2;37;37233;2;6;8;3;ERIDENCE (RUE DE L');47,3951918126;0,7261101902
202200023683;22;6;2022;07:50;1;37;37261;2;3;1;3;VAILLANT (RUE EDOUARD);47,3842420735;0,7012809813
202200023685;22;6;2022;17:40;1;35;35238;2;1;3;3;BREIL (RUE DU);48,0958634062; -1,6333838180
202200023687;22;6;2022;08:30;1;35;35238;2;6;1;3;LANGUEDOC (AVENUE DU);48,1159638755; -1,7049575597
202200023710;18;6;2022;10:50;1;03;03190;2;1;1;6;Rue Paul Bert;46,5640000000;3,3315500000
202200023713;16;4;2022;12:54;1;15;15014;2;6;1;2;DOUMER (AVENUE PAUL);44,9231970000;2,4425860000
202200023718;22;6;2022;00:15;4;75;75119;2;7;1;1;PLACE AUGUSTE BARON;48,9008670000;2,3883290000
202200023722;22;6;2022;19:00;1;75;75117;2;3;1;3;RUE CARDINET;48,8902590000;2,3172120000
202200023728;22;6;2022;12:55;1;75;75113;2;3;1;3;QUAI DE LA GARE;48,8356730000;2,3753640000
202200023736;16;4;2022;22:20;5;75;75120;2;2;1;6;RUE DE MENILMONTANT;48,8683080000;2,3881700000
202200023737;22;6;2022;09:50;1;75;75109;2;2;1;1;RUE LA FAYETTE;48,8771790000;2,3489800000
202200023740;16;4;2022;18:05;1;75;75117;2;2;1;6;RUE CARDINET;48,8886163385;2,3156449199
202200023741;22;6;2022;16:56;1;75;75116;2;3;1;3;AVENUE KLEBER;48,8661210000;2,2894840000
202200023749;16;4;2022;16:05;1;75;75114;2;7;1;6;AVENUE DU COLONEL HENRI ROL TANGUY;48,8344497934;2,3324315250
202200023750;21;6;2022;08:15;1;94;94068;2;6;1;3;D'ADAMVILLE KENNEDY (PL);48,7933890000;2,4873080000
202200023751;15;4;2022;17:20;1;75;75114;2;1;1;7;BOULEVARD BRUNE;48,8255600000;2,3153100000
202200023753;15;4;2022;20:00;1;75;75112;2;4;1;3;RUE DE LYON;48,8494861453;2,3709542701
202200023755;16;4;2022;18:50;1;75;75111;2;3;1;3;RUE DE LA ROQUETTE;48,8587022897;2,3843295872
202200023779;22;6;2022;09:50;1;92;92040;2;1;1;3;QUATRE SEPTEMBRE (DU);48,8283100000;2,2857600000
202200023788;17;6;2022;19:46;1;92;92071;2;1;1;2;GENERAL LECLERC (AVENUE DU);48,7716960004;2,3121510744
202200023789;22;6;2022;17:00;1;60;60130;1;9;1;1;Rue de Sacy-le-Grand;49,3653690000;2,5262760000
202200023803;6;10;2022;18:00;1;27;27229;2;2;1;1;SAINT GERMAIN (RUE);49,0195500000;1,1391400000
202200023808;5;10;2022;16:20;1;10;10362;1;1;1;4;;48,2965500000;4,0060000000
202200023813;5;10;2022;10:40;1;03;03321;2;3;1;7;BERGERON-VEBRET (RUE);46,5652000000;3,3553000000
202200023818;5;10;2022;14:05;1;75;75111;2;1;1;3;RUE ALEXANDRE DUMAS;48,8531100000;2,3904450000
202200023819;6;10;2022;09:40;1;75;75106;2;5;1;1;RUE DE VAUGIRARD;48,8450960000;2,3201460000
202200023820;6;10;2022;00:33;5;75;75105;2;2;1;1;PLACE SAINT MICHEL;48,8537540000;2,3442760000
202200023826;6;10;2022;11:30;1;75;75119;2;3;1;3;AVENUE JEAN JAURES;48,8889520000;2,3937230000
202200023828;6;10;2022;14:20;1;75;75117;2;1;1;3;RUE DE COURCELLES;48,8887060000;2,2935760000
202200023829;6;10;2022;09:30;1;75;75117;2;1;1;3;RUE JACQUES KELLNER;48,8968980000;2,3246590000
202200023830;6;10;2022;15:39;1;75;75116;2;2;1;3;PLACE DE LA PORTE D AUTEUIL;48,8485430000;2,2591590000
202200023854;6;10;2022;19:50;5;92;92050;2;3;1;3;JOLIOT CURIE F. ET IRENE AVENUE  N°PAIRS;48,8937400000;2,2119800000
202200023856;6;10;2022;17:35;1;92;92026;2;1;1;2;PRÉSIDENT PAUL DOUMER (QUAI DU);48,8924375440;2,2591661811
202200023858;6;10;2022;12:50;1;26;26139;1;2;1;3;D608;45,0775360000;5,0772050000
202200023868;6;10;2022;14:50;1;32;32160;1;1;1;7;Chemin de Moufielle;43,6221720000;1,1190790000
202200023878;4;10;2022;15:15;1;72;72175;1;1;1;3;Lieu Dit la Blandiniere;47,7125750000;0,0996630000
202200023913;6;10;2022;17:00;2;13;13027;1;1;1;2;D32 - chemin st gabriel;43,8729200000;4,8460330000
202200023919;7;10;2022;07:00;2;67;67033;1;6;1;3;departementale 519;48,7587070000;7,7007290000
202200023930;28;1;2022;20:20;5;76;76216;2;1;8;2;Rue des Grosses Pierres;49,4690000000;1,0380000000
202200023943;30;9;2022;15:30;1;76;76540;2;9;1;3;Rue Robert Schuman;49,4381340000;1,1050490000
202200023949;28;1;2022;17:00;1;64;64024;2;3;1;3;Rue du Moulin Barbot;43,4997100000; -1,5365800000
202200023957;28;1;2022;18:10;5;57;57480;2;3;1;1;MARTYRS DE LA RESISTANCE (RUE DES );49,0998200000;6,1557600000
202200023971;11;11;2022;10:46;1;42;42127;1;2;1;3;Route du Bois Courtin;46,0865200000;4,0456100000
202200023974;28;1;2022;11:35;1;50;50147;2;9;1;2;VERDUN (AVENUE DE);49,0391400000; -1,4465500000
202200023977;13;11;2022;00:10;5;33;33039;2;2;1;3;Boulevard Jean-Jacques Bosc;44,8133510934; -0,5555123091
202200023983;11;11;2022;18:10;5;31;31555;2;1;1;2;BILLIERES (AV ETIENNE) DU 1AU 78;43,5976500000;1,4293200000
202200023987;27;1;2022;10:46;1;49;49007;2;3;1;2;POUSSET;47,4717700000; -0,5382000000
202200023990;27;1;2022;17:06;1;49;49007;2;2;1;3;CAMUS BOULEVARD;47,4873341749; -0,5737137794
202200024016;26;7;2022;12:10;1;14;14047;2;6;1;3;D5A;49,2755330000; -0,7160800000
202200024029;9;6;2022;14:15;1;14;14623;2;1;1;3;D89;49,1172150000; -0,3716630000
202200024041;11;11;2022;11:40;1;69;69386;2;9;1;6;Rue Vauban;45,7652475067;4,8476368189
202200024050;5;10;2022;17:50;1;69;69383;2;2;1;3;Rue Paul Bert;45,7570200000;4,8527600000
202200024053;10;11;2022;20:35;5;95;95252;2;1;1;3;Rue du Général Leclerc;48,9869118715;2,2171595693
202200024058;5;10;2022;20:10;5;972;97209;1;1;2;3;MARNE (BOULEVARD DE LA);14,6047700000; -61,0845800000
202200024059;11;11;2022;15:49;1;91;91114;1;9;1;3;PL DE LA PYRAMIDE;48,6836880000;2,4910880000
202200024063;11;11;2022;11:10;1;81;81021;1;1;1;3;RN 112;43,5104400000;2,3475900000
202200024064;5;10;2022;17:45;1;69;69149;2;2;1;3;Grande Rue;45,7100500000;4,7997300000
202200024083;11;11;2022;19:25;5;64;64122;2;1;1;3;Avenue Edith Cavell;43,4909230000; -1,5447400000
202200024085;28;1;2022;16:25;1;75;75103;2;3;1;2;BOULEVARD BEAUMARCHAIS;48,8595010000;2,3676100000
202200024088;28;1;2022;14:45;1;75;75104;2;2;1;6;RUE DE RIVOLI;48,8559590000;2,3579720000
202200024119;11;11;2022;16:40;1;22;22278;2;1;1;3;COQUELIN;48,5067400000; -2,7840500000
202200024128;4;10;2022;18:30;1;64;64445;2;1;1;3;boulevard Lucien Favre;43,3189000000; -0,3605300000
202200024134;11;11;2022;17:25;1;13;13073;1;1;1;3;DES TERMES (ROUTE) RD 908;43,3841917008;5,5587289433
202200024142;1;10;2022;18:00;1;63;63113;2;5;1;1;JAURES (BD JEAN);45,7677973016;3,0818849802
202200024154;10;11;2022;19:50;5;75;75112;2;1;1;6;BOULEVARD DE BERCY;48,8398720000;2,3828250000
202200024158;14;9;2022;09:00;1;58;58194;2;2;1;3;MONTOTS;46,9896400000;3,1341200000
202200024173;12;11;2022;18:35;5;75;75111;2;4;1;3;BOULEVARD VOLTAIRE;48,8626480000;2,3718800000
202200024175;5;10;2022;14:58;1;47;47001;1;1;1;3;TISSIDRE (AV. ANDRE);44,1818800000;0,6145400000
202200024177;12;11;2022;16:15;1;75;75110;2;2;1;3;RUE LA FAYETTE;48,8778910000;2,3516300000
202200024184;12;11;2022;17:00;5;75;75107;2;1;1;2;QUAI D ORSAY;48,8627100000;2,3066270000
202200024195;28;1;2022;17:00;1;64;64371;2;1;7;2;Boulevard gambetta;43,2233190000; -0,8907730000
202200024205;29;1;2022;10:10;1;21;21277;2;1;2;6;45 Rue de la Maladière;47,5286103344;5,3773498534
202200024206;5;10;2022;08:40;1;31;31555;2;6;1;3;AV DU PR GUY ESPAGNO;43,6141700000;1,3978500000
202200024207;12;11;2022;20:30;5;94;94018;2;1;1;3;1bis Avenue de la Liberte;48,8217669816;2,4022749066
202200024208;25;1;2022;11:00;1;85;85234;2;6;1;3;VC Rue des Sables;46,7919320000; -2,0534670000
202200024218;12;11;2022;10:05;1;93;93033;2;1;1;3;Avenue du Maréchal Joffre;48,8626200000;2,5768300000
202200024246;8;11;2022;15:34;1;91;91235;2;9;1;3;39 Rue Clément Ader;48,6221450000;2,3557240000
202200024254;28;1;2022;17:10;1;31;31417;2;6;1;2;Rue Principale;43,6169470000;1,2799230000
202200024261;28;1;2022;15:25;1;59;59252;1;2;1;3;4996 ROUTE DE QUESNOY;50,6872540000;2,9672620000
202200024276;16;9;2022;13:45;1;29;29189;2;6;1;3;47 rue Jean Fournier;48,3677390000; -4,3718390000
202200024284;27;1;2022;22:00;5;69;69386;2;1;1;7;226 Cours Lafayette;45,7637108377;4,8610156775
202200024301;27;1;2022;07:25;2;83;83137;2;1;1;3;CLEMENCEAU (BD GEORGES);43,1225700000;5,9393300000
202200024313;12;11;2022;14:50;1;43;43051;2;1;1;6;Route de Tence;45,0598280000;4,3008520000
202200024317;12;11;2022;14:00;1;36;36007;1;2;1;3;Route de Pellevoisin;46,9527830000;1,4327910000
202200024322;27;1;2022;08:45;1;73;73065;2;1;1;1;MIREMONT (CHEMIN DE);45,5592951838;5,9207924009
202200024334;12;11;2022;04:35;3;11;11266;1;1;1;2;D6139;43,0261410000;3,0102970000
202200024356;24;7;2022;10:35;1;01;01375;2;1;1;7;Route de la Perrette;46,2835840000;5,1179510000
202200024378;25;7;2022;19:05;1;06;06018;2;9;1;2;465 Route de la Mer;43,6250340000;7,1010960000
202200024382;24;5;2022;12:50;1;42;42092;1;1;1;7;Route des Brossettes;45,5001130000;4,3852400000
202200024389;20;5;2022;12:45;1;34;34173;1;1;1;1;D122;43,7326890000;3,4924290000
202200024401;7;11;2022;16:18;1;75;75106;2;2;8;3;RUE DAUPHINE;48,8560560000;2,3404620000
202200024410;25;7;2022;10:30;1;67;67458;2;3;1;2;24 Rue de la Sabliere;48,8271250000;7,7551730000
202200024411;11;11;2022;17:15;2;75;75119;2;2;1;5;AVENUE DE FLANDRE;48,8884660000;2,3738910000