Num_Acc;jour;mois;an;hrmn;lum;dep;com;agg;int;atm;col;adr;lat;long
202200026462;21;7;2022;14:58;1;75;75114;2;3;1;3;RUE VERCINGETORIX;48,8291250000;2,3064160000
202200026467;22;7;2022;10:25;1;75;75113;2;1;1;3;AVENUE D ITALIE;48,8214150000;2,3587710000
202200026470;21;4;2022;14:15;1;974;97406;2;1;1;1;rue Eugène-Rochetaing; -21,1411790000;55,6093280000
202200026471;22;7;2022;12:50;1;75;75111;2;3;2;3;RUE JEAN PIERRE TIMBAUD;48,8684070000;2,3795460000
202200026474;22;7;2022;10:00;1;75;75112;2;2;1;3;RUE JOSEPH KESSEL;48,8337250000;2,3824990000
202200026477;22;7;2022;00:42;5;75;75108;2;4;1;3;AVENUE DE WAGRAM;48,8754420000;2,2962470000
202200026482;20;7;2022;23:37;5;75;75107;2;3;1;2;QUAI BRANLY;48,8589650000;2,2933850000
202200026483;22;7;2022;16:45;1;75;75103;2;3;1;6;RUE DU TEMPLE;48,8651840000;2,3602330000
202200026489;21;7;2022;17:45;1;75;75102;2;3;1;3;BOULEVARD DE SEBASTOPOL;48,8678930000;2,3534640000
202200026514;14;12;2022;11:10;1;33;33063;2;1;8;3;Rue Antoine Bourdelle;44,8255655457; -0,5985778570
202200026541;14;12;2022;17:40;5;75;75117;2;7;1;2;PLACE DU MARECHAL JUIN;48,8853940000;2,2972570000
202200026542;17;7;2022;12:24;1;01;01325;1;4;1;3;D22;45,9609730000;5,1496750000
202200026546;13;12;2022;11:05;1;75;75114;2;2;1;3;AVENUE DU MAINE;48,8325920000;2,3250090000
202200026555;13;12;2022;19:30;5;75;75107;2;1;1;2;QUAI D ORSAY;48,8628780000;2,3169010000
202200026572;23;7;2022;10:40;1;54;54103;2;3;1;1;2 rue de l'eglise;49,1314171770;5,9156012516
202200026630;21;5;2022;15:30;1;51;51058;2;2;1;3;Rue de la Gazette;49,2238396245;3,9853951335
202200026632;23;7;2022;12:30;1;61;61394;1;1;1;7;248 Le Haut Buat;48,2849060000;0,5759450000
202200026649;21;5;2022;22:30;5;35;35238;2;3;1;3;SAINT-HELIER;48,1035909709; -1,6625508294
202200026657;23;7;2022;10:30;1;26;26299;1;1;1;3;D93;44,7626570000;5,3030490000
202200026662;3;7;2022;21:06;1;06;06032;2;1;1;7;Liaison Marquet;43,7273280000;7,4131640000
202200026682;15;12;2022;14:15;1;66;66145;2;3;1;3;;42,6263060000;2,8104831000
202200026683;21;5;2022;11:10;1;13;13005;2;6;1;3;SALENGRO (AVENUE ROGER);43,2971600000;5,5688100000
202200026703;23;7;2022;07:40;1;17;17337;2;6;7;2;route nationale;45,9758130000; -1,3526110000
202200026707;21;5;2022;12:30;1;75;75119;2;1;1;6;AVENUE SIMON BOLIVAR;48,8764164832;2,3785521090
202200026719;23;7;2022;02:15;5;74;74010;2;1;1;7;Route de Sacconges;45,8852510000;6,1093640000
202200026730;9;6;2022;07:40;1;91;91174;2;1;1;6;BD HENRI DUNANT;48,5948800000;2,4784700000
202200026732;4;6;2022;09:30;1;91;91174;2;3;1;3;BD JOHN KENNEDY;48,5868400000;2,4770600000
202200026779;13;12;2022;07:30;5;51;51454;2;1;1;3;rond-point porte Farman;49,2365100000;4,0713400000
202200026790;12;12;2022;18:05;5;35;35238;2;2;1;3;FOSSES (DES);48,1135500000; -1,6751000000
202200026791;16;6;2022;12:30;1;59;59219;1;1;7;3;D61;50,2529470000;3,3039560000
202200026811;21;7;2022;14:00;1;973;97302;2;1;1;3;Chemin de Troubiran;4,9220000000; -52,3039200000
202200026818;21;7;2022;07:10;1;2A;2A004;2;2;1;3;PAOLI DOMINIQUE  BD;41,9288600000;8,7375100000
202200026851;8;3;2022;17:05;1;22;22193;1;2;2;3;Trompe Souris;48,4162172862; -2,3857122663
202200026856;8;3;2022;17:22;1;81;81002;2;1;1;1;Avenue des Noisetiers;43,4986280000;2,3415060000
202200026860;1;3;2022;08:00;1;72;72373;2;2;1;3;Vibraye;48,0598970000;0,7285310000
202200026861;7;3;2022;14:45;1;60;60188;2;1;1;6;31 Rue Saint-Eloi;49,3890810000;3,0062740000
202200026898;6;3;2022;17:50;1;91;91434;2;1;7;2;ESCADRILLE NORMANDIE NIEMEN (AVENUE DE L;48,6470500000;2,3446800000
202200026908;6;3;2022;11:35;1;57;57630;2;2;1;3;FOCH (MARECHAL);48,7357000000;7,0564900000
202200026929;6;3;2022;18:00;1;75;75114;2;3;1;6;RUE DU DEPART;48,8418762352;2,3226240277
202200026930;6;3;2022;12:25;1;75;75114;2;1;1;3;AVENUE DU GENERAL LECLERC;48,8293040000;2,3281580000
202200026932;6;3;2022;11:15;1;75;75113;2;2;1;6;QUAI FRANCOIS MAURIAC;48,8322360000;2,3797740000
202200026962;6;3;2022;19:15;2;24;24520;2;1;1;6;Boulevard Henri Arlet;44,8900570000;1,2185330000
202200026981;23;2;2022;10:00;1;83;83094;1;1;1;6;Route de Grimaud;43,3188280000;6,5449980000
202200027009;4;3;2022;17:15;1;69;69259;2;1;2;1;Rue Ernest Renan;45,7257000000;4,8609400000
202200027012;4;3;2022;16:05;1;69;69385;2;1;1;3;4 Avenue Debrousse;45,7508058257;4,8150479794
202200027027;5;3;2022;16:40;1;50;50502;2;1;2;2;HAVIN;49,1146900000; -1,0928200000
202200027028;5;3;2022;17:00;1;45;45284;2;6;1;3;Avenue du Capitaine Jean;47,9107120000;1,9525870000
202200027055;1;9;2022;15:20;1;18;18008;1;1;1;3;;46,9730490000;2,3524050000
202200027058;31;8;2022;10:10;1;24;24259;1;2;1;3;D4;44,9339090000;0,4593010000
202200027069;1;9;2022;09:00;1;34;34145;2;1;1;3;Avenue du General de Gaulle;43,6801320000;4,1450800000
202200027073;1;9;2022;09:10;1;26;26170;1;2;1;3;Avenue de Provence;44,8896350000;4,9681650000
202200027111;31;8;2022;21:07;5;78;78440;2;2;1;3;EUROPE (AVENUE DE L');48,9758990000;1,9155770000
202200027112;30;8;2022;21:45;3;76;76447;2;4;1;2;MANOIR (DU);49,5555000000;0,1679800000
202200027128;30;8;2022;16:45;1;37;37261;2;1;1;6;NATIONALE (RUE);47,3905900000;0,6887200000
202200027130;31;8;2022;18:20;1;35;35238;2;2;1;1;GUINES (BD DE);48,1018524943; -1,6842743754
202200027132;31;8;2022;00:05;5;33;33063;2;1;1;3;Cours de l'Yser;44,8277700000; -0,5689000000
202200027139;27;8;2022;10:30;1;13;13054;2;2;1;3;MARECHAL JUIN (AV DU );43,4182000000;5,2182900000
202200027146;30;8;2022;17:45;1;75;75106;2;7;1;3;BOULEVARD DU MONTPARNASSE;48,8437650355;2,3243084550
202200027153;31;8;2022;10:25;1;75;75115;2;1;1;6;BOULEVARD GENERAL MARTIAL VALIN;48,8366050000;2,2762520000
202200027154;31;8;2022;09:35;1;75;75112;2;1;1;6;AVENUE DE GRAVELLE;48,8231880000;2,4305610000
202200027157;27;8;2022;21:25;1;75;75107;2;3;1;7;AVENUE DE LA BOURDONNAIS;48,8592290000;2,2977250000
202200027158;31;8;2022;20:20;2;75;75101;2;3;1;7;RUE DE VALOIS;48,8639150000;2,3381930000
202200027169;30;8;2022;17:10;1;93;93032;2;2;1;3;Allée des Chênes / Allee de la Dhuys;48,8945000000;2,5396700000
202200027171;30;8;2022;13:45;1;93;93014;2;1;1;3;Avenue Jean Moulin;48,9077055862;2,5558064638
202200027183;29;8;2022;21:50;5;92;92007;2;6;1;6;VAILLANT-COUTURIER (AVENU PAUL);48,7933660000;2,3158690000
202200027188;15;4;2022;13:50;1;53;53005;1;1;1;7;La Croix Verte;48,1709730000; -0,7928230000
202200027198;1;9;2022;18:40;1;31;31547;2;1;1;1;Route de Toulouse;43,5050050000;1,3220820000
202200027203;1;9;2022;07:20;1;74;74213;1;6;1;3;D14;45,9196950000;6,0835990000
202200027226;19;6;2022;08:40;1;74;74208;1;1;7;2;Route du Plateau d Assy;45,9266280000;6,6824140000
202200027237;16;4;2022;17:50;1;973;97305;1;1;1;5;Route Nationale 1;4,9127970000; -52,3719760000
202200027241;31;8;2022;16:25;1;01;01159;2;1;1;3;970 Grande Rue;46,3369270000;4,8907730000
202200027248;22;6;2022;14:00;1;65;65006;1;1;1;7;D113;42,8803670000;0,3214360000
202200027262;1;9;2022;06:55;1;987;98724;2;1;1;1;RT 111, district de Faie; -16,7344200000; -150,9988400000
202200027284;31;8;2022;17:00;1;71;71026;1;1;1;2;D906;46,6645800000;4,8664390000
202200027294;31;8;2022;15:38;1;81;81105;2;1;1;7;25 Rue de la Mégisserie;43,7606140000;1,9996810000
202200027296;31;8;2022;11:00;1;85;85178;2;4;1;7;VC Rue de la colonne;46,7677930000; -1,5101210000
202200027306;22;5;2022;18:05;1;45;45272;1;2;1;3;Rue de la Racinerie;47,8232400000;1,9546650000
202200027307;14;4;2022;13:35;1;69;69034;2;1;1;7;1 Montée du Vernay;45,8131800000;4,8496700000
202200027310;22;6;2022;14:39;1;73;73151;1;3;1;3;D2;45,4913070000;6,0256900000
202200027325;22;6;2022;11:10;1;85;85210;1;2;1;3;La Guittière;46,8226178657; -1,6260493269
202200027330;22;6;2022;11:30;1;30;30265;1;1;1;7;;43,9555064413;4,0137004852
202200027346;14;4;2022;12:00;1;59;59152;2;3;7;3;FLANDRE (RUE DE);50,7549000000;3,0064400000
202200027350;19;6;2022;11:00;1;34;34145;1;1;1;3;Chemin du Pont des Anes;43,6641990000;4,1494560000
202200027353;14;4;2022;18:55;1;56;56098;2;1;1;3;164 Rue Jean Jaurès;47,7696800000; -3,3509800000
202200027354;21;6;2022;11:30;1;06;06057;2;9;1;3;48 rue du chateau;43,8324850000;7,3529500000
202200027355;13;4;2022;13:50;1;51;51230;2;9;1;3;Rue du Limousin;49,0356336195;3,9563038945
202200027356;13;4;2022;17:50;1;49;49246;2;9;1;3;GALLIENI AVENUE;47,4345500000; -0,5251500000
202200027360;21;6;2022;15:09;1;04;04062;1;1;8;3;RD 900;44,4519410000;6,7427950000
202200027367;14;4;2022;09:45;1;35;35238;2;6;1;3;PAYS-BAS (AVENUE DES);48,0912400000; -1,6583400000
202200027377;20;6;2022;17:00;1;16;16355;1;1;1;1;les beguilleres;45,7478380000; -0,4378970000
202200027382;22;6;2022;01:30;5;60;60612;2;1;1;3;Avenue de Compiègne;49,2120580000;2,5936350000
202200027407;13;4;2022;16:00;1;06;06069;2;9;1;7;GAMBETTA (BOULEVARD ET IMPASSE);43,6588850000;6,9259970000
202200027430;14;4;2022;18:45;1;75;75112;2;1;1;1;VOIE GEORGES POMPIDOU;48,8453910000;2,3667990000
202200027439;20;6;2022;01:20;5;75;75115;2;3;3;6;RUE DE LA CONVENTION;48,8364570000;2,2991540000
202200027444;14;4;2022;14:30;1;75;75107;2;1;1;7;BOULEVARD RASPAIL;48,8551870000;2,3256590000
202200027446;14;4;2022;16:15;1;75;75103;2;2;1;3;RUE DU TEMPLE;48,8619030000;2,3569340000
202200027453;13;4;2022;12:45;1;94;94041;2;2;2;3;COLONEL FABIEN - PONT D'IVRY (BD DU);48,8146600000;2,4055800000
202200027455;13;4;2022;08:28;1;94;94021;2;1;2;1;Rue de Montpellier;48,7633100000;2,3518700000
202200027456;20;6;2022;13:25;1;69;69388;2;2;1;3;Avenue Jean Mermoz;45,7338500000;4,8775600000
202200027457;20;6;2022;08:00;1;69;69383;2;2;1;3;Rue Paul Bert;45,7570900000;4,8546900000
202200027466;14;4;2022;12:30;1;93;93048;2;1;1;3;Boulevard de Chanzy;48,8586200000;2,4304600000
202200027469;20;6;2022;21:30;5;2A;2A004;2;6;1;3;CAMPI LOUIS BD;41,9422241349;8,7502847315
202200027482;12;6;2022;08:35;1;77;77468;2;1;7;2;D128;48,8448500000;2,6481900000
202200027484;13;4;2022;13:15;1;92;92025;2;1;2;2;MARECHAL JOFFRE (RUE DU);48,9215950000;2,2578240000
202200027496;10;6;2022;21:00;1;69;69264;2;6;1;3;Rue de la Quarantaine;45,9888100000;4,7269900000
202200027497;16;4;2022;15:35;1;01;01354;2;1;1;2;9 Rue de Lyon;46,2427430000;6,0198530000
202200027498;19;6;2022;21:40;2;67;67482;2;1;1;3;RHIN TORTU (RUE DU);48,5537900000;7,7576000000
202200027499;19;6;2022;04:05;1;67;67482;2;3;1;2;VICTOIRE (BOULEVARD DE LA);48,5825700000;7,7651300000
202200027503;18;6;2022;10:15;1;67;67482;2;3;1;3;SAINT ALOISE (RUE);48,5653500000;7,7628600000
202200027506;17;6;2022;15:20;1;67;67482;2;3;1;3;CAPUCINS (RUE DES);48,5780200000;7,7040200000
202200027517;14;4;2022;17:22;1;80;80054;1;1;1;3;D79;49,9059400000;2,9044680000
202200027521;16;4;2022;15:35;1;71;71181;1;1;1;3;D 15;46,4529530000;4,7303440000
202200027529;20;6;2022;23:45;5;59;59350;2;1;1;1;YPRES RUE PORTE D;50,6468935049;3,0523753166
202200027531;20;6;2022;14:45;1;59;59350;2;1;1;3;COLBERT RUE N°69 A FIN-88 A FIN;50,6299700000;3,0453900000
202200027537;12;6;2022;13:00;1;59;59128;2;1;1;3;POINCARE RUE;50,6467800000;2,9587400000
202200027560;15;4;2022;18:15;1;64;64123;1;1;1;1;Route du Bois de Mixe;43,4595320000; -1,1439660000
202200027564;16;4;2022;13:25;1;73;73043;2;3;1;3;D991B Route de la Chambotte;45,7566550000;5,9286260000
202200027566;7;6;2022;17:35;1;28;28085;2;3;1;3;SABLONS (AVENUE DES);48,4460500000;1,5155400000
202200027580;12;6;2022;01:25;5;17;17333;2;9;1;7;DE LATTRE DE TASSIGNY (BD);45,6109100000; -1,0090500000
202200027586;16;4;2022;10:50;1;973;97307;2;1;1;1;rue de la distillerie;4,8753830000; -52,3344150000
202200027605;20;6;2022;18:10;1;75;75114;2;1;1;3;BOULEVARD JOURDAN;48,8197280000;2,3416160000
202200027621;25;1;2022;08:45;1;81;81065;2;1;1;2;VILLENEUVE (RUE EMILIE DE);43,5982166577;2,2424031794
202200027626;20;6;2022;19:48;1;92;92007;2;1;1;3;VAILLANT-COUTURIER (AVENU PAUL);48,7942125700;2,3163688481
202200027649;20;6;2022;14:40;1;56;56118;1;6;1;3;Rond-Point de Kersabiec;47,7255370000; -3,3239440000
202200027659;24;1;2022;14:50;1;69;69383;2;3;1;3;Rue Turenne;45,7563500000;4,8429100000
202200027664;19;1;2022;08:50;1;69;69388;2;1;5;1;Rue Antoine Lumière;45,7408400000;4,8679700000
202200027689;24;1;2022;09:00;1;67;67482;2;3;1;3;COLMAR (AVENUE DE);48,5512200000;7,7427900000
202200027694;18;1;2022;12:10;1;67;67447;2;3;1;3;ZAGREB (RUE DE);48,6112300000;7,7057000000
202200027702;19;1;2022;10:25;1;64;64024;2;1;1;3;Avenue d’Espagne;43,4749135112; -1,5302478160
202200027703;24;1;2022;12:40;1;63;63113;2;3;1;3;Boulevard Léon Jouhaux;45,7984900000;3,1142200000
202200027720;19;1;2022;10:25;1;45;45232;2;1;8;3;2178 Rue de la Source;47,8524900000;1,9244700000
202200027730;19;1;2022;08:00;2;35;35238;2;6;1;3;PAVIE (RUE AUGUSTE);48,1041700000; -1,6498700000
202200027735;24;1;2022;10:20;1;31;31555;2;1;1;3;ALL JULES GUESDE;43,5930631495;1,4450669289
202200027754;24;1;2022;14:25;1;01;01053;2;2;7;3;Boulevard Irene Joliot Curie;46,2090100000;5,2340800000
202200027767;25;1;2022;07:25;5;85;85194;2;2;1;1;Rue du Docteur Laennec (Les Sables-d'Olonne);46,4995500000; -1,7685200000
202200027773;25;1;2022;16:40;1;64;64445;2;1;7;3;Rue Maréchal Foch;43,2966479019; -0,3674358130
202200027785;29;1;2022;21:30;5;42;42218;2;2;1;3;Rue Etienne Mimard;45,4389200000;4,3970600000
202200027792;25;1;2022;08:20;2;37;37208;2;1;8;1;LAC (AVENUE DU);47,3657776243;0,7164475322
202200027794;25;1;2022;17:50;5;35;35238;2;1;1;3;LEJEAN (GUILLAUME);48,1165710000; -1,6571790000
202200027799;24;1;2022;15:10;1;33;33063;2;3;1;3;Quai de la Grave;44,8346700000; -0,5638700000
202200027809;25;1;2022;17:00;1;24;24037;2;1;1;2;GARAUD (BOULEVARD CHARLES);44,8440150900;0,5030490000
202200027817;25;1;2022;14:10;1;13;13201;2;2;1;3;REPUBLIQUE (RUE DE LA)     2 A 42;43,2969600000;5,3736700000
202200027825;9;11;2022;09:15;1;75;75108;2;1;1;3;AVENUE HOCHE;48,8756490000;2,2998100000
202200027839;9;11;2022;18:20;5;93;93062;2;2;1;3;Boulevard du Nord / Avenue Thiers;48,9013304465;2,5124031901
202200027844;9;11;2022;15:15;1;92;92051;2;1;1;7;MARECHAL JUIN (PONT DU);48,8940100000;2,2671800000
202200027847;8;11;2022;21:10;5;92;92036;2;1;1;6;VICTOR HUGO (RUE) (1);48,9212920000;2,2943820000
202200027852;9;11;2022;08:50;1;92;92009;2;1;1;6;BOURGUIGNONS ( RUE 33 A FIN );48,9135350000;2,2731890000
202200027857;6;11;2022;18:25;5;41;41150;2;1;1;3;727 Route des Grotteaux;47,5676090000;1,4453780000
202200027858;10;11;2022;11:15;1;76;76624;2;3;1;3;Rue du Docteur Vitet;49,8770290000;1,2209570000
202200027870;9;11;2022;16:15;1;74;74282;1;1;1;5;D114;45,9799540000;6,1324410000
202200027877;30;9;2022;07:25;5;88;88160;2;6;1;3;ARGANT (RUE ANDRE-);48,1803400000;6,4542000000
202200027879;9;11;2022;15:45;1;22;22377;1;1;1;3;D786;48,6624960000; -2,8834820000
202200027904;10;9;2022;00:10;5;67;67482;2;3;2;3;RHIN (AVENUE DU);48,5715700000;7,7702900000
202200027920;21;9;2022;16:30;1;62;62193;2;1;1;3;D119;50,9396560000;1,8792990000
202200027928;28;9;2022;14:50;1;59;59009;2;9;1;3;JAURES JEAN RUE    N°76 AU 128;50,6543230713;3,1309881806
202200027938;30;9;2022;14:00;1;55;55545;2;1;1;2;PELAS ( DU );49,1571100000;5,3998100000
202200027948;29;9;2022;14:40;1;47;47001;2;2;2;3;CARNOT (BD DU PRESIDENT);44,1993800000;0,6203500000
202200027960;29;9;2022;20:07;3;33;33318;2;2;8;3;Avenue de Magellan;44,7906800000; -0,6574100000
202200027977;29;9;2022;17:00;1;29;29019;2;1;1;7;rue de Vendée;48,4043500000; -4,5115000000
202200027983;21;5;2022;12:10;1;75;75108;2;4;1;3;BOULEVARD DES BATIGNOLLES;48,8812462179;2,3166091740
202200027995;21;5;2022;15:45;1;75;75102;2;1;1;1;BOULEVARD DE SEBASTOPOL;48,8666109346;2,3527519405
202200028001;1;10;2022;08:56;1;22;22278;2;6;1;1;Boulevard de l'Atlantique;48,5191700000; -2,7918700000
202200028013;29;9;2022;13:40;1;17;17415;1;1;1;4;PORT D'ENVAUX RUE DE;45,7664100000; -0,6439000000
202200028028;18;5;2022;18:30;1;92;92064;2;4;1;3;CAMP CANADIEN;48,8579213859;2,2108652294
202200028034;20;5;2022;23:04;5;92;92048;2;3;1;2;MAL DE LATTRE DE TASSIGNY (AVENUE);48,7868253941;2,2310995459
202200028051;6;11;2022;14:19;1;66;66136;2;3;1;3;;42,6951300000;2,8895700000
202200028054;8;11;2022;17:10;2;64;64335;2;1;2;1;Rue Lacaussade;43,3329977069; -0,4303336143
202200028072;15;10;2022;11:46;1;42;42218;2;1;1;3;Rue Georges Teissier;45,4368100000;4,3834200000
202200028078;20;5;2022;19:15;1;69;69383;2;2;1;3;Rue du Capitaine;45,7505700000;4,8853400000
202200028081;20;5;2022;17:00;1;69;69383;2;2;1;3;Rue François Gillet;45,7597300000;4,8741100000
202200028082;8;11;2022;13:25;1;35;35238;2;1;6;3;TOUR D'AUVERGNE (BD DE LA);48,1040198030; -1,6845962405
202200028087;20;5;2022;05:45;5;69;69386;2;2;1;3;Rue de la Viabert;45,7663300000;4,8672000000
202200028088;8;11;2022;22:29;5;31;31555;2;2;1;3;AV DE LARDENNE;43,5920980000;1,3995580000
202200028089;29;6;2022;12:00;1;83;83144;2;1;1;3;DUCHATEL (AVE FRANCOIS);43,1422870000;5,9883670000
202200028100;8;11;2022;18:12;5;15;15014;2;1;1;3;POMPIDOU (AVENUE GEORGES);44,9115000000;2,4490000000
202200028110;7;11;2022;16:30;1;07;07102;2;9;1;3;PROVENCE (AVENUE DE);44,9236597130;4,8688530922
202200028121;7;11;2022;19:15;5;04;04070;2;1;1;7;verdun ( avenue de );44,0877200000;6,2185000000
202200028127;19;5;2022;15:10;1;88;88160;2;3;1;1;CLEMENCEAU (PL. ET PT.);48,1789600000;6,4463000000
202200028131;8;7;2022;13:41;1;22;22106;2;3;1;1;CHAMPS RENAUD (RUE DES);48,4878000000; -2,7069300000
202200028134;6;7;2022;10:50;1;22;22187;2;1;1;7;LEQUIER (Rue Jules);48,5417560000; -2,7771280000
202200028143;17;5;2022;12:58;1;80;80021;2;4;1;3;BAILLON (RUE);49,8986200000;2,2951500000
202200028152;4;10;2022;18:30;1;75;75113;2;3;1;3;AVENUE D ITALIE;48,8251420000;2,3575800000
202200028165;4;10;2022;07:40;1;94;94003;2;1;1;6;Avenue Aristide Briand;48,8054100000;2,3256100000
202200028183;21;5;2022;00:10;5;59;59350;2;9;1;6;BASSEE RUE DE LA;50,6270967573;3,0391681194
202200028190;4;10;2022;09:37;1;92;92073;2;1;1;6;ROUSSEAU (RUE JEAN-JACQUES);48,8641190000;2,2198780000
202200028201;19;5;2022;20:55;1;49;49246;2;1;1;3;DAVID D'ANGERS;47,4391400000; -0,5325300000
202200028274;4;10;2022;14:50;1;85;85302;2;1;1;7;21 Rue de la motte;46,9535030000; -1,0075240000
202200028283;20;5;2022;10:00;1;75;75120;2;3;3;6;RUE LE VAU;48,8678918693;2,4109961092
202200028288;20;5;2022;19:05;1;75;75116;2;7;1;3;PLACE D IENA;48,8645589008;2,2936762869
202200028302;20;5;2022;07:40;1;75;75112;2;4;2;3;AVENUE DE NOGENT;48,8420880000;2,4491070000
202200028308;20;5;2022;15:00;1;75;75111;2;2;1;3;BOULEVARD VOLTAIRE;48,8660340000;2,3663790000
202200028311;20;5;2022;12:45;1;75;75109;2;2;8;3;RUE RICHER;48,8740437803;2,3423556983
202200028317;20;5;2022;07:50;1;75;75104;2;3;2;6;BOULEVARD MORLAND;48,8504400000;2,3629120000
202200028319;4;10;2022;08:15;1;81;81116;2;1;1;3;Avenue de Lavaur;43,7008500000;1,8294860000
202200028321;4;10;2022;19:19;1;32;32181;1;1;7;3;N21;43,4235800000;0,2768680000
202200028329;5;10;2022;09:50;1;22;22090;2;1;1;2;Rue de la Croix Pavée;48,7699580000; -3,3698310000
202200028345;13;12;2022;19:15;5;27;27229;2;2;1;3;VERNON (RUE DE);49,0307500000;1,1604500000
202200028361;20;5;2022;18:30;1;92;92051;2;1;1;6;ACHILLE PERETTI (AVENUE, N° 90 A 96 ET 9;48,8837447052;2,2719985396
202200028380;13;12;2022;08:30;1;75;75110;2;3;1;6;BOULEVARD DE BONNE NOUVELLE;48,8702000000;2,3505160000
202200028391;13;12;2022;08:05;2;93;93079;2;1;1;2;Route de Saint-leu;48,9512725109;2,3394213617
202200028398;13;12;2022;18:30;5;92;92026;2;3;1;3;STRASBOURG;48,8908771885;2,2476670146
202200028412;9;12;2022;17:30;1;972;97212;1;1;1;1;D1;14,7235790000; -61,0422660000
202200028425;21;7;2022;12:00;1;35;35238;2;1;1;3;CLEUNAY (BD DE);48,1006800000; -1,7014400000
202200028427;22;5;2022;08:00;1;43;43110;1;1;1;3;Route d’Auzon;45,3184480000;3,4143450000
202200028473;21;7;2022;18:05;1;75;75119;2;3;1;6;BOULEVARD MACDONALD;48,8988090000;2,3762790000
202200028477;12;12;2022;05:50;1;974;97422;2;1;1;7;Rue Raphael Douyère; -21,2031780000;55,5441450000
202200028484;21;7;2022;09:55;1;75;75110;2;2;1;2;BOULEVARD DE MAGENTA;48,8731850000;2,3588330000
202200028486;14;12;2022;07:50;2;58;58160;2;1;2;3;1 Route de Busserolles;46,9807720000;3,0936060000
202200028491;21;7;2022;13:46;1;75;75107;2;3;1;3;AVENUE OCTAVE GREARD;48,8562660000;2,2929370000
202200028496;13;12;2022;19:00;3;85;85113;2;6;2;4;1 Rue calypso;46,7242750000; -2,3478610000
202200028508;21;7;2022;18:00;1;94;94069;2;1;1;5;47 Rue du Maréchal Leclerc;48,8179240000;2,4257550000
202200028509;21;7;2022;15:30;1;93;93071;2;1;8;3;Allée du Canal;48,9277377502;2,5170629919
202200028542;24;8;2022;21:50;5;69;69029;2;4;1;2;356 Route de Genas;45,7484015375;4,9199572206
202200028560;31;5;2022;17:10;1;91;91228;2;3;1;3;BD CHAMPS ELYSEES;48,6249400000;2,4236400000
202200028562;28;5;2022;15:05;1;91;91521;2;1;1;6;SQ DENIS DIDEROT;48,6390700000;2,4152800000
202200028577;12;12;2022;18:15;2;973;97302;2;1;1;7;MADELEINE (ROUTE DE LA);4,9151500000; -52,3210400000
202200028582;11;7;2022;08:20;1;44;44045;1;6;1;3;La Croix Morzel;47,3040040000; -1,8434390000
202200028583;21;7;2022;17:30;1;29;29202;1;1;1;7;Le Clos;48,4432230000; -3,8370390000
202200028590;21;7;2022;17:20;1;02;02580;2;1;1;6;24 Rue Potel;49,2054090000;3,3681570000
202200028592;20;7;2022;07:50;2;84;84050;1;1;1;2;Route de Saint Pantaleon - D148;43,8810670000;5,2019830000
202200028616;22;7;2022;08:15;1;03;03186;1;6;1;3;RD 46;46,3249130000;2,9746880000
202200028619;21;7;2022;16:40;1;69;69244;2;1;1;2;Avenue Général Brosset;45,7569170000;4,7810000000
202200028634;11;12;2022;17:35;5;54;54184;2;1;1;2;FOCH (AVENUE);48,7051100000;6,2223600000
202200028637;22;7;2022;11:15;1;55;55544;2;3;1;1;D118;49,5065000000;5,4566060000
202200028638;12;12;2022;08:50;1;44;44109;2;1;1;3;42 Boulevard Clovis Constant;47,2264300000; -1,5829400000
202200028653;22;7;2022;17:10;1;62;62899;1;1;1;7;D940;50,9063518355;1,6921762248
202200028670;12;8;2022;16:20;1;22;22278;2;1;1;1;71° RI (DU);48,5111700000; -2,7622300000
202200028697;11;12;2022;19:30;5;75;75105;2;1;1;3;QUAI DE LA TOURNELLE;48,8502140000;2,3541980000
202200028711;12;12;2022;12:00;1;75;75112;2;2;1;3;COURS DE VINCENNES;48,8469090000;2,4113640000
202200028726;11;12;2022;19:00;5;94;94068;2;3;1;3;FOCH (AV);48,8040000000;2,4850000000
202200028749;20;7;2022;19:00;1;44;44109;2;6;1;3;8 Boulevard Maréchal Alphonse Juin;47,1978000000; -1,5945000000
202200028768;4;3;2022;12:45;1;75;75112;2;2;1;3;AVENUE DE PARIS   VINCENNES;48,8467050000;2,4158740000