Num_Acc;jour;mois;an;hrmn;lum;dep;com;agg;int;atm;col;adr;lat;long
202200028773;5;3;2022;19:35;5;75;75112;2;1;1;3;RUE DE BERCY;48,8438590000;2,3732150000
202200028775;5;3;2022;01:10;5;75;75111;2;2;1;1;RUE DU FAUBOURG SAINT ANTOINE;48,8504088104;2,3813965917
202200028776;5;3;2022;17:00;1;75;75110;2;2;1;3;BOULEVARD DE MAGENTA;48,8748052920;2,3573854566
202200028780;5;3;2022;02:38;5;75;75104;2;1;1;3;BOULEVARD BOURDON;48,8489140000;2,3663640000
202200028795;6;3;2022;11:15;1;85;85017;1;1;1;2;Rue d’Anjou;46,9119450000; -1,1287380000
202200028825;4;3;2022;10:55;1;77;77254;2;3;1;1;D96;48,6980100000;2,7720200000
202200028834;6;3;2022;11:30;1;74;74250;2;2;1;1;Route des 4 Marronniers;46,0634050000;6,3549580000
202200028857;4;3;2022;16:19;1;69;69383;2;2;1;3;Rue de la Part-Dieu;45,7598012626;4,8507481813
202200028859;4;3;2022;15:30;1;69;69387;2;1;1;7;78 Rue de Gerland;45,7373150412;4,8397752643
202200028860;4;3;2022;11:42;1;69;69386;2;3;1;6;Rue Malesherbes;45,7705600000;4,8425300000
202200028862;4;3;2022;07:25;1;69;69383;2;3;1;3;Rue Saint Antoine;45,7629300000;4,8646800000
202200028864;5;3;2022;00:10;5;69;69381;2;1;1;6;Place Louis Pradel;45,7685300000;4,8368700000
202200028876;4;3;2022;18:30;5;69;69266;2;2;1;2;Cours Tolstoï;45,7626900000;4,8782000000
202200028890;4;3;2022;08:10;1;51;51454;2;3;1;1;Rue Carnot;49,2547597037;4,0320910513
202200028892;2;3;2022;06:55;5;51;51230;2;1;1;3;Rue Pierre Semard;49,0454540573;3,9592288435
202200028901;14;4;2022;00:07;5;62;62139;2;1;1;6;LAGRANGE (RUE LEO.....);50,7172200000;2,2601600000
202200028902;4;3;2022;15:00;1;35;35238;2;6;1;3;Avenue du Canada;48,0848300000; -1,6825000000
202200028907;4;3;2022;13:05;1;27;27229;2;1;2;6;SAINT LEGER (RUE DU FAUBOURG);49,0344700000;1,1558200000
202200028935;4;3;2022;09:03;1;75;75106;2;5;1;3;BOULEVARD DU MONTPARNASSE;48,8419120000;2,3295980000
202200028945;29;8;2022;16:07;1;80;80021;2;1;1;3;EUROPE (AVENUE DE L');49,9184800000;2,3046600000
202200028946;3;3;2022;17:50;1;75;75112;2;2;1;3;AVENUE LEDRU ROLLIN;48,8468480000;2,3694110000
202200028950;4;3;2022;14:20;1;75;75104;2;3;1;7;RUE DE SEVIGNE;48,8550600000;2,3616780000
202200028964;29;8;2022;17:20;1;67;67482;2;3;1;3;PAUL ELUARD (RUE);48,5887200000;7,6972300000
202200028967;3;3;2022;18:25;2;94;94002;2;1;1;3; Pont d'Ivry;48,8145900000;2,4107100000
202200028978;4;3;2022;08:35;1;92;92051;2;1;1;3;GENERAL LECLERC (BOULEVARD DU, N° 1 A 27;48,8899100000;2,2601870000
202200028979;30;8;2022;19:03;1;45;45169;2;1;1;3;184 Route Nationale;47,9295179042;1,8382476568
202200029011;30;8;2022;16:40;1;08;08105;2;9;1;2;Route de Prix;49,7554124972;4,7085396051
202200029019;30;8;2022;11:00;1;75;75106;2;3;1;3;RUE D ASSAS;48,8443870000;2,3328850000
202200029020;30;8;2022;01:42;5;75;75106;2;7;1;2;PLACE SAINT ANDRE DES ARTS;48,8532773873;2,3433977365
202200029021;30;8;2022;16:45;1;75;75120;2;7;1;3;PLACE GAMBETTA;48,8647550000;2,3986180000
202200029025;30;8;2022;19:30;1;75;75112;2;2;1;3;AVENUE DE LA PORTE DE CHARENTON;48,8317000000;2,3979550000
202200029033;30;8;2022;10:00;1;94;94041;2;9;1;3;Rue Ernest Renan;48,8080000000;2,3995400000
202200029037;30;8;2022;18:45;1;93;93070;2;1;1;3;Avenue Gabriel Péri;48,9091865883;2,3328861983
202200029040;29;8;2022;15:15;1;93;93051;2;4;1;2;Rue Pierre Brossolette / Route de Neuilly;48,8471700000;2,5415800000
202200029054;30;8;2022;14:15;1;38;38336;1;9;1;3;D4;45,4777296593;4,8004945605
202200029055;30;8;2022;17:30;1;68;68009;1;6;1;3;D468;48,1160970000;7,5356640000
202200029073;31;8;2022;10:45;1;16;16072;1;1;1;3;Chez Ferret;45,4924850000;0,1478050000
202200029089;26;8;2022;15:10;1;01;01301;2;3;1;3;Route de Mâcon;46,2481110000;5,1362930000
202200029109;17;4;2022;17:00;1;73;73089;1;2;1;1;D1006;45,5298840000;6,1175980000
202200029115;29;8;2022;07:10;1;973;97302;2;3;1;3;TROUBIRAN (CHEMIN DE);4,9298800000; -52,3041200000
202200029120;25;8;2022;17:35;1;90;90010;2;9;1;3;KENNEDY (BOULEVARD);47,6337500000;6,8389900000
202200029122;26;8;2022;15:55;1;87;87085;2;1;1;6;CLOS ROCHER (RUE DU);45,8294800000;1,2447300000
202200029133;26;8;2022;08:10;1;67;67482;2;1;1;6;PETIT MARAIS (RUE DU);48,5624000000;7,6947100000
202200029141;29;8;2022;17:40;1;51;51454;2;2;1;3;rue Chanzy;49,2512086352;4,0343776345
202200029148;29;8;2022;09:00;1;37;37214;2;4;1;6;MAISONS BLANCHES (QUAI DES);47,3954768750;0,6563687325
202200029150;29;8;2022;19:25;1;33;33167;2;1;1;3;Chemin Richelieu;44,8353594801; -0,5404248834
202200029155;29;8;2022;10:30;1;17;17274;2;6;1;3;LANGEVIN   AVENUE PAUL;46,1601000000; -1,1024000000
202200029176;13;4;2022;08:15;1;69;69386;2;3;1;3;Rue Boileau;45,7664600000;4,8495000000
202200029186;5;4;2022;18:45;1;88;88087;2;3;1;3;FORGES (RUE DES);48,1772900000;6,4269300000
202200029193;12;4;2022;07:45;1;67;67482;2;1;1;6;METZERAL (RUE DE);48,5712000000;7,7691800000
202200029194;11;4;2022;12:55;1;64;64445;2;3;1;3;Boulevard d’Alsace Lorraine;43,3046400000; -0,3681900000
202200029195;11;4;2022;17:00;1;64;64024;2;6;1;3;Place de la Chapelle;43,4965900000; -1,5380900000
202200029196;13;4;2022;18:23;1;59;59512;2;3;1;6;METZ (BOULEVARD DE);50,7056400000;3,1798800000
202200029199;29;1;2022;18:31;2;45;45234;2;1;8;3;118 Boulevard Rocheplatte;47,9052800000;1,8970500000
202200029200;13;4;2022;13:53;1;45;45234;2;2;8;3;Rue Royale;47,9013000000;1,9039200000
202200029205;2;6;2022;16:35;1;61;61002;1;1;1;2;Fligny;48,6964350000;0,1240900000
202200029206;20;6;2022;17:50;1;12;12119;1;1;1;6;La Carderie;44,6777930000;2,8511940000
202200029212;21;6;2022;10:45;1;25;25022;2;4;7;3;Rue de Montbéliard;47,5206330000;6,6595250000
202200029227;13;4;2022;07:54;1;17;17300;2;6;1;3;MONNET   AVENUE JEAN;46,1429800000; -1,1536100000
202200029229;21;6;2022;08:45;1;05;05012;2;3;1;3;D994H;44,5493890000;6,4847820000
202200029239;20;6;2022;10:45;1;73;73188;1;3;1;3;D925;45,6183710000;6,3324060000
202200029246;25;1;2022;20:00;3;75;75119;2;2;1;3;AVENUE JEAN JAURES;48,8887870000;2,3930890000
202200029264;13;4;2022;21:00;5;75;75118;2;4;1;2;AVENUE DE SAINT OUEN;48,8895545751;2,3263469338
202200029267;25;1;2022;12:20;1;75;75111;2;1;8;2;RUE OBERKAMPF;48,8632430000;2,3688330000
202200029273;21;6;2022;09:25;1;83;83064;1;1;7;3;rd 554 gareoult;43,3220090000;6,0266180000
202200029285;24;1;2022;14:36;1;94;94068;2;1;1;2;2 Quai Beaubourg;48,8152583489;2,4736737013
202200029288;25;1;2022;21:35;5;94;94041;2;3;1;2;Avenue Maurice Thorez;48,8131700000;2,3805400000
202200029307;25;1;2022;20:15;5;93;93001;2;1;1;3;PORT (RUE DU)  (IMPAIR);48,9181407244;2,3746913551
202200029314;24;1;2022;10:30;1;92;92025;2;7;1;3;VALMY (BD DE);48,9362019042;2,2571859062
202200029315;20;6;2022;17:15;1;59;59611;2;3;1;3;Rue des Marronniers;50,6781231025;2,9931521416
202200029322;13;4;2022;14:35;1;94;94071;2;1;8;2;40 Rue du Chapitre;48,7621700000;2,5371000000
202200029327;13;4;2022;08:45;1;93;93048;2;2;3;3;Rue Raspail / Rue Marceau;48,8529000000;2,4260000000
202200029338;13;4;2022;18:48;1;92;92046;2;1;1;2;FABIEN (BOULEVARD DU COLONEL);48,8120987436;2,2804001569
202200029376;24;1;2022;17:45;2;53;53096;2;1;8;3;Rue Alain Gerbault;48,2922490000; -0,9172350000
202200029395;15;4;2022;17:00;1;74;74198;2;9;1;3;262 Route du Fier;45,9338220000;6,1864510000
202200029402;26;1;2022;15:30;1;66;66210;1;1;1;1;D85;42,6563870000;2,7676110000
202200029462;13;4;2022;16:00;1;16;16174;1;1;1;6;Route des Marcasses;45,6928370000; -0,2295440000
202200029465;19;6;2022;18:10;1;75;75120;2;2;1;7;RUE DES PYRENEES;48,8716610000;2,3923110000
202200029478;19;6;2022;12:50;1;75;75115;2;2;1;6;RUE DE LOURMEL;48,8456570000;2,2879970000
202200029479;19;6;2022;17:30;1;75;75107;2;1;1;3;QUAI BRANLY;48,8578080000;2,2917150000
202200029480;24;1;2022;09:20;1;75;75113;2;3;1;3;AVENUE DE LA PORTE DE VITRY;48,8228820000;2,3778550000
202200029483;24;1;2022;01:20;5;75;75113;2;2;1;3;BOULEVARD VINCENT AURIOL;48,8373540000;2,3738400000
202200029487;24;1;2022;15:20;1;75;75102;2;2;1;3;RUE ETIENNE MARCEL;48,8647910000;2,3451660000
202200029497;24;1;2022;16:15;1;94;94042;2;9;1;2;Avenue Jean Jaurès;48,8217900000;2,4645600000
202200029505;14;4;2022;10:25;1;34;34227;2;1;1;1;11 Rue des Plans;43,7201210000;4,0366070000
202200029509;19;6;2022;12:50;1;92;92012;2;2;1;6;JEAN JAURES (BOULEVARD) 1/61 - COTE IMPA;48,8434979011;2,2379493713
202200029513;13;4;2022;11:11;1;13;13007;1;3;1;2;Traverse du Pas de l Ave;43,3735920000;5,6701500000
202200029516;10;4;2022;17:45;1;71;71448;2;1;1;3;Rue du commerce;46,3822580000;4,8553830000
202200029541;19;6;2022;11:45;1;57;57018;1;2;1;1;route départementale 955;48,8300310000;6,4938960000
202200029576;24;1;2022;15:40;1;31;31150;1;4;1;2;Route de Colomiers;43,6374100502;1,3324503601
202200029579;7;6;2022;07:45;1;34;34310;2;6;1;3;rue carrierasse;43,4203350000;3,1608710000
202200029582;19;6;2022;11:20;1;38;38395;2;4;1;1;Rue des 22 Martyrs;45,3291750000;5,9034880000
202200029591;11;6;2022;12:00;1;73;73130;2;1;1;6;chemin de la digue;45,6546631915;6,3707667558
202200029624;12;4;2022;08:34;1;51;51454;2;6;1;3;rue de Louvois;49,2322900000;4,0335200000
202200029632;25;1;2022;08:55;1;06;06152;2;3;8;1;Chemin du Parrou;43,6365490000;7,0030010000
202200029635;11;4;2022;17:10;1;37;37122;2;1;1;3;RD 86 DE MONTS à TOURS;47,3352000341;0,6648411602
202200029642;19;6;2022;16:40;1;34;34259;1;1;1;1;M102;43,6291800000;3,7460020000
202200029644;19;6;2022;08:05;1;34;34282;2;6;1;3;Avenue des Cevennes;43,6258030000;3,6700240000
202200029656;21;1;2022;17:30;2;971;97108;1;1;7;2;D203;15,8742910000; -61,2457970000
202200029672;20;6;2022;08:34;1;63;63284;2;6;1;3;Avenue Roger Prat;45,8006783762;3,2431112230
202200029679;20;6;2022;08:50;1;01;01247;1;1;1;3;;46,3510010000;5,9771100000
202200029681;20;6;2022;10:55;1;81;81105;2;3;1;1;Avenue Charles de Gaulle;43,7608900000;1,9775870000
202200029683;12;4;2022;06:45;2;75;75119;2;1;1;6;BOULEVARD MACDONALD;48,8988260000;2,3773400000
202200029686;12;4;2022;21:50;5;75;75118;2;2;1;3;RUE ERNESTINE;48,8903510000;2,3545360000
202200029697;21;1;2022;17:20;1;38;38382;2;1;1;6;16 Avenue du General de Gaulle;45,2308380000;5,6816590000
202200029698;23;1;2022;12:27;1;65;65320;1;2;1;3;ROUTE DÉPARTEMANTALE 8;43,1288210000;0,1154210000
202200029720;22;8;2022;10:29;1;22;22106;2;1;1;1;VAU HERVE (RUE DU);48,5049000000; -2,7177100000
202200029722;21;1;2022;16:35;1;81;81033;2;4;7;1;MALROUX (AV. AUGUSTIN);44,0270600000;2,1286200000
202200029732;7;1;2022;13:00;1;68;68066;2;3;1;3;INGERSHEIM (ROUTE D');48,0834100000;7,3506100000
202200029737;7;11;2022;13:10;1;974;97416;1;9;1;2;VERGES (AVENUE LAURENT); -21,2959600000;55,4609300000
202200029758;7;11;2022;07:00;2;69;69381;2;9;1;3;Pont de Lattre de Tassigny;45,7727800000;4,8385400000
202200029766;7;11;2022;15:15;1;85;85194;2;6;1;3;ESTIENNE D'ORVES (R-P HONORE D');46,5030140000; -1,7982950000
202200029777;7;11;2022;08:15;1;69;69271;2;1;7;3;Route de Genas;45,7376700000;4,9713600000
202200029780;7;11;2022;08:10;1;64;64445;2;1;7;2;boulevard de la Paix;43,3166000000; -0,3401600000
202200029796;7;11;2022;18:10;5;38;38516;2;2;1;1;VERDUN(AV. DE)EST PASSAGE RICOU;45,2005400000;5,7592100000
202200029799;7;11;2022;19:30;5;35;35238;2;3;1;3;BRETAGNE (PONT DE);48,1101000000; -1,6861000000
202200029814;7;11;2022;16:05;1;01;01344;2;1;1;3;TREVOUX (AVENUE DE);46,1996330000;5,1878170000
202200029819;8;11;2022;19:00;5;75;75115;2;2;1;2;BOULEVARD LEFEBVRE;48,8308440000;2,2923080000
202200029822;8;11;2022;13:13;1;75;75113;2;3;1;3;BOULEVARD KELLERMANN;48,8202420000;2,3479600000
202200029823;8;11;2022;22:50;5;75;75111;2;7;1;3;PLACE DE LA REPUBLIQUE;48,8666980000;2,3651610000
202200029825;7;11;2022;16:10;1;75;75109;2;2;1;1;RUE LA FAYETTE;48,8736230000;2,3353230000
202200029828;8;11;2022;18:10;5;94;94028;2;1;1;6;ARCOS.(RUE RENE);48,7777600000;2,4626900000
202200029840;8;11;2022;06:30;5;92;92049;2;1;1;6;ARNOUX AVENUE MAURICE AUTRES N°;48,8168040344;2,3116469532
202200029843;9;11;2022;14:20;1;34;34148;1;1;1;4;D14;43,3716770000;3,1439940000
202200029950;21;5;2022;09:57;1;56;56033;1;2;1;3;Intersection CD 773 / CD171;47,8094080000; -2,1249960000
202200029968;21;5;2022;11:30;1;42;42246;1;1;1;6;Avenue de Colombier;45,3242950000;4,6078830000
202200029970;2;10;2022;10:40;1;971;97113;1;1;1;2;SECTION COCOYER;16,2414032030; -61,4893788099
202200029973;22;5;2022;10:45;1;22;22107;1;1;2;6;D 2164;48,2146080000; -3,1587410000
202200029975;1;10;2022;15:55;1;971;97120;2;3;1;3;CHANZY (BOULEVARD);16,2429000000; -61,5396000000
202200029991;21;5;2022;18:15;1;58;58059;2;1;1;6;17 Rue Sainte Anne;47,1764490000;3,0192760000
202200029997;21;5;2022;11:35;1;73;73229;1;2;1;3;D1006;45,4556366222;5,7809570432
202200030004;22;5;2022;11:45;1;85;85108;2;2;1;3;D7;46,9083090000; -1,3768740000
202200030020;3;10;2022;13:35;1;68;68224;2;2;1;3;SCHWILGUE (RUE);47,7500900000;7,3274900000
202200030024;1;10;2022;19:10;5;67;67482;2;3;1;5;BRIGADE ALSACE LORRAINE (RUE DE LA);48,5765400000;7,7539000000
202200030031;29;9;2022;16:45;1;67;67482;2;3;1;3;ABBE LEMIRE (RUE DE L );48,5807400000;7,7236500000
202200030049;27;9;2022;07:10;2;59;59654;2;6;8;3;TOURNAI (ROUTE DE);50,3806552873;3,0941346288
202200030053;7;5;2022;16:30;1;22;22162;2;1;1;2;Rue du Général Leclerc;48,7782680000; -3,0420960000
202200030054;22;5;2022;11:00;1;22;22136;1;1;8;2;Kerloïc;48,1805240000; -2,8255460000
202200030057;30;9;2022;19:35;5;54;54395;2;2;1;2;LECLERC (AV. DU GENE;48,6825665320;6,1842580140
202200030065;3;10;2022;09:05;2;47;47001;2;1;1;2;MESSINES (BD DU DOCTEUR);44,2085900000;0,6439700000
202200030076;20;5;2022;11:10;1;34;34014;1;1;1;3;D109 E1;43,7064220000;3,9124740000
202200030082;18;5;2022;20:00;1;56;56174;1;9;1;3;penvern;47,8331050000; -2,9073380000
202200030090;3;10;2022;20:44;5;17;17300;2;3;1;1;PEUPLIERS   RUE DES;46,1465700000; -1,1423000000
202200030091;21;5;2022;12:15;1;65;65396;2;1;1;7;19 Rue Lamarque;42,9814970000; -0,0945580000
202200030103;20;5;2022;21:16;3;58;58249;1;1;1;7;Route des Presles;46,9915570000;3,9307560000
202200030115;3;10;2022;18:30;1;75;75116;2;1;1;3;BOULEVARD LANNES;48,8673870000;2,2722590000
202200030123;21;5;2022;16:30;1;69;69244;2;3;1;3;33 Route de Paris;45,7650190000;4,7681500000
202200030124;3;10;2022;10:00;1;75;75112;2;2;1;3;PONT DE BERCY;48,8387300000;2,3764230000
202200030139;20;5;2022;13:20;1;33;33165;2;1;1;1;21 Route de la Tuiliere;44,8190286990; -0,4408974946
202200030143;3;10;2022;22:55;5;93;93074;2;1;1;3;Rue de Meaux;48,9359412542;2,5767822252
202200030145;20;5;2022;16:00;1;83;83071;1;1;1;7;Route du Carrubier;43,1417670000;6,2619500000
202200030153;21;5;2022;10:45;1;71;71082;1;1;1;2;RD 979;46,4436750000;4,2095980000
202200030157;3;10;2022;08:45;1;92;92040;2;1;8;7;STALINGRAD (QUAI DE);48,8234094890;2,2551353574
202200030161;3;10;2022;08:10;2;92;92012;2;6;8;3;ANCIENS COMBATTANT (ROND - POINT DES);48,8480920029;2,2417339682
202200030172;3;10;2022;17:45;1;54;54456;1;3;1;1;D70;48,6970968530;6,3907653102
202200030174;20;5;2022;15:50;1;22;22376;1;1;1;7;la Belle Étoile;48,2222210000; -2,8350520000
202200030192;3;10;2022;11:30;1;56;56186;2;3;1;3;2 Boulevard René Cassin;47,4761800000; -3,1124140000
202200030194;3;10;2022;12:40;1;80;80373;2;2;1;3;Rue du Marché aux Bribettes;49,9847350000;1,5616270000
202200030196;18;5;2022;12:40;1;91;91421;2;1;1;2;REPUBLIQUE (AVENUE DE LA);48,7048800000;2,4592700000
202200030197;3;10;2022;17:00;1;42;42254;1;1;1;7;Chemin de la Philipponnière;45,8580520000;4,1904150000
202200030199;3;10;2022;14:50;1;42;42206;1;4;1;2;Route de Saint-galmier;45,5586180000;4,3199340000
202200030203;19;5;2022;13:32;1;87;87085;2;1;1;7;SAINT GENCE (RUE DE) (RD218);45,8493700000;1,2256100000
202200030206;19;5;2022;07:41;1;87;87085;2;2;1;3;PETINIAUD BEAUPEYRAT (RUE);45,8264500000;1,2517500000
202200030208;18;5;2022;09:09;1;87;87050;2;3;1;3;ARTHUGERAS ( rue);45,8920700000;1,2014100000
202200030236;20;7;2022;21:50;5;75;75119;2;2;1;3;AVENUE CORENTIN CARIOU;48,8947880000;2,3823560000
202200030242;20;7;2022;14:40;1;75;75116;2;7;1;3;PLACE CHARLES DE GAULLE;48,8737310000;2,2941270000
202200030245;20;7;2022;08:50;2;75;75112;2;1;2;2;AVENUE DAUMESNIL;48,8450160000;2,3800620000
202200030247;19;7;2022;23:50;5;75;75112;2;4;1;6;BOULEVARD SOULT;48,8372130000;2,4079270000
202200030257;19;7;2022;22:09;5;75;75111;2;4;1;3;BOULEVARD RICHARD LENOIR;48,8568210000;2,3704860000
202200030268;3;10;2022;08:30;1;34;34143;1;3;1;3;intersection VC 4 et CD 158E3;43,4569140000;3,6105750000
202200030270;19;7;2022;19:10;1;94;94033;2;2;7;1;Boulevard Galliéni / Rue de Rosny;48,8507800000;2,4751400000
202200030275;13;5;2022;13:10;1;57;57227;2;3;1;6;;49,1861010450;6,8691058013
202200030276;4;10;2022;16:45;1;64;64067;1;1;1;7;D215;43,2551980000; -0,2903710000
202200030297;12;4;2022;12:50;1;42;42207;2;1;1;6;Rue Marc Seguin;45,4745700000;4,5192600000
202200030301;19;7;2022;11:22;1;92;92078;2;3;1;3;VERDUN (AVENUE) (IMPAIRS JJAURES>A86);48,9348485394;2,3249427974
202200030311;20;7;2022;08:40;1;92;92072;2;1;2;7;BRUYERES (RUE DES);48,8187112202;2,2175275683
202200030347;21;7;2022;11:27;1;05;05133;1;6;1;3;ROND POINT des Carines;44,9305400000;6,5935830000
202200030351;21;7;2022;09:45;1;63;63264;1;4;7;1;RD 983;45,6321660000;2,8253750000
202200030360;20;7;2022;09:45;1;74;74278;2;6;1;3;Avenue des Mélèzes;46,0779940000;6,5414360000
202200030363;20;7;2022;14:15;1;65;65018;1;1;1;7;D126;42,9654750000; -0,2667300000
202200030369;20;7;2022;12:30;1;70;70111;1;1;1;7;route départementale 100,;47,6377500000;6,2858100000
202200030373;20;7;2022;07:05;1;05;05164;1;1;1;1;Route des Puys;44,5371350000;6,3964350000
202200030378;12;12;2022;10:35;1;93;93048;2;1;8;3;119 Boulevard Aristide Briand;48,8725000000;2,4532500000
202200030393;20;7;2022;08:20;1;11;11202;1;1;1;3;D627;42,8982700000;3,0486520000
202200030400;12;12;2022;14:50;1;92;92019;2;2;1;3;MONNET JEAN (AVENUE DU);48,7708600000;2,2850800000
202200030410;21;7;2022;09:20;1;83;83016;1;1;1;3;;43,1897520000;5,8144930000
202200030411;12;12;2022;17:50;3;38;38157;1;6;1;3;D 75 C;45,5176540000;4,9264400000
202200030420;19;7;2022;14:05;1;60;60139;2;2;7;3;Rue de l’Hospice;49,1670930000;2,2427560000
202200030422;20;7;2022;19:20;2;62;62014;2;3;3;1;Rue Jules Ferry;50,6346910000;2,4001880000
202200030452;13;12;2022;18:00;3;24;24208;1;2;5;3;Route des Vergers;45,0486260000;0,6531550000
202200030453;19;7;2022;12:20;1;54;54395;2;3;1;2;LIBERATION (AVENUE DE LA);48,6960400000;6,1417300000
202200030454;12;12;2022;15:40;1;37;37156;2;6;1;3;Allée des Ralluères;47,3845530000;0,8263830000
202200030482;18;7;2022;08:40;1;69;69389;2;1;1;3;1 Rue Marietton;45,7749500000;4,8079200000
202200030494;15;7;2022;13:13;1;87;87085;2;3;1;3;BEL AIR (BOULEVARD DE);45,8201400000;1,2514300000
202200030503;11;12;2022;15:20;1;69;69266;2;8;8;3;Rue de la Ligne de l'Est;45,7580000000;4,9077700000
202200030518;11;12;2022;16:00;1;33;33063;2;2;1;3;Cours Aristide Briand;44,8318800000; -0,5772700000
202200030519;18;7;2022;21:15;1;67;67267;2;1;1;3;MOZART (RUE);48,5568100000;7,6858900000
202200030521;18;7;2022;13:00;1;67;67447;2;3;1;3;ERSTEIN (RUE D );48,6106200000;7,7339100000
202200030522;10;12;2022;16:20;1;33;33063;2;1;1;3;Boulevard Maréchal Leclerc;44,8304354957; -0,5968183279
202200030528;16;7;2022;14:35;1;67;67482;2;3;1;3;ENGELBREIT (RUE DE L );48,5817700000;7,7073500000
202200030531;16;7;2022;10:50;1;67;67365;2;3;1;3;FORET (RUE DE LA);48,5573300000;7,7159300000
202200030542;18;7;2022;20:17;1;63;63113;2;2;1;6;LAFAYETTE (BD);45,7667700000;3,1069700000
202200030543;19;11;2022;09:20;1;69;69259;2;1;2;6;Avenue Charles de Gaulle;45,7174500000;4,8912100000
202200030547;11;10;2022;14:10;1;74;74308;1;1;1;3;RD 32;46,3536960000;6,6139520000
202200030556;10;12;2022;16:45;1;973;97302;2;1;1;7;MANGO (ROUTE);4,9328549627; -52,3188659549
202200030557;10;12;2022;15:35;1;973;97302;2;1;1;1;RABAN (ROUTE DE);4,9333355265; -52,3131796718
202200030567;19;7;2022;08:43;1;49;49246;2;6;1;3;DAVID D'ANGERS;47,4334000000; -0,5295500000
202200030583;19;7;2022;10:35;1;37;37261;2;1;1;6;NERICAULT DESTOUCHES (RUE);47,3925500000;0,6862400000
202200030584;10;12;2022;22:40;5;69;69266;2;1;8;6;Cours Emile Zola;45,7708408270;4,8722112180
202200030599;19;7;2022;14:13;1;25;25056;2;1;1;3;SOUVENIR FRANCAIS PLACE DU;47,2638740000;6,0227440000
202200030603;10;12;2022;17:37;5;45;45208;2;2;1;3;99 Rue la Liberation 23 Aout 1944;47,9942770000;2,7240930000
202200030615;19;7;2022;22:00;3;13;13047;2;1;1;3;Rue des Arnavaux;43,5144838818;4,9940685100
202200030616;10;12;2022;19:00;5;26;26362;2;1;1;3;ROMANS AVENUE DE (301);44,9380000000;4,9130000000
202200030644;11;12;2022;15:30;1;75;75108;2;2;1;3;RUE GALILEE;48,8678510000;2,2918890000
202200030660;19;7;2022;09:00;1;75;75112;2;2;1;3;AVENUE DAUMESNIL;48,8349790000;2,4198000000
202200030662;19;7;2022;11:55;1;75;75111;2;4;7;6;BOULEVARD VOLTAIRE;48,8532840000;2,3877200000
202200030669;9;12;2022;20:45;3;49;49029;1;1;1;2;D751;47,3795360000; -0,3851120000
202200030699;18;7;2022;19:41;1;93;93001;2;1;2;3;Rue Danielle Casanova;48,9187974304;2,3911692202
202200030701;19;7;2022;19:10;1;92;92062;2;1;1;6;FRANCE (RUE  ANATOLE) N° 2 AU 20;48,8832294551;2,2397129238
202200030717;4;3;2022;12:10;1;39;39235;2;2;1;3;3 Rue de la Gare;47,1516320000;5,7597760000
202200030743;4;3;2022;21:30;3;64;64230;1;1;1;2;Chemin de Larousse;43,2068300000; -0,4034200000
202200030748;5;3;2022;14:50;1;59;59482;1;1;1;1;Route de Linselles;50,7178460000;3,0143150000
202200030758;3;3;2022;11:45;1;33;33009;2;1;1;6;LAMARQUE PLAISANCE (CRS) 1 ET +;44,6613200000; -1,1735500000
202200030766;3;3;2022;08:50;1;69;69383;2;2;1;3;Rue de la Part-Dieu;45,7596700000;4,8490500000
202200030774;3;3;2022;08:20;1;83;83137;2;1;8;3;D'ORVES (AVE ESTIENNE);43,1265300000;5,9117600000
202200030778;26;2;2022;14:00;1;77;77400;1;2;1;3;D15;48,7986416749;3,0236381896
202200030787;3;3;2022;08:25;1;63;63113;2;2;1;3;RAYNAUD (RUE FERNAND);45,7706100000;3,1010100000
202200030790;1;3;2022;17:05;1;62;62771;2;8;1;1;LAMENDIN (R ARTHUR);50,4216620000;2,8556350000
202200030798;3;3;2022;07:49;1;49;49007;2;1;1;7;NOTRE DAME DU LAC AVENUE;47,4796000000; -0,5896300000
202200030801;27;2;2022;18:20;2;42;42095;2;1;1;3;Rue de la République;45,3929829081;4,2930675745
202200030817;28;8;2022;18:30;1;75;75116;2;1;1;3;CHEMIN DE CEINTURE DU LAC INFERIEUR;48,8677800000;2,2623880000
202200030821;29;8;2022;13:40;1;75;75110;2;2;1;3;BOULEVARD DE MAGENTA;48,8748200000;2,3573990000