Num_Acc;jour;mois;an;hrmn;lum;dep;com;agg;int;atm;col;adr;lat;long
202200030832;3;3;2022;10:10;1;06;06088;2;2;1;3;BOTTERO (RUE);43,6966500000;7,2550700000
202200030837;29;8;2022;20:36;1;93;93053;2;3;1;3;Allee d’Anjou / Allee du Berry;48,8823300000;2,4583400000
202200030850;3;3;2022;00:02;5;75;75119;2;2;1;3;AVENUE JEAN JAURES;48,8887780000;2,3930750000
202200030864;29;8;2022;12:00;1;51;51616;2;3;1;3;Route de Chalons;48,8720160000;4,4601970000
202200030893;29;8;2022;17:20;1;29;29075;2;1;1;1;rue Germaine Tillion;48,4055253360; -4,4232124686
202200030898;29;8;2022;16:55;1;70;70248;2;3;1;3;9 Rue des Creuses;47,6608280000;6,7474670000
202200030960;29;8;2022;13:15;1;50;50025;2;6;1;2;Place Patton;48,6816680000; -1,3553470000
202200030974;28;8;2022;17:00;1;69;69389;2;9;1;3;Rue Mouillard;45,7848500000;4,8058800000
202200030995;12;8;2022;14:35;1;15;15014;2;6;1;3;LESCUDILLIERS (BOULEVARD DE);44,9156800000;2,4295100000
202200031002;28;8;2022;08:20;1;75;75118;2;1;1;3;RUE DES POISSONNIERS;48,8957560000;2,3529440000
202200031006;28;8;2022;07:25;2;75;75115;2;3;1;7;BOULEVARD LEFEBVRE;48,8311910000;2,2918650000
202200031017;28;8;2022;11:30;1;94;94041;2;1;1;7;Avenue Maurice Thorez;48,8147200000;2,3787700000
202200031021;28;7;2022;08:30;1;974;97415;2;1;1;3;Rue Joseph Hubert; -21,0528800000;55,2672390000
202200031035;29;8;2022;10:35;1;35;35085;2;6;7;3;1 Avenue de la Liberation;48,4119620000; -1,7461020000
202200031039;28;8;2022;19:10;1;19;19269;1;9;1;3;Avenue Edmond Michelet;45,5364040000;1,8006900000
202200031040;28;8;2022;10:30;1;56;56175;1;4;1;2;D17;47,7231950000; -2,9131900000
202200031047;28;8;2022;10:35;1;42;42249;1;1;1;3;1960 Route de Neronde;45,8743130000;4,2345320000
202200031054;23;8;2022;16:00;1;54;54344;1;1;1;7;Piste Cyclable;48,4542357040;6,2921565779
202200031056;27;8;2022;14:20;1;72;72176;2;1;1;2;Boulevard Paul Doumer;47,6415187034;0,1602745054
202200031092;11;4;2022;15:00;2;75;75113;2;2;1;3;QUAI D AUSTERLITZ;48,8375960000;2,3736390000
202200031093;12;4;2022;09:55;1;75;75111;2;4;1;3;RUE DE LA FONTAINE AU ROI;48,8684750000;2,3697590000
202200031098;12;4;2022;18:10;1;75;75103;2;7;1;3;PLACE DE LA REPUBLIQUE;48,8673854982;2,3633171618
202200031099;12;4;2022;17:20;1;75;75102;2;2;1;3;BOULEVARD DE SEBASTOPOL;48,8670602653;2,3528417945
202200031101;11;4;2022;19:56;1;75;75104;2;3;1;6;RUE SAINT ANTOINE;48,8550700000;2,3616630000
202200031104;23;1;2022;11:40;1;22;22187;2;1;8;7;BARBUSSE (Avenue Henri);48,5496000000; -2,7726700000
202200031107;11;4;2022;18:49;2;94;94033;2;2;1;3;Rue Gabriel Péri / Avenue Parmentier;48,8535400000;2,4524000000
202200031128;23;1;2022;03:45;5;75;75115;2;2;1;3;RUE CAMBRONNE;48,8404250000;2,3042770000
202200031130;23;1;2022;20:00;5;75;75112;2;2;1;3;BOULEVARD DIDEROT;48,8462690000;2,3775150000
202200031134;12;4;2022;08:32;1;92;92044;2;1;1;3;GABRIEL PERI(RUE) 51+ ET 48+;48,8931860494;2,2867143452
202200031136;23;1;2022;11:55;1;75;75103;2;2;8;7;RUE SAINT GILLES;48,8581570000;2,3644860000
202200031169;13;4;2022;14:00;1;51;51030;1;1;1;7;Rue des Mureaux;49,0577567578;3,9949223399
202200031173;22;1;2022;15:00;1;91;91363;1;1;1;3;Route de Bel-Air;48,6613760000;2,2051620000
202200031199;24;1;2022;14:10;1;12;12102;2;1;1;7;Espessergues;44,3021880000;2,5774880000
202200031203;10;4;2022;11:50;1;29;29212;2;1;1;3;69 Rue de Brest;48,3722042350; -4,5808111131
202200031210;24;1;2022;13:55;1;29;29146;1;2;1;3;Route de la Trinite;47,9186140000; -3,8157750000
202200031227;13;4;2022;06:30;2;27;27398;2;3;8;1;Cote Aristide Briand;49,0976200000;0,6054600000
202200031252;22;1;2022;13:50;1;70;70464;2;4;1;1;Route du Saulcy;47,7186690000;6,5325150000
202200031259;13;4;2022;17:30;1;71;71150;1;3;1;3;Route du Port d Arciat;46,2429820000;4,7953020000
202200031272;18;6;2022;22:10;5;31;31555;2;3;1;3;LASCROSSES (BD) DU 1AU 17;43,6103100000;1,4348000000
202200031319;17;6;2022;23:20;5;01;01053;2;1;1;3;PRES DE BROU ( RUE DES);46,1988000000;5,2486200000
202200031347;17;6;2022;23:05;5;75;75111;2;3;1;3;AVENUE PARMENTIER;48,8611570000;2,3778440000
202200031350;22;1;2022;13:00;1;91;91345;2;2;1;3;RTE DE CORBEIL;48,6899020000;2,3004550000
202200031362;7;4;2022;17:12;1;87;87085;2;2;3;3;MONTMAILLER (RUE);45,8351600000;1,2522100000
202200031374;21;1;2022;08:08;2;72;72181;2;1;8;3;FOUCAUDIERE (RUE);47,9724300000;0,1894100000
202200031383;21;1;2022;12:40;1;64;64024;2;2;1;3;Avenue Henri Haget;43,4810200000; -1,5352000000
202200031384;11;4;2022;13:10;1;78;78498;1;1;1;2;PONTOISE AV DE;48,9412000000;2,0578700000
202200031399;11;4;2022;08:00;1;69;69264;2;1;1;6;Boulevard Louis Blanc;45,9899500000;4,7215700000
202200031405;8;4;2022;16:50;1;67;67447;2;1;1;3;PIERRE MENDES FRANCE (AVENUE);48,6085540000;7,7640290000
202200031411;18;6;2022;12:19;1;92;92023;2;3;1;3;CHAMPAGNE (RUE);48,7884656886;2,2498342395
202200031436;11;4;2022;08:15;1;33;33063;2;5;1;3;Avenue de Mérignac;44,8387900000; -0,6257200000
202200031437;18;1;2022;13:30;1;16;16102;2;6;1;3;BELLEFOND (RUE DE);45,6898893133; -0,3257428855
202200031441;22;1;2022;19:50;5;14;14118;2;3;1;3;Rue du 11 Novembre;49,1777100000; -0,3575200000
202200031472;22;1;2022;16:00;1;75;75115;2;3;1;3;RUE DE LA CONVENTION;48,8418340000;2,2863010000
202200031474;18;6;2022;14:30;1;29;29178;1;3;1;3;Gouez Ar frout;48,5685160925; -4,6634790301
202200031484;22;1;2022;13:05;1;75;75111;2;2;1;6;RUE DE CHARONNE;48,8535830000;2,3804520000
202200031495;11;4;2022;08:05;1;75;75113;2;3;1;3;RUE DU DESSOUS DES BERGES;48,8265060000;2,3745530000
202200031553;11;4;2022;09:15;1;92;92025;2;1;1;3;EGALITE (RUE DE L');48,9223990000;2,2414100000
202200031562;11;4;2022;11:20;1;92;92002;2;1;1;3;ARISTIDE BRIAND (AVENUE);48,7632429307;2,3087272346
202200031569;19;6;2022;09:50;1;06;06003;1;1;1;1;Col de Castellaras (Col de montagne);43,7840490000;6,8325330000
202200031577;19;6;2022;06:45;1;67;67151;1;1;7;1;D29;48,6914630000;7,9135570000
202200031588;23;1;2022;09:10;1;30;30259;2;3;1;3;D981;44,1048000000;4,1265680000
202200031596;18;6;2022;15:00;1;69;69273;2;6;1;4;Rue du Dauphiné;45,6773560000;4,9008460000
202200031609;13;4;2022;21:10;2;79;79063;1;1;1;2;;47,0018410000; -0,3768400000
202200031616;23;1;2022;10:12;1;84;84081;2;2;1;3;23 Avenue du General Leclerc;43,9339770000;4,9017820000
202200031633;23;1;2022;12:00;1;42;42122;1;1;1;7;Chemin de la Grosse Pierre;45,5773106270;4,0669821203
202200031650;9;4;2022;17:32;1;18;18069;1;1;1;7;La Tranchasse;46,6847240000;2,5419520000
202200031653;11;4;2022;07:20;2;37;37154;2;1;1;7;13 Rue du Pr Guillaume Louis;47,2858649610;0,7098975778
202200031675;8;11;2022;07:10;2;87;87041;1;1;1;2;le verger;46,1414710000;1,2478070000
202200031677;29;10;2022;04:35;5;987;98752;1;1;1;1;PK 50.500 C/mer; -17,7220000000; -149,3990000000
202200031703;8;11;2022;20:30;3;62;62865;1;1;1;2;D39;50,3036220000;2,9921870000
202200031726;6;11;2022;07:50;1;974;97411;1;1;8;7;LITTORAL (ROUTE 2 DU); -20,8743100000;55,4282000000
202200031727;6;11;2022;19:20;5;69;69383;2;2;1;1;Rue Paul Bert;45,7564900000;4,8473400000
202200031739;6;11;2022;15:00;1;59;59350;2;3;2;3;LEPELLETIER RUE;50,6389059490;3,0620540679
202200031762;6;11;2022;01:15;5;75;75108;2;2;1;3;PONT DES INVALIDES;48,8649290000;2,3102390000
202200031767;5;11;2022;19:10;4;94;94003;2;1;1;3;Avenue Paul Doumer;48,8051500000;2,3381700000
202200031773;6;11;2022;11:45;1;92;92060;2;1;3;3;REPUBLIQUE (AVENUE DE LA) (RD 60);48,7813900000;2,2717100000
202200031779;5;11;2022;17:20;3;28;28173;1;1;1;2;D32;48,4719970000;1,5582350000
202200031830;30;8;2022;09:00;1;38;38185;2;3;1;1;RUE DE STALINGRAD;45,1739500000;5,7251200000
202200031832;29;8;2022;17:03;1;38;38286;1;1;1;1;D526;45,0689440000;6,0003380000
202200031835;26;7;2022;08:45;1;38;38169;2;1;1;3;Rue de l'Argentière;45,1989300000;5,6707100000
202200031855;1;11;2022;01:55;3;59;59356;1;1;1;2;VILLERS PONT DE;50,6619200000;2,9896900000
202200031858;5;11;2022;16:15;1;54;54395;2;1;1;3;HAUSSONVILLE (BD D');48,6727389301;6,1649769545
202200031863;19;5;2022;18:20;1;14;14301;2;1;1;3;Rue du Centre;49,1761800000; -0,2818300000
202200031877;19;5;2022;20:15;1;75;75105;2;3;1;3;QUAI DE MONTEBELLO;48,8517775350;2,3495516138
202200031883;19;5;2022;12:45;1;75;75115;2;1;1;3;BOULEVARD LEFEBVRE;48,8306807298;2,2931927947
202200031886;19;5;2022;22:19;5;75;75112;2;4;1;3;BOULEVARD DE LA BASTILLE;48,8520726266;2,3695256938
202200031887;19;5;2022;20:15;1;75;75108;2;4;1;2;AVENUE DES CHAMPS ELYSEES;48,8719096164;2,3009232035
202200031889;19;5;2022;08:40;1;75;75108;2;1;1;3;BOULEVARD MALESHERBES;48,8729810000;2,3212010000
202200031940;16;5;2022;13:40;1;41;41149;2;3;1;3;Avenue de la Paix;47,7584550000;0,8747970000
202200031950;26;9;2022;14:55;1;59;59009;2;1;2;1;8 MAI 1945 RUE DU A PARTIR DU N° 60;50,6341064125;3,1552621722
202200031969;5;5;2022;19:09;1;01;01265;2;1;1;3;Avenue de Bresse;46,1710380000;5,5755830000
202200031988;26;9;2022;17:40;1;04;04112;2;6;1;3;POMPIDOU (AV.GEORGES);43,8271800000;5,7813900000
202200031990;1;10;2022;16:45;1;01;01053;2;1;2;6;LYON (AVENUE DE - N° IMPAIRS);46,1941800000;5,2142300000
202200031992;26;6;2022;14:15;1;14;14220;2;7;1;2;Avenue Lucien Barrière;49,3592900000;0,0707900000
202200032008;2;10;2022;13:25;1;75;75119;2;7;8;3;PLACE DU COLONEL FABIEN;48,8780190000;2,3706920000
202200032024;2;10;2022;07:00;2;75;75114;2;2;1;1;AVENUE DE LA PORTE D ORLEANS;48,8203690000;2,3254340000
202200032031;30;9;2022;19:40;5;75;75114;2;2;1;3;RUE EMILE DEUTSCH DE LA MEURTHE;48,8213700000;2,3343500000
202200032039;18;5;2022;17:35;1;09;09039;1;1;1;2;D625;43,0669200000;1,8801210000
202200032091;13;5;2022;19:00;1;79;79191;2;1;1;3;94 Rue de l’Aérodrome;46,3214600000; -0,4194000000
202200032095;18;5;2022;20:15;1;72;72181;2;3;1;3;REMBRANDT (AV);47,9742300000;0,2118000000
202200032099;17;5;2022;13:30;1;67;67482;2;1;1;3;BON PASTEUR (RUE DU);48,5880105765;7,7806170000
202200032110;18;5;2022;11:05;1;64;64445;2;1;1;3;COURS LYAUTEY;43,3109200000; -0,3628100000
202200032114;14;5;2022;19:10;1;62;62215;2;4;1;3;EVRARD (R FLORENT );50,4862200000;2,9504700000
202200032122;18;5;2022;16:35;1;59;59328;1;3;1;3;LILLE RUE DE;50,6533100000;3,0380600000
202200032136;16;5;2022;16:00;1;45;45338;2;2;1;1;1 Rue de Gaudry;47,9954678056;2,6951742321
202200032141;17;5;2022;11:00;1;41;41269;2;3;1;3;COURTIRAS (RUE DE);47,8024500000;1,0500500000
202200032143;18;5;2022;17:40;1;38;38185;2;1;1;4;ALFRED DE VIGNY (RUE );45,1665900000;5,7231800000
202200032147;18;5;2022;12:20;1;37;37214;2;1;1;3;LANDE (RUE DE LA);47,4206593114;0,6649685651
202200032149;18;5;2022;08:05;1;37;37261;2;1;2;3;MANS (AVENUE DU);47,4091952648;0,6807459891
202200032153;3;10;2022;08:00;2;13;13014;2;1;7;3;Boulevard Henri Wallon;43,4938570000;5,1698080000
202200032161;3;10;2022;07:30;1;54;54397;2;2;1;7;115 Rue Jean Jaures;48,6216866370;6,1079907398
202200032162;30;9;2022;17:18;1;85;85222;1;2;1;3;D38B;46,6784707000; -1,9098669200
202200032181;1;10;2022;17:40;1;94;94033;2;6;1;3;Place de l'Amitié entre les Peuples / Avenue du Maréchal Joffre;48,8526700000;2,4815000000
202200032182;26;9;2022;12:45;1;42;42044;2;1;1;2;Rue Thomas;45,3975100000;4,3280500000
202200032185;12;9;2022;08:40;1;26;26198;2;1;1;3;PERDIGUIER (Avenue Agricole);44,5717700000;4,7428200000
202200032202;10;12;2022;05:00;3;971;97107;1;2;1;3;Rue de Roseau;16,0907740000; -61,5637400000
202200032216;30;9;2022;09:50;1;77;77390;1;2;1;2;D21;48,7926100000;2,6961500000
202200032239;1;10;2022;18:15;1;64;64024;2;2;1;5;BOIS BELIN (RUE DU);43,4926000000; -1,5192900000
202200032241;27;9;2022;09:50;1;59;59378;2;1;1;3;NATIONALE RUE;50,6647687343;3,0756354332
202200032251;30;9;2022;17:00;1;44;44184;2;3;1;3;Boulevard de la Légion d'Honneur;47,2769800000; -2,2033400000
202200032268;1;10;2022;14:55;1;33;33069;2;3;2;3;Rue Gabriel Peri;44,8680200000; -0,5761500000
202200032271;9;10;2022;17:40;1;74;74082;1;1;1;1;Route de la croisette;46,1236560000;6,1645100000
202200032280;29;6;2022;18:30;1;74;74056;2;7;1;6;Place du Mont Blanc;45,9248150000;6,8723560000
202200032322;9;12;2022;14:45;1;51;51454;2;1;8;3;quartier Chemin Vert;49,2500000000;4,0600000000
202200032339;19;7;2022;09:40;1;63;63275;2;9;1;1;chemin de siorac;45,5437270000;3,2013130000
202200032359;20;7;2022;11:30;1;02;02001;2;6;2;7;21 Rue de la Barre;49,5989449201;3,1760807633
202200032363;20;7;2022;13:40;1;70;70063;1;1;1;1;D97;47,7636180000;6,6111735000
202200032369;10;12;2022;14:35;1;75;75119;2;3;1;6;AVENUE DE FLANDRE;48,8911080000;2,3776110000
202200032370;10;12;2022;11:35;1;75;75119;2;5;1;3;RUE DE L OURCQ;48,8937730000;2,3733600000
202200032374;10;12;2022;15:15;1;75;75116;2;1;1;6;ROUTE DES TRIBUNES;48,8590030000;2,2292110000
202200032389;10;12;2022;12:26;1;75;75104;2;1;1;6;VOIE GEORGES POMPIDOU;48,8494520000;2,3615060000
202200032394;10;12;2022;11:40;1;93;93071;2;1;1;1;Rue Gabriel Péri;48,9427300000;2,5327910000
202200032397;10;12;2022;13:50;1;93;93027;2;1;1;1;Avenue Waldeck Rochet;48,9341306080;2,4018289981
202200032422;12;11;2022;14:58;1;25;25495;2;1;1;3;18 rue de Beaupré;47,2768960000;6,1072450000
202200032458;9;12;2022;16:00;1;27;27165;1;1;1;2;D840;48,9420650000;0,9449530000
202200032463;18;7;2022;19:20;5;974;97409;2;1;2;7;DU LYCEE(RUE); -20,9635100000;55,6514700000
202200032478;8;12;2022;12:00;1;974;97411;2;1;1;6;AUBER (RUE JULES); -20,8821100000;55,4540300000
202200032493;7;12;2022;08:20;2;78;78517;2;1;5;3;DEMANGE (RUE PAUL);48,6520900000;1,8491900000
202200032499;18;7;2022;11:45;1;74;74010;2;4;1;3;ALERY (AVENUE D');45,9006500000;6,1205820000
202200032503;18;7;2022;17:17;1;64;64335;1;1;1;3;Route de l'Aviation;43,3447479663; -0,4307922721
202200032505;16;7;2022;20:44;1;63;63113;2;2;1;3;MAYER (BD DANIEL);45,7924900000;3,0916700000
202200032522;18;7;2022;07:48;1;32;32013;2;1;1;3;rond point des justes;43,6636000000;0,5995700000
202200032525;1;7;2022;08:25;1;29;29019;2;6;1;2;rue Yves Collet;48,3916280000; -4,4804950000
202200032536;18;7;2022;14:00;1;07;07281;2;1;1;7;;44,9437000000;4,8448600000
202200032555;18;7;2022;20:09;1;93;93066;2;9;1;1;Rue Danielle Casanova;48,9296447208;2,3593300581
202200032566;18;7;2022;17:30;2;974;97415;1;7;1;1;D100; -21,0692190000;55,2298760000
202200032593;13;7;2022;08:45;2;29;29165;1;3;1;1;D102 - Rue de Lesconil;47,8168442839; -4,2292141913
202200032609;26;2;2022;17:14;1;86;86066;2;6;7;3;Rue Edouard Branly;46,8021700000;0,5455890000
202200032610;19;7;2022;09:16;1;17;17385;2;6;1;3;Avenue du Moulin Blanc;45,9357660000; -1,3035990000
202200032634;27;2;2022;12:35;1;50;50475;1;1;1;6;CROIX PAIN;49,1273400000; -1,0893260000
202200032636;1;3;2022;15:09;1;49;49246;2;1;1;3;HUGO VICTOR RUE;47,4296200000; -0,5279400000
202200032647;2;3;2022;09:53;1;26;26198;2;1;1;3;ISLES (Chemin des );44,5351000000;4,7276000000
202200032658;1;3;2022;16:50;1;06;06027;2;1;1;3;VAL FLEURI CHEMIN DU;43,6651800000;7,1707470000
202200032661;2;3;2022;14:00;1;75;75116;2;2;1;3;RUE DE LONGCHAMP;48,8681440000;2,2755010000
202200032671;2;3;2022;17:30;1;94;94011;2;6;1;3;Avenue Rhin et Danube / Avenue de Boissy;48,7684000000;2,4883600000
202200032681;28;2;2022;05:30;5;57;57660;2;1;1;3;NATIONALE(RUE)R.SCHOENECK A LIMITE CIRCO;49,1979300000;6,9307800000
202200032691;26;8;2022;22:00;3;973;97302;1;1;1;2;ROUTE NATIONALE 3;4,9011900000; -52,3110900000
202200032709;2;3;2022;15:45;1;92;92002;2;1;1;3;DIVISION LECLERC (53 A 217 - 58 A 186);48,7496700000;2,3042000000
202200032720;1;3;2022;14:45;1;71;71443;1;3;1;1;Hameau de la Forge;46,9432840000;4,8753330000
202200032721;27;8;2022;09:30;1;59;59560;2;1;1;3;BOIS RUE DES ;50,5491262123;3,0515170097
202200032723;28;8;2022;23:00;5;54;54395;2;2;1;3;CHEVERT (RUE DU GENERAL);48,6726940961;6,1765506864
202200032728;23;8;2022;09:05;1;53;53054;2;1;2;7;BRETAGNE ( RUE DE );48,0982490000; -0,7921010000
202200032738;27;8;2022;09:10;1;35;35281;2;1;1;3;MERMOZ (BOULEVARD JEAN);48,0955649910; -1,6950085759
202200032740;28;8;2022;01:30;5;33;33063;2;2;1;3;Rue Notre Dame;44,8543000000; -0,5691800000
202200032745;27;8;2022;18:00;1;33;33529;2;1;1;1;ERMITAGE (AVE DE L');44,6338700000; -1,1967000000
202200032761;27;8;2022;19:14;1;75;75104;2;3;1;6;RUE DE RIVOLI;48,8572910000;2,3523830000
202200032813;28;8;2022;10:02;1;59;59663;1;1;1;3;Anc Voie Romaine Steen Str;50,8982150000;2,4912140000
202200032817;1;3;2022;11:05;1;69;69388;2;1;1;5;Cours Albert Thomas;45,7484100000;4,8629200000
202200032818;28;2;2022;17:00;1;69;69386;1;1;1;3;Rue Fénelon;45,7642400000;4,8433000000
202200032826;27;8;2022;14:50;1;72;72090;1;1;1;3;1407 Route des Thuaudières;48,0294585207;0,4453933237
202200032834;25;2;2022;16:15;1;80;80021;2;2;1;3;BECQUERELLES (PASSAGE DES);49,9009900000;2,3012900000
202200032845;1;3;2022;21:40;5;76;76575;2;6;2;7;Avenue du Val l'Abbé;49,3803400000;1,1008090000
202200032849;28;8;2022;14:50;1;28;28383;2;4;1;3;24 Rue des Marais;48,3171980000;1,5717640000
202200032855;28;2;2022;15:45;1;69;69282;2;3;1;1;Rue du Rambion;45,7606100000;4,9979100000
202200032868;27;8;2022;19:40;2;77;77478;1;1;1;1;Borne d'appel d'urgence;48,9762170000;3,0702170000
202200032871;24;2;2022;17:20;1;62;62427;2;1;2;1;BROSSOLETTE (R PIERRE);50,4065770000;2,9404180000
202200032879;28;2;2022;07:50;1;57;57672;2;1;1;6;D953 A;49,3534000000;6,1795400000
202200032894;28;8;2022;10:00;1;17;17351;1;1;1;4;D18;45,8038020000; -1,0012980000
202200032904;27;8;2022;16:30;1;56;56072;1;3;1;3;Guernogas;48,0930690000; -2,8048070000
202200032908;28;8;2022;10:15;1;29;29057;2;1;1;2;20 Rue Charles de Gaulle;47,9081530000; -3,9793490000
202200032928;21;1;2022;16:08;1;91;91477;2;1;7;2;PARIS (RUE DE);48,7068900000;2,2391200000
202200032934;21;1;2022;11:45;1;86;86194;2;1;1;1;Rue du Bas des Sables;46,5708960000;0,3311300000
202200032982;26;8;2022;13:45;1;972;97213;1;1;1;3;VIEUX CHEMIN CALIFORNIE (RUE DU);14,6213818330; -61,0267446935
202200032986;20;1;2022;13:05;1;58;58194;2;3;1;3;DOCKS;46,9955684890;3,1483085812
202200032990;24;8;2022;09:05;1;85;85194;2;1;1;3;POILU DE FRANCE (PLACE DU);46,4971170200; -1,7833551760
202200032994;19;1;2022;12:30;1;54;54547;2;1;1;2;LECLERC (AV. DU GENERAL 26 A 172);48,6669100000;6,1665500000
202200033001;18;1;2022;19:13;5;51;51454;2;1;1;1;Avenue Henri Farman;49,2384700000;4,0641200000
202200033002;1;3;2022;08:50;1;75;75119;2;3;1;3;RUE PETIT;48,8860170000;2,3892900000
202200033004;21;1;2022;07:44;5;49;49007;2;1;1;3;CARNOT;47,4753400000; -0,5485900000
202200033008;28;2;2022;22:25;5;75;75117;2;2;1;3;AVENUE DE CLICHY;48,8897090000;2,3217260000
202200033029;25;8;2022;13:30;1;64;64445;2;6;1;3;rond-point des allées de Morlaàs;43,3080400000; -0,3393800000
202200033030;12;4;2022;13:05;1;67;67067;2;2;1;1;rue des acacias;48,7306980000;7,7143280000
202200033046;20;1;2022;12:15;1;35;35238;2;6;1;3;GAYEULLES (ROND POINT);48,1274700000; -1,6514300000
202200033054;26;8;2022;19:25;1;51;51172;2;1;1;3;Avenue Francois Mitterrand;49,2193221982;4,0567700565
202200033059;26;8;2022;12:25;1;51;51108;2;2;1;3;Avenue du Général Sarrail;48,9754824951;4,3576294184
202200033072;12;4;2022;08:20;1;83;83070;2;3;1;3;Avenue du Marechal Juin;43,1360330000;6,3545020000
202200033073;21;1;2022;08:20;1;17;17300;2;2;1;3;SARTRE   AVENUE JEAN-PAUL;46,1549100000; -1,1358500000
202200033085;26;8;2022;08:10;1;35;35238;2;6;1;3;ROBIQUETTE (ROND POINT DE LA);48,1340000000; -1,6943900000
202200033089;26;8;2022;17:55;1;34;34172;2;2;1;3;ADHEMAR (AVENUE PIERRE D');43,6228400000;3,8678900000
202200033091;6;1;2022;15:30;1;13;13207;2;3;1;3;JOEL RECHER (RUE);43,2885210715;5,3651307437
202200033095;10;4;2022;18:00;1;46;46290;2;2;1;2;CAMP DE MARO;44,7486450000;1,4996340000
202200033104;17;6;2022;19:45;2;76;76540;2;3;7;3;Rue de la Republique;49,4380700000;1,0966300000
202200033112;22;8;2022;07:55;1;26;26198;2;3;1;3;45ÈME RÉGIMENT DE TRANSMISSION (RUE);44,5634700000;4,7519700000
202200033115;26;8;2022;22:10;5;25;25056;2;5;9;6;HELVETIE AVENUE D';47,2427200000;6,0260300000
202200033122;12;4;2022;16:15;1;18;18242;2;3;1;3;78 Rue Fernand Duruisseau;46,8332310000;2,9167410000
202200033125;25;8;2022;20:30;1;14;14333;2;6;1;3;D580;49,4177470000;0,2399780000
202200033141;9;4;2022;06:45;2;987;98733;2;1;2;2;PK 19+500; -17,6899310000; -149,5483490000
202200033160;11;4;2022;14:55;1;68;68063;2;1;1;3;55 Rue Raymond Poincare;47,8036890000;7,1762760000
202200033170;17;6;2022;12:35;1;56;56260;2;1;7;3;37 Avenue de Verdun;47,6595200000; -2,7464000000
202200033174;14;6;2022;08:55;1;56;56260;2;6;7;2;VINCIN(GIRATOIRE DU);47,6494600000; -2,7964400000
202200033176;15;6;2022;12:55;1;56;56162;2;1;1;2;11 Boulevard de l'Océan;47,7346500000; -3,4995000000
202200033179;19;1;2022;18:22;5;93;93066;2;2;2;3;LENINE (AVENUE) NR 28 A 62 ET 13 A 41;48,9419878691;2,3655425012
202200033184;12;6;2022;10:58;1;56;56162;2;6;1;3;Giratoire de Kerscouët;47,7099130000; -3,4386110000
202200033188;26;8;2022;14:20;1;93;93078;2;2;1;3;Boulevard Robert Ballanger / Avenue Martin Luther King;48,9520400000;2,5282800000
202200033196;17;6;2022;00:40;5;49;49007;2;1;1;7;PAUL BERT;47,4662700000; -0,5527200000
202200033205;5;6;2022;18:45;1;42;42223;1;1;1;6;Route de Landuziere;45,4567756326;4,3106917273
202200033207;10;6;2022;17:45;1;42;42218;1;1;1;7;Chemin de la Pouilleuse;45,4167800000;4,4315200000
202200033220;10;4;2022;06:40;2;69;69382;2;7;1;3;Quai Docteur Gailleton;45,7531600000;4,8336800000
202200033221;17;6;2022;17:00;1;35;35278;2;1;1;3;ROUTE DU BOUT DU MONDE;48,1559931815; -1,6763910279
202200033230;17;6;2022;09:15;1;35;35238;2;6;1;3;FORCES FRANCAISES DE L'ONU (ROND POINT);48,0895137931; -1,6826529801
202200033234;17;6;2022;08:30;1;35;35238;2;3;1;3;NANTES (DE);48,1010268881; -1,6851638630
202200033235;17;6;2022;07:30;1;35;35281;2;6;1;3;DODIN (AVENUE ROGER);48,0821900000; -1,7116500000
202200033262;21;1;2022;11:40;1;29;29182;1;2;1;1;Lieu Dit l’Oratoire;48,6166010000; -3,6823780000
202200033273;17;6;2022;09:50;1;29;29232;2;6;7;3;Rue President Sadate;47,9753700000; -4,0977600000
202200033276;18;6;2022;20:50;1;26;26362;2;1;1;6;VERDUN AVENUE (204);44,9389000000;4,9016400000
202200033278;10;4;2022;15:40;1;45;45068;2;1;1;3;Rue des Ormes;48,0122097051;2,7094783187
202200033282;17;6;2022;08:45;1;25;25056;2;3;1;3;16 Rue Thomas Edison;47,2332400000;5,9745170000
202200033286;17;6;2022;08:22;1;24;24037;2;6;1;3;PIMONT (BOULEVAR LOUIS);44,8433700000;0,4844200000
202200033310;3;6;2022;19:35;1;12;12145;2;1;7;1;EUROPE (AVENUE DE L');44,0874900000;3,0565000000