Num_Acc;jour;mois;an;hrmn;lum;dep;com;agg;int;atm;col;adr;lat;long
202200033318;10;4;2022;14:02;1;06;06030;2;9;1;2;ST SAUVEUR (RUE);43,5768880000;7,0209960000
202200033333;10;4;2022;18:30;1;75;75116;2;1;1;6;AVENUE DE VERSAILLES;48,8384900000;2,2591980000
202200033335;17;6;2022;09:35;1;75;75106;2;3;1;7;RUE DE RENNES;48,8456470000;2,3255970000
202200033343;19;1;2022;18:35;2;974;97409;2;1;1;1;DU LYCEE(RUE); -20,9651830000;55,6519260000
202200033346;20;1;2022;15:18;1;973;97302;2;1;1;3;MADELEINE (ROUTE DE LA);4,9228628079; -52,3236536980
202200033351;20;1;2022;09:10;1;69;69383;2;3;2;3;Avenue Maréchal de Saxe;45,7594500000;4,8458200000
202200033357;17;6;2022;09:50;1;75;75116;2;3;1;2;ROUTE DES TRIBUNES;48,8619890000;2,2303800000
202200033368;17;6;2022;11:00;1;75;75107;2;2;1;2;BOULEVARD RASPAIL;48,8516560000;2,3267940000
202200033371;16;6;2022;13:25;1;75;75114;2;3;1;3;AVENUE DU GENERAL LECLERC;48,8307980000;2,3294090000
202200033380;17;6;2022;19:00;1;75;75112;2;1;1;6;QUAI DE LA RAPEE;48,8414380000;2,3732020000
202200033384;17;6;2022;19:50;1;75;75111;2;3;1;6;RUE LOUIS BONNET;48,8702480000;2,3765030000
202200033387;17;6;2022;16:50;1;75;75110;2;7;1;2;PLACE DE LA BATAILLE DE STALINGRAD;48,8826300000;2,3699490000
202200033396;19;1;2022;13:40;1;67;67482;2;3;1;3;LIVIO (RUE);48,5523700000;7,7400300000
202200033399;17;6;2022;14:20;1;75;75101;2;3;1;6;RUE DE RIVOLI;48,8607890000;2,3412000000
202200033401;20;1;2022;18:40;5;64;64102;2;3;2;3;Rue Vainsot;43,4939386251; -1,4540255070
202200033402;17;6;2022;14:00;1;75;75101;2;2;1;3;AVENUE VICTORIA;48,8577200000;2,3477750000
202200033406;15;6;2022;19:00;1;75;75104;2;3;1;3;BOULEVARD HENRI IV;48,8522270000;2,3660400000
202200033414;16;6;2022;14:40;1;94;94068;2;2;1;3;SAINT LOUIS (AV);48,7883000000;2,5064000000
202200033425;11;4;2022;07:50;2;67;67196;2;3;1;3;1 Rue de bindernheim;48,2905670000;7,5683140000
202200033433;17;6;2022;08:10;1;94;94003;2;1;1;3;ARISTIDE BRIAND (AV);48,8077300000;2,3264700000
202200033436;17;6;2022;09:00;1;94;94041;2;1;1;3;REPUBLIQUE (AV DE LA);48,8049600000;2,3945700000
202200033441;17;6;2022;07:05;1;93;93078;2;2;7;3;Avenue Georges Clémenceau / Avenue Charles de Gaulle;48,9584500000;2,5582300000
202200033452;17;6;2022;18:15;1;93;93048;2;1;1;3;Rue de Stalingrad;48,8571176458;2,4446157218
202200033465;10;4;2022;15:50;1;84;84017;1;1;7;3;Parking;44,1295540000;5,2880290000
202200033472;16;6;2022;08:45;1;92;92049;2;1;1;1;VANNE RUE DE LA;48,8142742685;2,3281998038
202200033474;10;4;2022;13:30;1;14;14092;2;3;1;3;Rue de l Emeraude;49,1190760000; -0,3062170000
202200033476;9;4;2022;18:45;1;64;64029;1;1;1;7;Chemin Col de Bas;43,1330770000; -0,7481320000
202200033488;17;6;2022;19:00;1;92;92007;2;4;1;3;RAVERA (AVENUE HENRI) N° 111 A 217 ET 10;48,8009654297;2,3095009178
202200033502;17;6;2022;11:40;1;12;12214;1;1;1;7;D987;44,6187300000;2,9639380000
202200033513;10;4;2022;18:15;1;48;48198;2;1;1;7;cd 901;44,4445890000;3,9305520000
202200033538;18;6;2022;09:45;1;60;60145;1;1;1;1;D85;49,3497300000;3,0232570000
202200033568;17;6;2022;09:40;1;77;77508;1;1;1;3;D21;48,8160060000;2,8498360000
202200033623;5;11;2022;14:00;1;75;75120;2;2;1;3;RUE DE LAGNY;48,8489480000;2,4065950000
202200033624;5;11;2022;13:30;1;75;75118;2;1;1;6;BOULEVARD DE LA CHAPELLE;48,8841460000;2,3536060000
202200033625;5;11;2022;10:52;1;75;75116;2;3;1;2;ROUTE DES TRIBUNES;48,8613930000;2,2301270000
202200033628;5;11;2022;19:49;5;75;75111;2;3;1;3;RUE DE CHARONNE;48,8532760000;2,3785080000
202200033636;4;11;2022;22:15;5;93;93027;2;2;1;3;Boulevard Pasteur / Rue Jollois;48,9217610000;2,3833830000
202200033639;5;11;2022;17:43;5;92;92012;2;2;1;2;ANDRE MORIZET (AVENUE) 1/47 - 2/52;48,8345874309;2,2420156002
202200033642;4;11;2022;14:30;1;84;84088;2;1;1;7;310 avenue saint martin;43,9943100000;5,0544570000
202200033644;6;11;2022;12:15;1;95;95487;2;1;3;3;Rue Jean Catelas;49,1536360000;2,2727430000
202200033652;6;11;2022;12:30;1;57;57534;2;1;1;7;Rue des Fours à Chaux;49,0717971938;6,2276776135
202200033662;2;11;2022;09:45;1;42;42185;1;1;1;2;828 Route de Cuzieu;45,5935980000;4,2539190000
202200033673;5;11;2022;19:55;3;54;54295;1;1;1;2;RD643;49,3089080000;5,8132840000
202200033675;5;11;2022;16:00;1;53;53018;1;2;2;3;D 127,  les chesnaies;47,9072090000; -1,0560610000
202200033678;1;11;2022;14:55;1;40;40194;1;1;1;3;803 Route Raphäel Lonné;43,7080320000; -0,8211870000
202200033692;6;11;2022;11:40;1;26;26311;1;9;1;3;Route de Saint-jean;45,0427850000;5,3021750000
202200033714;4;11;2022;19:00;5;974;97416;2;7;1;3;HUBERT DE LISLE(BOULEVARD); -21,3391400000;55,4589800000
202200033734;4;11;2022;06:00;5;64;64445;2;5;2;3;ALSACE LORRAINE D';43,3042900000; -0,3676100000
202200033735;3;11;2022;22:55;5;64;64348;2;6;1;3;Rond Point Combattants d'Afrique du Nord;43,3384100000; -0,3801800000
202200033741;4;11;2022;10:22;1;49;49007;2;1;1;7;CALE SAVATTE;47,4713900000; -0,5637600000
202200033743;3;11;2022;19:44;5;49;49007;2;1;1;3;BODINIER;47,4726000000; -0,5541200000
202200033756;4;11;2022;22:00;5;17;17300;2;3;1;2;16 Rue Chaudrier;46,1611900000; -1,1530300000
202200033762;4;11;2022;13:55;1;10;10387;2;1;3;3;GUSTAVE MASSON (RUE);48,2743700000;4,0812600000
202200033768;18;5;2022;20:20;1;27;27229;2;7;1;3;RUE VICTORIA MXENGE;49,0087400000;1,1589100000
202200033779;18;5;2022;14:40;1;16;16102;2;1;1;2;PLANAT (BOULEVARD OSCAR);45,6881500000; -0,3348000000
202200033781;3;11;2022;18:20;5;75;75112;2;3;1;3;AVENUE DES CANADIENS;48,8189850000;2,4624020000
202200033794;16;5;2022;19:00;1;75;75113;2;2;1;3;AVENUE DE FRANCE;48,8362094065;2,3714885116
202200033801;18;5;2022;16:35;1;75;75118;2;4;1;6;RUE JOSEPH DIJON;48,8936770699;2,3479267995
202200033809;18;5;2022;09:00;1;75;75116;2;4;1;2;VOIE GEORGES POMPIDOU;48,8382704625;2,2657777683
202200033822;15;5;2022;05:55;2;75;75110;2;1;1;6;RUE BEAUREPAIRE;48,8706724080;2,3639689386
202200033823;18;5;2022;17:20;1;75;75109;2;2;1;3;RUE DE PROVENCE;48,8742050000;2,3283980000
202200033827;18;5;2022;16:27;1;75;75107;2;2;1;3;BOULEVARD SAINT GERMAIN;48,8584990000;2,3230980000
202200033843;18;5;2022;20:00;1;92;92062;2;1;1;2;PUTEAUX (PONT DE);48,8777008418;2,2433242500
202200033844;17;5;2022;09:25;1;92;92051;2;2;1;3;SABLONS (BOULEVARD DES);48,8796182778;2,2711510956
202200033846;18;5;2022;19:00;1;92;92046;2;1;1;3;BROSSOLETTE AVENUE PIERRE;48,8135236109;2,3022365570
202200033847;18;5;2022;17:25;1;92;92020;2;3;1;3;PRIS-PRIS ALLEE DES;48,8008666706;2,2800513357
202200033851;19;5;2022;14:40;1;95;95487;2;1;1;3;60 Avenue Gaston Vermeire;49,1491299805;2,2799769044
202200033853;18;5;2022;09:10;1;74;74005;1;1;1;5;Avenue des Trois Cols;46,3326840000;6,4757650000
202200033915;17;4;2022;11:30;1;94;94019;2;1;1;2;Rue du Pont;48,7904600000;2,5243800000
202200033918;16;4;2022;12:15;1;61;61007;1;3;1;3;Route de Condé;48,8136640000; -0,5275420000
202200033923;17;5;2022;20:20;5;974;97416;2;1;2;3;LORION(RUE LUC); -21,3310400000;55,4724600000
202200033931;26;6;2022;10:15;1;74;74242;1;1;1;7;Route de la Magne;45,8163950000;6,1716130000
202200033932;17;5;2022;19:10;1;69;69383;2;2;1;1;Rue Duguesclin;45,7548300000;4,8499800000
202200033940;17;5;2022;14:40;1;69;69381;2;2;1;3;Rue du Garet;45,7661300000;4,8368300000
202200033943;17;5;2022;19:10;1;2B;2B033;2;3;1;3;ST FLORENT-ANCIENNE RT DE;42,6870300000;9,4281100000
202200033945;17;5;2022;17:00;1;2A;2A004;2;6;7;3;ILES SANGUINAIRES ROUTE DES;41,9084900000;8,7020900000
202200033954;30;9;2022;11:23;1;2A;2A004;1;9;8;3;T40;41,9319900000;8,8034400000
202200033969;16;5;2022;20:50;1;76;76351;2;1;1;7;ARISTIDE BRIAND;49,5000600000;0,1313900000
202200033971;16;5;2022;10:40;1;73;73008;2;1;1;7;D991 GRAND PORT (RONDEAU) AVENUE DU;45,7038589318;5,8986168911
202200033974;14;5;2022;22:30;5;72;72181;2;1;1;6;GAY LUSSAC (RUE);47,9817000000;0,2224200000
202200033983;16;5;2022;19:20;1;67;67447;2;1;1;3;MARAIS (RUE DU);48,6119281392;7,7673200000
202200033986;29;9;2022;08:34;1;49;49353;2;1;1;1;ANATOLE FRANCE;47,4576175054; -0,4772454500
202200033996;29;9;2022;07:30;2;34;34172;2;1;1;7;47 Avenue de Lodève;43,6096900000;3,8638300000
202200034005;15;5;2022;11:50;1;59;59329;1;1;7;2;JOFFRE (RUE DU MARECHAL);50,3429590216;3,0848193169
202200034013;13;5;2022;18:11;1;56;56121;2;1;1;6;DUGUAY-TROUIN (RUE RENE);47,7423800000; -3,3625700000
202200034026;17;5;2022;04:27;5;49;49007;2;1;1;3;PASTEUR AVENUE;47,4766500000; -0,5326600000
202200034035;1;10;2022;18:15;1;75;75118;2;2;1;1;RUE RIQUET;48,8899050000;2,3638120000
202200034041;1;10;2022;19:25;5;75;75103;2;3;1;3;RUE AUX OURS;48,8632310000;2,3516670000
202200034042;1;10;2022;14:30;1;75;75103;2;3;1;3;RUE DES FRANCS BOURGEOIS;48,8576780000;2,3607700000
202200034043;1;10;2022;01:40;5;75;75101;2;2;2;1;BOULEVARD DE SEBASTOPOL;48,8662420000;2,3525350000
202200034049;1;10;2022;14:30;1;93;93048;2;2;1;3;Rue Beaumarchais / Rue Douy Delcupe;48,8556400000;2,4308700000
202200034066;14;9;2022;14:00;1;61;61167;2;1;1;3;Route de Couvains (Gauville);48,8295720000;0,5536450000
202200034069;2;10;2022;09:30;1;34;34114;1;1;1;1;D32;43,6565780000;3,5565930000
202200034101;30;9;2022;17:50;1;01;01065;2;1;1;6;539 Chemin de Rosiere;46,2128380000;5,1461900000
202200034145;29;9;2022;03:08;5;75;75119;2;3;1;6;RUE DE BELLEVILLE;48,8725410000;2,3785400000
202200034146;30;9;2022;07:10;2;75;75120;2;2;1;3;RUE DE LAGNY;48,8490568278;2,4112442136
202200034155;30;9;2022;18:38;1;75;75115;2;2;1;3;RUE LECOURBE;48,8420245174;2,3006245494
202200034158;30;9;2022;11:15;1;75;75111;2;1;1;2;RUE DE CHARONNE;48,8523810000;2,3741730000
202200034160;29;9;2022;23:30;5;75;75110;2;3;1;6;BOULEVARD DE MAGENTA;48,8731787594;2,3588392138
202200034163;30;9;2022;20:30;5;75;75108;2;2;1;2;RUE FRANCOIS 1ER;48,8686530000;2,3037030000
202200034166;30;9;2022;19:55;5;75;75101;2;3;1;2;BOULEVARD DE SEBASTOPOL;48,8624656101;2,3504385352
202200034168;30;9;2022;16:10;1;94;94041;2;1;1;6;VERDUN (AV DE);48,8121700000;2,3711900000
202200034171;9;12;2022;00:50;5;35;35238;2;4;1;3;CHATEAUGIRON (DE);48,1018200000; -1,6599840000
202200034189;7;12;2022;14:45;1;31;31557;2;6;1;3;AURIOL (BD VINCENT);43,5845700000;1,3440700000
202200034195;29;9;2022;20:10;5;92;92075;2;2;1;3;LYCEE (BOULEVARD DU);48,8237900000;2,2831100000
202200034220;8;12;2022;12:25;1;05;05061;2;2;1;3;PROVENCE (ALLEE DE);44,5443700000;6,0614800000
202200034232;9;12;2022;16:35;2;75;75114;2;1;1;6;BOULEVARD ARAGO;48,8344870000;2,3343560000
202200034233;9;12;2022;15:00;1;75;75115;2;1;1;3;RUE DU COLONEL PIERRE AVIA;48,8294200000;2,2749940000
202200034235;9;12;2022;00:50;5;75;75111;2;2;1;3;BOULEVARD VOLTAIRE;48,8490930000;2,3947330000
202200034237;9;12;2022;11:25;1;75;75108;2;5;1;3;AVENUE DES CHAMPS ELYSEES;48,8731240000;2,2970890000
202200034249;9;12;2022;09:10;1;92;92064;2;1;1;3;DAILLY;48,8432000000;2,2208100000
202200034279;10;12;2022;15:15;1;79;79135;1;1;1;1;;46,7150690000; -0,2146300000
202200034280;17;7;2022;05:50;2;973;97302;1;6;1;3;CRIQUE FOUILLEE (ROND POINT);4,8966100000; -52,3285200000
202200034301;11;7;2022;07:30;1;62;62193;2;4;7;3;GAMBETTA (BOULEVARD);50,9463100000;1,8417700000
202200034313;16;7;2022;16:35;1;37;37261;2;1;1;3;JAURES (PLACE JEAN);47,3901494044;0,6896603107
202200034348;17;7;2022;08:35;1;75;75119;2;3;1;3;RUE DE CRIMEE;48,8888360000;2,3788760000
202200034353;16;7;2022;21:30;1;75;75107;2;1;1;6;QUAI ANATOLE FRANCE;48,8617410000;2,3220130000
202200034359;17;7;2022;21:30;1;94;94021;2;1;1;3;PETIT LEROY (R DU);48,7695200000;2,3583200000
202200034361;9;12;2022;02:35;3;94;94018;1;1;1;2;A4;48,8262853871;2,3912874623
202200034407;6;12;2022;10:45;1;73;73065;2;1;1;3;TURIN (AVENUE);45,5690500000;5,9309700000
202200034410;15;7;2022;16:00;1;15;15192;1;1;1;7;D67;45,0769070000;2,7261220000
202200034413;14;7;2022;18:55;1;70;70206;2;3;7;1;14 Rue de Luze;47,6035700000;6,7690960000
202200034426;18;7;2022;11:31;1;60;60509;2;2;1;3;Rue Georges Decroze;49,3002180000;2,6044940000
202200034446;7;12;2022;08:00;2;43;43157;2;1;9;7;Rue de la Ronzade;45,0405900000;3,8795100000
202200034467;6;12;2022;17:14;5;10;10297;2;2;1;1;JULES GUESDE (BDL);48,3180900000;4,1040900000
202200034470;6;12;2022;15:32;1;10;10357;2;3;1;3;GENERAL DE GAULLE (RUE DU);48,2971000000;4,1265800000
202200034483;7;6;2022;11:20;5;26;26315;1;1;9;7;Tunnel des grands goulets;45,0039550000;5,4237270000
202200034490;14;7;2022;09:50;1;62;62128;2;2;1;1;rue du Maréchal FOCH;50,3091870000;2,9496250000
202200034508;12;7;2022;11:43;1;51;51230;2;1;1;3;Rue des Huguenots;49,0377647887;3,9562133700
202200034518;18;1;2022;11:00;1;19;19031;2;6;1;3;DUBAYLE (RUE ANTOINE);45,1481678700;1,4897418022
202200034536;1;3;2022;00:40;5;75;75111;2;2;1;3;BOULEVARD RICHARD LENOIR;48,8577740625;2,3709064722
202200034553;19;1;2022;22:45;5;75;75111;2;7;2;3;PLACE DE LA REPUBLIQUE;48,8665170000;2,3648140000
202200034557;1;3;2022;15:04;1;93;93066;2;1;8;6;Avenue du Colonel Fabien;48,9446000000;2,3541000000
202200034560;17;7;2022;02:05;3;26;26198;2;1;1;1;CONTREBANDIERS (Chemin des);44,5394410000;4,7614860000
202200034561;20;1;2022;07:45;2;75;75120;2;2;1;3;AVENUE GAMBETTA;48,8649620000;2,3955460000
202200034562;7;7;2022;16:45;1;16;16089;1;1;1;7;;45,6663300000; -0,3027100000
202200034567;16;7;2022;23:00;3;13;13047;2;1;1;1;RADOLFZELL AVENUE DE;43,4988800000;4,9785300000
202200034570;16;7;2022;21:15;1;13;13063;2;1;1;3;OLYMPIE BOULEVARD D';43,5917200000;5,0032700000
202200034583;16;7;2022;11:25;1;09;09122;2;9;1;1;FAURE (COURS GABRIEL);42,9643650000;1,6104120000
202200034597;20;1;2022;07:30;2;75;75108;2;3;8;1;AVENUE GABRIEL;48,8690350000;2,3147690000
202200034599;20;1;2022;21:00;5;75;75107;2;2;1;3;AVENUE DE SAXE;48,8503640000;2,3068050000
202200034606;16;7;2022;01:50;5;75;75110;2;2;1;3;BOULEVARD DE MAGENTA;48,8748050000;2,3573900000
202200034621;25;2;2022;18:00;1;61;61462;2;6;1;3;rd924;48,7291460000; -0,0392380000
202200034624;1;3;2022;12:00;1;46;46251;2;3;1;3;Rue de Pommiers;44,8557210000;1,8773000000
202200034632;20;1;2022;15:00;1;35;35333;1;1;1;3;La Cite;47,8998260000; -1,4056170000
202200034636;11;8;2022;16:20;1;92;92036;2;1;1;1;VILLEBOIS MAREUIL (RUE);48,9351900000;2,2971600000
202200034642;1;3;2022;13:35;1;05;05123;1;1;1;3;les marcellons - D994;44,5462270000;5,9857460000
202200034643;24;7;2022;16:30;1;92;92036;2;1;1;2;LOUIS CALMEL (RUE) (1);48,9266380000;2,2941370000
202200034649;5;8;2022;17:45;1;92;92036;2;3;1;3;GENEAL DE GAULLE (AVENUE) (1/41);48,9337584734;2,3133966922
202200034652;26;8;2022;14:30;1;92;92012;2;1;1;6;SAUSSIERE (RUE DE LA);48,8389609290;2,2400055528
202200034670;28;2;2022;07:45;1;67;67173;2;6;1;3;D31;48,6217190000;7,6895820000
202200034689;1;3;2022;08:45;1;83;83112;2;6;1;2;rond poind aqualand;43,1834160000;5,6914540000
202200034694;27;8;2022;15:55;1;63;63348;1;2;1;3;CLARET;45,5087680000;3,5040160000
202200034699;25;8;2022;13:21;1;25;25482;1;3;9;3;D149;47,2693070000;5,8192080000
202200034706;26;8;2022;17:30;1;02;02554;1;2;1;3;;49,0275420000;3,4094100000
202200034722;26;2;2022;17:50;1;85;85097;1;3;7;3;RD755;46,9158200000; -1,0470950000
202200034743;27;8;2022;11:30;1;30;30193;2;1;1;6;D1;43,8703340000;4,2126990000
202200034765;25;8;2022;16:45;1;06;06157;2;1;1;3;Chemin des Anciens Combattants d Afrique du Nord;43,7244440000;7,0896360000
202200034787;28;2;2022;08:00;1;69;69383;2;1;1;3;Avenue Lacassagne;45,7486700000;4,8793400000
202200034809;19;1;2022;17:45;5;75;75114;2;7;2;3;PLACE DE CATALOGNE;48,8374310000;2,3186360000
202200034812;19;1;2022;08:10;5;75;75114;2;3;1;3;RUE DIDOT;48,8280030000;2,3155050000
202200034815;28;2;2022;09:10;1;83;83137;2;1;1;3;PONT DE BOIS (CHEMIN DU);43,1313700000;5,9050600000
202200034822;19;1;2022;15:23;1;75;75103;2;2;8;2;RUE BEAUBOURG;48,8632210000;2,3545620000
202200034844;25;8;2022;17:00;1;69;69383;2;1;1;2;Rue Paul Bert;45,7569900000;4,8522600000
202200034847;25;8;2022;09:15;1;69;69081;2;1;1;2;Avenue de Verdun;45,7730000000;4,7912000000
202200034854;25;2;2022;17:55;2;67;67482;2;3;1;3;LA FONTAINE (BOULEVARD);48,5899900000;7,7090700000
202200034865;19;8;2022;18:30;1;84;84007;2;1;1;3;PIERRE SEMARD (avenue);43,9393000000;4,8213000000
202200034872;24;8;2022;21:25;5;81;81060;2;9;1;3;THOMAS (AVENUE ALBERT);44,0506700000;2,1580800000
202200034876;19;1;2022;08:25;1;92;92075;2;1;1;3;JEAN BLEUZEN;48,8216841131;2,2933038622
202200034877;24;8;2022;09:25;1;80;80021;2;1;1;3;JULES FERRY (CHAUSSEE);49,8778200000;2,3400300000
202200034883;25;8;2022;15:45;1;71;71475;2;1;1;3;LYON (ROUTE DE );46,7633000000;4,8425000000
202200034884;19;1;2022;19:20;5;92;92062;2;1;3;2;REPUBLIQUE (RUE DE LA) DU 102 AU 200;48,8839493046;2,2325762361
202200034891;2;6;2022;14:30;1;60;60685;2;1;1;6;24 Rue du Beau Pignon;49,3672770000;2,2146950000
202200034910;22;8;2022;21:25;5;63;63113;2;2;1;3;boulevard Gustave Flaubert;45,7641500000;3,1259200000
202200034959;18;1;2022;17:40;2;02;02131;2;6;1;3;;49,3939060000;3,3740100000
202200034967;24;8;2022;13:29;1;49;49007;2;1;1;6;PASTEUR;47,4749700000; -0,5357800000
202200034983;24;8;2022;13:10;1;37;37261;2;1;1;3;ROYER (BD JEAN);47,3805426178;0,6876915693
202200034988;25;8;2022;10:25;1;35;35238;2;1;8;3;FOULON (AVENUE PROFESSEUR CHARLES);48,1218336467; -1,6403947771
202200034990;24;2;2022;18:15;1;42;42218;2;1;1;2;Place Jean Jaurès;45,4413400000;4,3873100000
202200034991;9;4;2022;20:45;5;75;75117;2;2;1;3;BOULEVARD BESSIERES;48,8943370000;2,3138060000
202200034992;25;8;2022;07:15;1;33;33318;2;1;1;1;Cours de la Libération;44,7942110202; -0,6050124764
202200035020;28;2;2022;19:10;1;33;33069;2;2;1;3;Boulevard Pierre 1er;44,8570900000; -0,5911600000
202200035024;9;4;2022;14:00;1;75;75101;2;2;1;1;BOULEVARD DE SEBASTOPOL;48,8634360986;2,3508515954
202200035027;28;2;2022;08:40;1;33;33318;2;2;5;3;Avenue du Bourgailh;44,8076800000; -0,6619900000
202200035032;8;7;2022;00:28;5;17;17299;2;6;1;3;DIERAS AVENUE DU DOCTEUR;45,9479200000; -0,9762400000
202200035038;20;1;2022;14:45;1;27;27684;2;1;1;7;16 rue du jonctier;49,0059650000;1,2209150000
202200035055;10;4;2022;14:30;1;87;87002;2;6;1;3;rond point de l'europe - D914;45,9558270000;1,4024140000
202200035061;25;8;2022;09:05;1;13;13202;2;2;1;3;PARIS (BOULEVARD DE);43,3098000000;5,3702000000
202200035077;22;8;2022;18:55;1;75;75116;2;1;1;2;AVENUE DE VERSAILLES;48,8507800000;2,2775540000
202200035090;28;2;2022;14:50;1;75;75119;2;1;1;3;ALLEE DARIUS MILHAUD;48,8852770000;2,3923400000
202200035102;1;9;2022;14:15;1;94;94002;2;1;1;6;Quai de la Révolution;48,7786100000;2,4172900000
202200035103;14;6;2022;14:15;1;80;80021;2;1;1;6;JEAN CATELAS (RUE);49,8948200000;2,2918500000
202200035104;18;1;2022;18:35;5;69;69388;2;2;1;3;Avenue des Frères Lumière;45,7470750317;4,8598033190
202200035110;10;4;2022;11:15;1;32;32134;1;1;1;3;Chemin de Monferran-Savès;43,5905110000;0,9637550000
202200035131;15;6;2022;17:40;1;72;72181;2;1;1;3;EINSTEIN ALBERT (RUE);48,0338870000;0,1757310000
202200035136;16;6;2022;17:30;1;69;69266;2;6;1;3;Rue Château Gaillard;45,7749300000;4,8882600000
202200035148;15;6;2022;08:30;1;67;67482;2;1;1;1;RENE FONTAINE (RUE);48,5724800000;7,7527700000
202200035149;10;4;2022;12:50;1;60;60390;1;4;1;1;D9;49,5528350000;2,1414540000
202200035152;15;6;2022;08:00;1;64;64445;2;6;1;3;RP des Droits de l'Homme;43,3130200000; -0,3690000000
202200035155;28;2;2022;08:50;1;92;92040;2;1;1;3;ROUGET DE L'ISLE;48,8291522788;2,2636336684
202200035156;9;4;2022;11:20;1;07;07094;1;1;1;1;;44,8760580000;4,7763920000
202200035160;11;8;2022;15:55;1;67;67305;2;4;9;1;18 Rue du Fond;48,9319270000;8,1573000000
202200035163;16;6;2022;08:18;1;63;63113;2;2;1;3;THEURIET (RUE ANDRE);45,7649200000;3,0792100000
202200035164;26;8;2022;15:30;1;76;76315;1;2;1;2;Route de Fauville;49,7583910000;0,6170390000
202200035169;26;2;2022;12:30;1;92;92004;2;1;1;6;GRESILLONS ( AVENUE DES  );48,9138036763;2,2991023958
202200035192;28;2;2022;09:55;1;74;74019;2;1;7;1;Route de la Baratte;45,9405220000;6,1464720000
202200035197;16;6;2022;15:40;1;54;54482;2;1;1;2;FOCH (RUE DU MARECHAL - IMPASSE);48,7032400000;6,2119900000
202200035209;20;8;2022;16:16;1;35;35186;1;1;1;3;Lieu Dit les Rivieres;48,5901744784; -1,7767086625
202200035220;19;8;2022;15:00;1;15;15122;2;1;1;7;Route nationale 122;44,7038900000;2,1940520000
202200035233;12;6;2022;09:16;1;36;36159;2;1;1;2;Avenue de la Forêt;46,7567300000;1,7217600000
202200035256;28;2;2022;17:00;1;31;31239;1;1;1;7;Route de Puymaurin;43,3787230000;0,8037190000
202200035257;19;8;2022;11:35;1;27;27457;1;1;1;1;La Noé Moussard;48,7690536317;0,9259243010
202200035261;24;8;2022;20:02;2;17;17483;2;3;1;3;D203;46,0578740000; -1,0653250000
202200035309;14;6;2022;11:50;1;17;17449;2;3;1;1;JOLIOT CURIE RUE;45,9462570000; -0,8919950000
202200035318;16;6;2022;21:00;5;13;13208;2;1;1;3;CLOT BEY (AVENUE);43,2588765833;5,3847225331
202200035342;16;6;2022;07:35;1;01;01451;1;6;1;3;Route de Marboz;46,2390614941;5,2288055420
202200035358;16;6;2022;18:25;1;75;75115;2;3;7;6;RUE LECOURBE;48,8443990000;2,3087550000
202200035361;16;6;2022;09:00;1;75;75114;2;2;1;7;BOULEVARD DE PORT ROYAL;48,8388570000;2,3396710000
202200035367;16;6;2022;13:45;1;75;75112;2;1;1;2;RUE DE LA VEGA;48,8389780000;2,4048610000
202200035373;16;6;2022;10:35;1;75;75111;2;4;1;6;RUE DE CHARONNE;48,8533290000;2,3769820000
202200035377;16;6;2022;17:45;1;75;75110;2;4;1;7;BOULEVARD DE MAGENTA;48,8731822877;2,3588392138
202200035383;16;6;2022;21:05;2;75;75103;2;3;1;3;RUE DE TURBIGO;48,8668660000;2,3619380000
202200035385;16;6;2022;19:20;1;75;75102;2;2;1;3;AVENUE DE L OPERA;48,8675080000;2,3337110000
202200035388;7;4;2022;17:20;1;51;51454;1;1;1;7;Coulée verte de Reims;49,2847605545;3,9966349304
202200035389;16;6;2022;17:44;1;94;94044;2;1;1;2;VERDUN (AV DE);48,7503150000;2,4829700000
202200035402;16;6;2022;18:20;1;94;94033;2;3;1;6;Boulevard de Verdun / Rue Edouard Maury;48,8547900000;2,4684100000
202200035416;16;6;2022;09:10;1;93;93066;2;1;7;2;Boulevard de la Libération;48,9282600000;2,3412700000
202200035422;16;6;2022;20:20;1;93;93048;2;6;1;1;Rue des Ruffins / Rue Victor Hugo;48,8615140000;2,4815170000
202200035428;15;6;2022;15:40;1;93;93045;2;1;1;3;32 Rue des Villegranges;48,8741800000;2,4132900000
202200035463;15;6;2022;20:50;1;22;22114;1;1;1;6;Les Landes;48,2257880000; -2,2799630000
202200035477;7;4;2022;15:00;1;75;75101;2;2;1;6;RUE DU PONT NEUF;48,8610685034;2,3448986869
202200035491;8;4;2022;16:45;1;94;94056;2;1;3;2;Route de Brie Comte Robert;48,6967000000;2,5655100000