Num_Acc;jour;mois;an;hrmn;lum;dep;com;agg;int;atm;col;adr;lat;long
202200035498;6;4;2022;20:03;2;93;93032;2;3;1;1;Rue de Franceville / Boulevard Saint Dizier;48,8855200000;2,5411200000
202200035507;8;4;2022;19:00;1;92;92026;2;1;2;7;CAPITAINE GUYNEMER;48,8960900000;2,2442900000
202200035542;5;11;2022;16:55;1;55;55516;1;1;1;6;D966;48,6070360000;5,4036640000
202200035584;26;8;2022;21:40;5;59;59122;2;1;1;3;PERONNE (RUE DE);50,1672972882;3,2367798686
202200035589;3;11;2022;08:25;1;974;97411;2;1;1;3;MONDON (RUE MONSEIGNEUR); -20,8948510000;55,4601210000
202200035592;3;11;2022;06:55;1;973;97302;2;1;1;6;BADUEL (ROUTE DE);4,9323619282; -52,3081290722
202200035594;3;11;2022;12:25;1;69;69388;2;1;1;2;Rue Paul Cazeneuve;45,7314914680;4,8599168658
202200035595;3;11;2022;06:40;1;972;97213;2;6;2;2;ROUTE DEPARTEMENTALE 3;14,6144100000; -60,9945800000
202200035607;2;11;2022;19:20;5;67;67482;2;3;1;3;RHIN (AVENUE DU);48,5693177227;7,7779327333
202200035616;28;10;2022;15:35;1;49;49328;1;2;1;3;VERRIE D 161 (ROUTE DE);47,2721920000; -0,1278640000
202200035620;2;11;2022;09:50;1;49;49015;2;1;2;7;LANDES CHEMIN DES;47,5076300000; -0,5961800000
202200035622;1;11;2022;09:22;1;49;49007;2;1;1;3;SAINT JACQUES;47,4738100000; -0,5766000000
202200035627;3;11;2022;23:10;5;38;38169;2;3;3;3;AVENUE DU VERCORS;45,1924000000;5,6928000000
202200035628;2;11;2022;19:10;5;37;37261;2;6;1;3;EIFFEL (AVENUE GUSTAVE);47,4257200000;0,6970600000
202200035630;3;11;2022;16:40;1;33;33063;2;6;1;3;Rue de Canolle;44,8291500000; -0,6032200000
202200035631;3;11;2022;07:45;2;33;33119;2;4;1;3;Côte de Monrepos;44,8441069000; -0,5259972811
202200035633;3;11;2022;07:55;1;31;31069;2;1;8;3;DE GAULLE (AV DU GENERAL);43,6410200000;1,3796670000
202200035634;30;10;2022;12:30;1;29;29039;2;3;1;7;22 Rue des Fleurs;47,8832127100; -3,9294282740
202200035635;2;11;2022;22:18;5;29;29019;2;6;2;3;Rond point Henry Rol-Tanguy;48,3871484080; -4,4824508428
202200035640;2;11;2022;14:54;1;13;13204;2;4;1;3;MARÉCHAL FOCH (AVENUE);43,2999600000;5,4006600000
202200035641;2;11;2022;15:55;1;13;13028;1;9;1;3;N 559;43,1893310248;5,6465641026
202200035651;16;5;2022;08:25;1;44;44184;2;3;1;3;4 Rue des Frères Péreire;47,2770000000; -2,2034800000
202200035654;29;10;2022;14:45;1;05;05061;2;6;1;3;Avenue Bernard Givaudan;44,5394200000;6,0635700000
202200035655;20;7;2022;22:40;5;27;27229;2;1;1;7;VERNON (RUE DE);49,0281012000;1,1667524000
202200035658;16;5;2022;18:00;1;42;42218;2;7;1;6;Place Bellevue;45,4158700000;4,3941600000
202200035672;17;5;2022;09:50;1;33;33063;2;5;1;3;Boulevard Antoine Gautier;44,8333500000; -0,5985200000
202200035675;17;5;2022;09:00;1;31;31555;2;3;1;1;LARDENNE (AV DE);43,5902000000;1,3681100000
202200035680;1;11;2022;20:30;5;72;72181;2;3;2;3;JAURES JEAN (AV) N° IMP 35 A 179;47,9919200000;0,2050000000
202200035685;2;11;2022;08:15;1;69;69290;2;1;7;3;96ter Route d'Heyrieux;45,6850200000;4,9485600000
202200035699;27;10;2022;11:09;1;63;63113;2;6;1;3;COMBAUDE (RUE DE LA GRANDE);45,7974500000;3,1186100000
202200035728;17;5;2022;03:00;5;75;75105;2;1;1;3;RUE BUFFON;48,8424460000;2,3608730000
202200035732;16;5;2022;18:10;1;75;75114;2;1;1;3;BOULEVARD JOURDAN;48,8205480000;2,3374020000
202200035734;17;5;2022;13:15;1;75;75111;2;4;1;6;BOULEVARD VOLTAIRE;48,8528185202;2,3884736001
202200035741;2;11;2022;19:15;2;33;33529;1;6;1;3;RD1250 (BONNEVAL - LA HUME) - Z.A.;44,6327595786; -1,1451664567
202200035742;17;5;2022;08:05;1;75;75107;2;3;1;3;QUAI D ORSAY;48,8628900000;2,3151830000
202200035752;16;5;2022;18:20;1;94;94016;2;1;1;2;11 Avenue de la Division Leclerc;48,7855400000;2,3288600000
202200035753;2;11;2022;12:35;1;22;22278;2;2;1;3;CRESPIN (PASTEUR);48,5077900000; -2,7495400000
202200035754;16;5;2022;18:00;1;94;94043;2;2;1;1;QUATORZE JUILLET (R DU);48,8142500000;2,3597100000
202200035769;17;5;2022;20:30;1;93;93066;2;2;1;3;Boulevard Anatole France / Rue du Docteur Finot;48,9182856811;2,3416998982
202200035773;16;5;2022;21:50;5;93;93008;2;1;1;3;Avenue Jean Jaures;48,8999000000;2,4415800000
202200035776;15;5;2022;18:45;1;92;92047;2;8;1;3;PORTE VERTE;48,8370968400;2,1846807003
202200035789;17;5;2022;14:00;1;92;92024;2;2;1;3;JEAN JAURES (BD) DE (1 A 45)   (2 A 54);48,8999400000;2,3061300000
202200035791;17;5;2022;16:45;1;92;92004;2;1;1;6;DOCTEUR DERVAUX  ( QUAI DU );48,9091050000;2,2937820000
202200035793;16;5;2022;19:15;1;92;92002;2;6;1;3;GENERAL DE GAULLE (PLACE DU);48,7638052076;2,3088805228
202200035807;17;5;2022;14:08;1;76;76641;1;1;1;6;Rue d Orimont;49,8525110000;0,9043550000
202200035811;18;5;2022;08:50;1;15;15138;2;3;1;1;rn 122;45,1100250000;2,8722490000
202200035812;18;5;2022;17:05;1;01;01118;2;3;1;3;Grande Rue (gignez) D991 et D123;45,9684680000;5,8099440000
202200035832;18;5;2022;08:00;1;44;44103;2;6;1;1;19 Rue du Docteur Schweitzer;47,3260470000; -2,1627940000
202200035867;11;4;2022;08:40;1;56;56007;2;9;1;3;Avenue de l Océan;47,6639600000; -3,0049320000
202200035871;5;4;2022;12:00;1;38;38524;1;2;1;3;Intersection Route du Gros Chêne - Chemin de Malissol;45,0839940000;5,7046990000
202200035911;30;9;2022;16:30;1;14;14393;1;2;1;3;D36;49,0850758077; -0,4795655608
202200035932;30;9;2022;17:00;1;71;71082;2;2;1;1;Le Bourg (Arrêt de bus);46,4696720000;4,2463070000
202200035944;29;9;2022;09:20;1;69;69383;2;2;2;1;Cours Gambetta;45,7504800000;4,8570400000
202200035957;29;9;2022;07:35;1;74;74012;2;3;1;3;GARE (AVENUE DE LA);46,1958000000;6,2347800000
202200035962;29;9;2022;16:45;1;69;69091;2;1;1;5;Rue Edouard Idoux;45,5916000000;4,7629100000
202200035965;27;9;2022;10:28;1;66;66136;2;6;1;3;FLANDRES/DUNKERQUE (CARREFOUR);42,6864600000;2,9066800000
202200035977;29;9;2022;09:05;1;37;37233;2;2;1;6;BALZAC (RUE HONORE DE);47,3883800000;0,7182200000
202200035979;29;9;2022;19:10;1;35;35238;2;2;1;3;FOUGERES (RUE DE);48,1222900000; -1,6618200000
202200035981;29;8;2022;08:10;1;30;30189;2;6;1;3;FOUR A CHAUX (ROND POINT);43,8141900000;4,3344800000
202200035999;29;9;2022;21:30;5;75;75119;2;7;1;3;AVENUE JEAN JAURES;48,8827810000;2,3703640000
202200036005;29;9;2022;01:55;5;75;75114;2;1;1;1;RUE SCHOELCHER;48,8361070000;2,3307430000
202200036006;29;9;2022;20:40;5;75;75111;2;2;1;3;RUE DE LA ROQUETTE;48,8598280000;2,3887630000
202200036008;29;9;2022;19:16;5;75;75107;2;1;1;2;QUAI BRANLY;48,8603880000;2,2951090000
202200036015;29;9;2022;16:10;1;94;94046;2;1;2;1;GENERAL DE GAULLE (AV DU);48,8078720000;2,4249550000
202200036019;29;9;2022;18:12;1;94;94071;2;6;1;1;Route de la Queue-en-brie / Avenue Gabriel Péri;48,7613200000;2,5331500000
202200036022;29;9;2022;12:00;1;93;93066;2;1;1;3;Boulevard Anatole France;48,9267600000;2,3518300000
202200036029;29;9;2022;16:25;1;93;93001;2;2;1;1;Avenue Jean Jaurès / Avenue de la République;48,9036162467;2,3918525256
202200036045;30;9;2022;15:45;1;01;01384;1;1;1;1;D1504;45,9499860000;5,4532960000
202200036062;25;9;2022;14:15;1;68;68119;2;1;1;3;11 Rue de Cernay;47,6512730000;7,1580450000
202200036066;8;12;2022;17:30;5;75;75119;2;1;1;2;RUE ARMAND CARREL;48,8827530000;2,3766800000
202200036082;8;12;2022;09:00;1;75;75108;2;3;1;3;AVENUE DES CHAMPS ELYSEES;48,8713730000;2,3025910000
202200036084;8;12;2022;20:20;5;75;75102;2;2;1;3;BOULEVARD DE SEBASTOPOL;48,8662240000;2,3525430000
202200036093;25;9;2022;09:42;1;67;67101;1;2;1;3;Rue Leimenweg;48,5270640000;7,4631070000
202200036094;8;12;2022;18:25;2;94;94037;2;2;1;1;EMILE BOUGARD (R);48,8101500000;2,3406724000
202200036130;7;12;2022;08:45;2;92;92026;2;3;1;7;CIRCULAIRE (BOULEVARD);48,8909220000;2,2476430000
202200036139;9;12;2022;09:30;1;38;38269;2;1;2;7;Chemin de Peypelat;44,8983110000;5,7924230000
202200036156;7;12;2022;15:30;1;36;36208;1;1;1;3;;46,4964670811;2,0960605145
202200036162;7;12;2022;15:30;1;34;34333;1;1;7;3;D612;43,4946200000;3,7762500000
202200036175;15;7;2022;22:24;5;75;75117;2;2;1;3;RUE DE ROME;48,8856740000;2,3168220000
202200036179;15;7;2022;23:50;5;75;75107;2;3;1;3;QUAI ANATOLE FRANCE;48,8595440000;2,3292800000
202200036192;16;7;2022;10:57;1;92;92040;2;1;1;6;STALINGRAD (QUAI DE);48,8228090000;2,2534260000
202200036194;16;7;2022;20:08;1;92;92025;2;2;1;3;GABRIEL PERI (RUE);48,9157469171;2,2324303240
202200036220;16;7;2022;21:20;1;76;76591;2;1;1;1;Rue des Jonquets;49,4480244439;1,2232144475
202200036233;7;12;2022;13:39;1;75;75111;2;3;1;3;BOULEVARD DES FILLES DU CALVAIRE;48,8610010000;2,3672100000
202200036239;7;12;2022;15:05;1;75;75101;2;2;1;6;BOULEVARD DE SEBASTOPOL;48,8585450000;2,3482300000
202200036242;16;7;2022;15:00;1;15;15240;1;4;1;3;Lac de la Crégut (Eau);45,4012320000;2,6769250000
202200036257;18;1;2022;16:05;2;83;83137;2;1;1;1;LOTI (AVE PIERRE);43,1138490000;5,9470320000
202200036262;18;1;2022;15:55;1;77;77221;1;1;1;3;D217B;48,8521800000;2,7255600000
202200036267;17;1;2022;17:20;5;67;67482;2;1;1;3;BELGES (QUAI DES);48,5787070000;7,7810870000
202200036279;7;12;2022;09:39;1;92;92040;2;3;1;3;ROUGET DE L'ISLE;48,8287041381;2,2649415135
202200036296;17;1;2022;06:45;3;59;59234;1;3;1;3;RD 120 (Z.I DES PRES LORIBES);50,4032700000;3,0631200000
202200036337;17;1;2022;17:30;3;33;33119;2;6;1;2;Avenue Jean Zay;44,8534000000; -0,5079000000
202200036386;30;4;2022;11:50;1;33;33009;2;1;1;1;PLAGE (BD DE LA) DU 196 ET +;44,6628300000; -1,1759400000
202200036404;18;1;2022;15:19;1;75;75116;2;7;1;3;PLACE TATTEGRAIN;48,8641000000;2,2721790000
202200036408;7;12;2022;12:50;1;22;22070;2;1;2;3;Rue Laurens de la Barre;48,5553540000; -3,1418060000
202200036411;7;12;2022;17:57;5;35;35228;2;3;8;3;rue de Dinard;48,5814910000; -2,0585690000
202200036412;18;1;2022;11:35;1;75;75115;2;7;1;1;AVENUE DE BRETEUIL;48,8453480000;2,3117920000
202200036441;13;7;2022;19:17;1;87;87050;2;1;1;3;LIMOGES (AVENUE DE);45,8623100000;1,2398600000
202200036455;10;7;2022;08:15;1;83;83118;2;9;1;2;RUE ALBERT CAMATTE;43,4283100000;6,7718300000
202200036496;20;8;2022;11:40;1;66;66008;1;6;1;3;;42,5401330000;3,0367980000
202200036502;13;7;2022;17:30;1;67;67482;2;3;1;3;HOCHFELDEN (RUE DE);48,5953200000;7,7277500000
202200036516;26;8;2022;07:45;1;85;85222;2;6;1;3;RD38B;46,7012930000; -1,9341190000
202200036531;15;7;2022;15:15;1;59;59599;2;1;1;3;YSER (RUE DE L');50,7446260000;3,1737610000
202200036561;17;1;2022;15:30;1;62;62318;2;9;1;6;Boulevard Imperatrice;50,5158340000;1,6338150000
202200036566;27;2;2022;13:45;1;69;69381;2;3;1;1;Cours Général Giraud;45,7697700000;4,8169600000
202200036579;27;2;2022;08:00;1;971;97101;1;1;1;6;RN11;16,2733700000; -61,5171800000
202200036605;15;7;2022;22:30;5;33;33063;2;3;1;3;Quai des Chartrons;44,8555800000; -0,5635500000
202200036611;15;7;2022;02:20;5;33;33529;2;1;1;6;OCEAN (BD DE L');44,6303800000; -1,2026310000
202200036618;17;1;2022;21:16;1;973;97309;2;6;1;3;SUZINI (CARREFOUR);4,9269600000; -52,2899300000
202200036626;27;2;2022;17:35;1;35;35238;2;9;1;3;CHURCHILL (AVENUE SIR WINSTON);48,1224300000; -1,7088500000
202200036663;17;1;2022;08:30;2;78;78440;2;2;1;3;JEAN MERMOZ (RUE);48,9905780000;1,8973670000
202200036685;24;8;2022;10:35;1;76;76540;2;3;1;1;Rue du Mont Gargan;49,4365700000;1,1104700000
202200036705;15;1;2022;19:45;5;56;56098;2;2;1;3;COMBES (RUE  EMILE );47,7719300000; -3,3387800000
202200036710;14;7;2022;14:00;1;75;75115;2;1;1;3;RUE LINOIS;48,8485960000;2,2828020000
202200036711;27;2;2022;10:40;1;75;75101;2;2;1;1;BOULEVARD DE SEBASTOPOL;48,8595310000;2,3487860000
202200036717;26;2;2022;19:25;2;75;75101;2;2;1;6;RUE DE RIVOLI;48,8601050000;2,3434270000
202200036720;24;8;2022;02:00;5;59;59350;2;1;1;6;CHATEAU D'ISENGHEIN RUE DU;50,6504083248;2,9821899533
202200036723;23;8;2022;07:10;1;59;59350;2;1;1;2;4ème avenue Port Fluvial;50,6376280000;2,9759890000
202200036724;15;7;2022;11:20;1;75;75104;2;3;1;6;RUE DE RIVOLI;48,8573040000;2,3524100000
202200036744;24;8;2022;19:30;1;51;51454;2;6;7;3;Place des Combattants d'A.F.N;49,2204400000;4,0209800000
202200036750;28;2;2022;13:30;1;54;54330;2;1;1;7;Grande Rue;48,6110403493;6,2391453990
202200036759;24;8;2022;18:00;1;44;44109;2;1;1;3;1 Boulevard du Tertre;47,2203000000; -1,6032100000
202200036771;24;8;2022;14:10;1;33;33529;2;1;1;3;rue Lagrua;44,6463000000; -1,1576100000
202200036785;28;2;2022;17:40;1;80;80440;2;2;1;3;route d'abbeville;50,1959370000;2,0768370000
202200036787;23;2;2022;16:50;1;46;46028;1;1;1;6;Verdie Bas;44,9297240000;1,7400130000
202200036796;24;8;2022;19:02;1;25;25462;2;6;1;3;SALINS DE (DU 16 AU 63);46,9065100000;6,3471600000
202200036801;17;1;2022;16:13;1;75;75103;2;5;1;3;RUE DE BRETAGNE;48,8619390000;2,3645840000
202200036834;8;5;2022;15:00;1;68;68005;2;1;1;1;Rue d Ammerschwihr;48,1126680000;7,2874330000
202200036864;24;8;2022;16:30;1;75;75116;2;1;1;3;AVENUE BUGEAUD;48,8709170000;2,2796950000
202200036865;15;7;2022;10:44;1;22;22305;1;1;1;7;Rue des Rompees;48,2754100000; -2,1627720000
202200036891;10;2;2022;13:45;1;69;69040;2;2;1;3;Avenue de Montlouis;45,7997000000;4,7865400000
202200036893;24;8;2022;18:10;1;75;75102;2;3;1;6;RUE SAINT DENIS;48,8668460000;2,3513450000
202200036896;24;8;2022;08:20;1;75;75104;2;3;1;6;RUE DE RIVOLI;48,8554650000;2,3600810000
202200036904;23;8;2022;19:50;1;75;75103;2;2;1;3;RUE CHARLOT;48,8617840000;2,3612980000
202200036918;24;8;2022;05:45;3;94;94077;2;3;1;3;Rue Lamartine / Avenue du 8 Mai 1945;48,7288014069;2,4061660204
202200036921;24;8;2022;10:20;1;94;94069;2;1;1;6;Chemin du Halage;48,8168800000;2,4298500000
202200036927;24;8;2022;15:15;1;93;93070;2;1;7;3;Rue du Landy;48,9165500000;2,3343500000
202200036933;16;6;2022;10:15;1;66;66210;2;6;1;3;D612;42,6285440000;2,7616450000
202200036953;17;6;2022;08:45;1;38;38051;1;6;1;3;D519e;45,3348160000;4,9098160000
202200036954;23;8;2022;17:40;1;92;92050;2;3;1;3;SEINE BOULEVARD DE;48,9016859005;2,1943712532
202200036969;17;6;2022;12:45;1;29;29289;1;1;1;7;D60 - Keravel;48,2422920000; -4,2118250000
202200036993;25;8;2022;14:55;1;62;62585;1;1;1;6;Route de montreuil;50,5107300000;1,8031180000
202200036996;24;8;2022;11:15;1;57;57191;1;1;1;1;Rue de la Forêt;49,3603870000;6,2802370000
202200037044;25;8;2022;15:52;1;73;73059;1;1;1;2;D991 Route de Paris;45,7406889032;5,8906266211
202200037054;17;6;2022;18:00;1;24;24319;2;1;1;1;Puy des Vignes;45,3444030000;0,5381800000
202200037064;16;6;2022;23:35;5;69;69259;2;1;1;3;Avenue Jean Cagne;45,6960673238;4,8717655416
202200037088;14;6;2022;10:00;1;88;88413;2;1;1;3;Rue Dieudonné DUBOIS;48,2925300000;6,9282600000
202200037093;15;6;2022;07:15;1;83;83069;2;6;1;2;LOUBES (ROUTE DES);43,1134900000;6,1103500000
202200037096;23;8;2022;08:05;1;34;34057;2;1;1;3;Avenue Aristide Briand;43,6305070000;3,8972710000
202200037098;14;6;2022;18:30;1;78;78551;1;1;1;3;RD 157;48,9142900000;2,1001300000
202200037105;24;8;2022;20:05;1;89;89056;1;3;1;1;D233;47,9929010000;3,4846720000
202200037107;14;6;2022;19:19;1;76;76351;2;1;1;6;CIRCULAIRE (AVENUE);49,5214400000;0,1353800000
202200037108;26;2;2022;02:50;5;75;75119;2;3;1;2;RUE DE MEAUX;48,8807445556;2,3728402600
202200037114;25;2;2022;23:45;5;75;75117;2;1;1;1;RUE DE SAUSSURE;48,8899200000;2,3054480000
202200037115;14;6;2022;14:00;1;72;72181;2;6;1;3;FALCONET ETIENNE (RUE);47,9690500000;0,2149400000
202200037116;24;8;2022;21:45;3;50;50505;1;1;1;3;Les Brousses;48,6760710000; -1,3123300000
202200037127;26;2;2022;17:15;1;75;75101;2;3;1;6;RUE DE RIVOLI;48,8608150000;2,3412070000
202200037130;15;6;2022;17:25;1;64;64445;2;2;1;3;cours Léon Bérard;43,3173600000; -0,3771900000
202200037140;14;4;2022;08:47;1;63;63113;2;1;1;3;FRANCE (RUE ANATOLE);45,7788700000;3,1122900000
202200037151;26;2;2022;15:25;1;92;92064;2;2;1;3;MAGENTA PLACE;48,8422486021;2,2071105391
202200037155;15;6;2022;20:50;1;54;54547;2;1;1;3;EUROPE (BOULEVARD DE L');48,6599800000;6,1766200000
202200037157;14;6;2022;07:05;1;49;49007;2;1;1;1;ARAGON AVENUE;47,4715800000; -0,5671900000
202200037165;15;6;2022;17:20;1;37;37261;2;1;1;3;Boulevard Abel Gance;47,4299308170;0,7056140900
202200037180;15;6;2022;08:20;1;25;25056;2;1;1;3;CRAS RUE DES;47,2517100000;6,0301300000
202200037195;5;4;2022;13:08;1;2A;2A008;2;1;1;1;Bisinao;41,8421590000;8,8750110000
202200037200;8;4;2022;11:20;1;46;46114;1;1;1;3;D673;44,5774810000;1,1583410000
202200037206;15;6;2022;21:10;1;75;75106;2;5;1;3;BOULEVARD SAINT GERMAIN;48,8531450000;2,3357850000
202200037208;15;6;2022;19:30;1;75;75106;2;1;1;3;BOULEVARD DU MONTPARNASSE;48,8410160000;2,3327380000
202200037214;15;6;2022;00:17;5;75;75106;2;4;1;6;RUE DE CONDE;48,8506100000;2,3380670000
202200037222;15;6;2022;09:10;1;75;75120;2;2;1;3;RUE BELGRAND;48,8646310000;2,4041570000
202200037224;15;6;2022;19:11;1;75;75119;2;3;1;3;AVENUE JEAN JAURES;48,8851850000;2,3793780000
202200037228;15;6;2022;11:10;1;75;75117;2;2;1;3;RUE GUY MOQUET;48,8924480000;2,3248280000
202200037230;14;6;2022;16:50;1;75;75117;2;2;1;4;AVENUE NIEL;48,8796450000;2,2947120000
202200037243;14;6;2022;14:00;1;75;75107;2;1;1;3;AVENUE DE LOWENDAL;48,8499780000;2,3045850000
202200037274;14;6;2022;15:30;1;93;93045;2;1;1;6;Rue de Paris;48,8805000000;2,4183000000
202200037280;15;6;2022;20:20;1;93;93062;2;6;1;1;Rond - Point Thiers;48,8992940000;2,5176520000
202200037292;15;6;2022;18:45;1;92;92064;2;1;1;7;REPUBLIQUE;48,8526160000;2,2127930000
202200037296;15;6;2022;14:35;1;92;92048;2;1;1;7;ORANGERIE (RUE DE L');48,8090200000;2,2377800000
202200037304;7;4;2022;08:30;1;83;83137;2;1;1;3;DE LATTRE DE TASSIGNY (AVE MARECHAL);43,1170900000;5,9367400000
202200037306;7;4;2022;16:40;1;78;78481;2;9;1;6;FELICIEN DAVID (PLACE);48,8962710000;2,1024460000
202200037311;6;4;2022;12:18;1;67;67482;2;1;8;6;VIRGILE (RUE);48,5813100000;7,6990900000
202200037331;6;4;2022;19:00;1;35;35238;2;2;2;3;Rue de Nantes;48,0971000000; -1,6888350000
202200037341;7;4;2022;17:35;1;26;26198;1;1;1;3;MARSEILLE (Route de );44,5253400000;4,7449600000
202200037347;7;4;2022;21:10;4;13;13103;2;1;1;2;ALLEES DE CRAPONNE;43,6346943499;5,1002027272
202200037359;3;11;2022;06:20;5;75;75105;2;7;1;3;BOULEVARD SAINT MICHEL;48,8473420000;2,3408520000
202200037364;6;4;2022;21:40;3;10;10387;2;1;8;3;PIERRE BROSSOLETTE (RUE);48,2910500000;4,0756790000
202200037367;3;11;2022;14:40;1;75;75110;2;1;2;3;RUE DU FAUBOURG SAINT MARTIN;48,8822470000;2,3681780000
202200037370;3;11;2022;13:08;1;75;75101;2;2;2;7;RUE DE RIVOLI;48,8587230000;2,3475830000
202200037382;7;4;2022;08:59;1;75;75105;2;2;1;7;RUE GAY LUSSAC;48,8459560000;2,3412090000
202200037395;31;10;2022;18:30;1;92;92036;2;2;1;3;LAURENT CELY (AVENUE) (1/143);48,9217700000;2,3058200000
202200037396;7;4;2022;13:30;1;75;75115;2;2;1;2;AVENUE FELIX FAURE;48,8387406127;2,2821138331
202200037408;1;11;2022;10:40;1;40;40065;2;6;1;3;20 Avenue des Acacias;43,6456870000; -1,4270480000
202200037411;5;4;2022;17:00;1;94;94028;2;6;1;3;Avenue du Maréchal Foch / Route de la Pompadour;48,7740400000;2,4395400000
202200037418;7;4;2022;20:25;5;94;94075;2;2;1;3;Rue de la Bourgogne / Rue du Docteur Bertrand ;48,7221500000;2,5290700000
202200037431;8;4;2022;12:10;1;06;06114;2;1;1;3;Route de Levens;43,7530140000;7,2769750000
202200037439;4;11;2022;07:50;1;25;25453;2;2;2;3;39 grande rue;47,2184420000;6,5428780000
202200037451;3;11;2022;10:50;1;64;64499;2;1;1;6;Boulevard Laclabote;43,4686630000; -0,9268860000
202200037482;8;4;2022;11:45;1;34;34332;1;2;1;3;Départementale 612;43,3146870000;3,3778450000
202200037484;5;4;2022;12:20;1;22;22359;1;1;2;3;Kéranfloc'h;48,5721704422; -3,3935739398
202200037532;7;4;2022;08:10;1;35;35152;2;1;2;3;9 Rue de la Tannerie;48,2093280000; -1,5126210000
202200037533;2;11;2022;09:10;1;75;75118;2;1;1;3;BOULEVARD DE LA CHAPELLE;48,8841020000;2,3529660000
202200037535;2;11;2022;09:15;1;75;75115;2;1;1;3;RUE DE VAUGIRARD;48,8381500000;2,2981550000
202200037538;2;11;2022;10:10;1;75;75107;2;2;1;3;RUE DU BAC;48,8582280000;2,3283410000
202200037540;2;11;2022;09:54;1;75;75107;2;1;1;7;PLACE VAUBAN;48,8538190000;2,3121840000
202200037587;2;11;2022;14:45;1;58;58196;1;1;1;7;1 rue chez moyau;47,0966520000;3,3366730000
202200037595;29;10;2022;10:50;1;37;37172;1;6;1;3;RdPt de la Chassetière;47,4497850000;0,6978030000
202200037611;1;11;2022;17:20;5;54;54215;2;3;1;1;rue de la rompure;48,7483370000;6,1531160000
202200037614;26;10;2022;14:00;1;69;69004;1;9;7;3;Rue Aymé Chalus;45,9074570000;4,6506070000
202200037635;16;5;2022;00:20;5;67;67482;2;1;1;7;CANONNIERS (RUE DES);48,5544500000;7,7657800000
202200037646;24;4;2022;18:00;1;59;59350;2;2;1;3;LAFARGUE PAUL RUE;50,6230600000;3,0465700000
202200037649;16;5;2022;15:55;1;45;45234;2;1;1;7;6 Boulevard Guy-Marie Riobé;47,9127500000;1,9137900000
202200037652;14;4;2022;13:50;1;43;43041;2;6;1;3;5 Place de la Libération;45,0479454461;3,9275988936
202200037656;19;4;2022;13:50;1;28;28229;2;1;1;1;RESISTANCE (AVENUE DE LA);48,4506200000;1,4636100000
202200037678;16;5;2022;15:40;1;75;75115;2;2;1;6;RUE LECOURBE;48,8449959537;2,3106895387
202200037679;16;5;2022;12:15;1;75;75112;2;5;1;3;AVENUE DE SAINT MANDE;48,8446780000;2,4057490000
202200037681;16;5;2022;09:00;1;75;75110;2;1;8;6;RUE DU FAUBOURG SAINT MARTIN;48,8769227629;2,3610667884
202200037682;16;5;2022;00:30;5;75;75110;2;2;2;3;RUE DE PARADIS;48,8757830000;2,3482520000
202200037700;16;5;2022;17:30;2;974;97401;1;1;1;1;Chemin Piton Rouge; -21,2381520000;55,3429520000
202200037705;14;5;2022;15:45;1;57;57498;2;3;1;7;Rue Emile Zola;49,3177720000;6,0210870000
202200037711;17;5;2022;07:30;2;63;63149;1;1;1;2;5 Route de Chappes;45,8843920000;3,2610300000
202200037715;17;5;2022;16:00;1;01;01025;1;3;1;3;1193 Route de Pont de Vaux;46,3249510000;4,9349020000
202200037731;16;5;2022;14:00;1;11;11202;2;6;1;6;Rond-point AMMAC (piste cyclable);42,9058770000;3,0364860000
202200037744;15;5;2022;18:50;2;52;52432;1;1;1;7;pk 10 D121;47,9480210000;5,2954640000
202200037766;13;4;2022;15:30;1;85;85109;2;3;1;3;RD160;46,8637770000; -1,0308550000
202200037777;15;5;2022;20:30;1;69;69149;2;3;1;2;Rue Pierre Sémard;45,7178598753;4,8148991168
202200037783;15;5;2022;02:50;5;91;91687;2;9;1;1;VICTOR SCHOELCHER (AVENUE);48,6547700000;2,3713900000
202200037790;15;5;2022;18:03;1;78;78551;1;1;1;3;RD 157;48,9122770000;2,0987700000
202200037796;15;5;2022;08:30;1;69;69115;2;3;1;1;Rue de la Maladière;45,9785000000;4,7139400000
202200037803;15;5;2022;20:15;1;54;54395;2;2;1;3;MICHOTTES (RUE DES);48,6922540599;6,1790572107
202200037808;15;5;2022;06:25;2;33;33063;2;3;1;3;Boulevard Pierre 1er;44,8539200000; -0,5931300000
202200037816;13;5;2022;10:05;1;01;01283;2;1;1;3;CASTELLION;46,2490410000;5,6474450000