Num_Acc;jour;mois;an;hrmn;lum;dep;com;agg;int;atm;col;adr;lat;long
202200037823;15;5;2022;23:02;5;75;75105;2;7;1;3;PLACE VALHUBERT;48,8442598777;2,3647816479
202200037826;14;5;2022;16:10;1;75;75118;2;1;1;6;BOULEVARD DE CLICHY;48,8840880000;2,3319470000
202200037829;15;5;2022;10:50;1;75;75115;2;1;1;6;BOULEVARD GENERAL MARTIAL VALIN;48,8375600000;2,2727770000
202200037830;15;5;2022;21:10;5;75;75114;2;1;2;6;BOULEVARD JOURDAN;48,8203553583;2,3381392658
202200037842;29;5;2022;17:35;1;74;74010;2;1;1;7;Route de Sacconges;45,8685310000;6,0962860000
202200037852;28;9;2022;13:30;1;69;69389;2;2;8;3;Pont Robert Schuman;45,7804900000;4,8090800000
202200037881;27;9;2022;17:15;1;37;37261;2;1;1;3;AEROPORT (RUE DE L');47,4256600000;0,7161300000
202200037886;23;9;2022;14:50;1;25;25056;2;2;1;3;CHURCHILL BD WINSTON;47,2463100000;5,9980000000
202200037895;3;9;2022;18:25;1;973;97302;2;1;1;3;MONTABO (ROUTE DE) 1;4,9331008118; -52,2904841602
202200037908;26;9;2022;07:18;5;87;87085;2;1;2;7;LATTRE-DE-TASSIGNY (AVENUE DU MARECHAL);45,8252300000;1,2730600000
202200037910;27;9;2022;17:40;1;85;85194;2;6;2;3;Boulevard du vendée globe-RP de la vannerie;46,5154200000; -1,7584400000
202200037927;26;9;2022;09:45;1;64;64445;2;9;1;1;place de la Libération;43,2974800000; -0,3718000000
202200037929;27;9;2022;08:10;1;61;61143;2;1;1;3;PONT DU FRESNE (RUE DU);48,4444100000;0,0609100000
202200037930;27;9;2022;17:30;1;59;59599;2;3;1;3;UNION (RUE DE L');50,7092639914;3,1723827124
202200037937;27;9;2022;10:25;1;49;49007;2;1;1;3;JAURES;47,4549000000; -0,5245800000
202200037943;27;9;2022;08:26;1;45;45234;2;1;1;6;39 Rue du Nécotin;47,9187700000;1,9375600000
202200037948;27;9;2022;16:21;1;35;35238;2;6;2;2;VEZIN (ROUTE DE);48,1163233687; -1,7164769769
202200037951;27;9;2022;08:50;1;33;33281;2;2;1;3;Rue Fustel de Coulanges;44,8439900000; -0,6422500000
202200037975;5;5;2022;08:25;1;91;91521;2;6;1;6;JOLIOT CURIE (AVENUE IRENE ET FREDERIC);48,6383800000;2,3942200000
202200037979;28;9;2022;09:05;1;75;75119;2;1;8;3;AVENUE MATHURIN MOREAU;48,8782100000;2,3725280000
202200037982;28;9;2022;18:40;1;75;75117;2;7;1;3;PLACE DU MARECHAL JUIN;48,8845230000;2,2972000000
202200037985;28;9;2022;09:00;1;75;75113;2;1;1;6;RUE DE TOLBIAC;48,8262490000;2,3431380000
202200037992;28;9;2022;07:45;1;75;75108;2;3;1;3;RUE DU FAUBOURG SAINT HONORE;48,8721250000;2,3128680000
202200038008;28;9;2022;12:40;1;92;92049;2;1;1;6;GINOUX AVENUE HENRI AUTRES N°;48,8149830000;2,3207450000
202200038014;6;12;2022;08:40;1;78;78190;2;2;8;2;SAUT DE LOUP (RUE DU);48,8799900000;2,1485900000
202200038035;5;12;2022;06:45;5;72;72181;2;1;2;2;COURBOULAY PAUL (RUE);48,0012900000;0,1909500000
202200038049;1;12;2022;13:48;1;68;68066;2;1;1;6;LADHOF (RUE DU);48,1062300000;7,3790000000
202200038066;28;9;2022;09:10;1;974;97415;2;3;1;3;Rue du Gen de Gaulle (st G); -21,0509360000;55,2240660000
202200038128;5;12;2022;18:00;5;12;12145;2;6;1;2;Rond Point des Stades;44,1074000000;3,0812700000
202200038139;17;1;2022;16:30;1;14;14258;2;2;1;3;D39;48,8961260000; -0,1894710000
202200038146;13;9;2022;15:22;1;74;74249;1;1;1;2;D52;46,3670900000;6,6501400000
202200038175;16;1;2022;08:20;1;51;51454;2;1;8;2;Boulevard Franchet d’Esperey;49,2418900000;4,0166100000
202200038191;12;1;2022;16:45;1;18;18255;1;6;1;3;ZAC du Bois des Chagnières;47,0489100000;2,3303700000
202200038200;6;12;2022;11:37;1;75;75119;2;3;1;3;AVENUE JEAN JAURES;48,8831170000;2,3715050000
202200038211;6;12;2022;19:45;5;75;75101;2;3;1;2;RUE DE RIVOLI;48,8663350000;2,3241840000
202200038219;16;1;2022;20:31;5;75;75102;2;1;8;3;RUE SAINT MARC;48,8703250000;2,3416700000
202200038221;16;1;2022;15:55;1;75;75101;2;2;1;3;BOULEVARD DE SEBASTOPOL;48,8605790000;2,3493700000
202200038235;6;12;2022;07:35;5;93;93050;2;9;1;2;Avenue Paul Doumer;48,8584210807;2,5228080153
202200038244;16;1;2022;12:30;1;972;97225;1;1;1;6;Petit Reduit;14,7625530000; -61,1602340000
202200038246;13;1;2022;15:50;1;12;12033;1;3;7;3;Départementale 988;44,4509300000;2,7231500000
202200038257;6;12;2022;19:30;5;92;92012;2;1;1;3;POINT DU JOUR (QUAI DU);48,8300100000;2,2563700000
202200038259;6;12;2022;12:44;1;92;92012;2;1;2;7;JEAN JAURES (BOULEVARD) 217/FIN - 210/FI;48,8277300000;2,2468500000
202200038296;16;7;2022;11:25;1;21;21086;2;1;1;1;Rue de la Créa;46,9886110000;4,8285930000
202200038305;12;1;2022;16:10;1;44;44131;2;6;1;3;Boulevard de Baiona;47,1233040000; -2,1235210000
202200038335;15;7;2022;21:35;2;60;60142;1;1;1;2;D118;49,1294990000;2,5437640000
202200038340;14;7;2022;09:30;1;83;83107;1;3;1;5;Route de Roquebrune sur Argens (Pont);43,4121090000;6,6969610000
202200038444;15;1;2022;10:42;1;49;49015;2;2;1;3;ROSES RUE DES;47,4942000000; -0,5827800000
202200038450;15;1;2022;10:50;1;43;43157;2;4;1;3;JARDINS (RUE DES);45,0336400000;3,8830100000
202200038456;15;1;2022;05:40;5;35;35278;2;6;1;3;Avenue des Monts d’Arrée;48,1369790910; -1,6720086336
202200038457;5;9;2022;08:50;1;64;64024;2;1;1;3;BELIN (RUE DU BOIS);43,4932000000; -1,5250600000
202200038468;15;1;2022;03:05;5;31;31555;2;1;1;2;RUE DE METZ;43,6005640000;1,4478980000
202200038474;3;8;2022;23:00;5;61;61169;2;1;1;7;SIX JUIN (RUE DU);48,7489000000; -0,5684600000
202200038475;14;7;2022;11:00;1;64;64269;1;3;1;3;STADE DU;43,2992700000; -0,3068300000
202200038497;8;7;2022;14:00;1;05;05061;2;1;1;7;Route des Fauvins;44,5635800000;6,0895200000
202200038502;14;7;2022;19:10;1;75;75120;2;1;1;3;AVENUE GAMBETTA;48,8634540000;2,3898020000
202200038505;14;7;2022;10:58;1;75;75119;2;2;1;3;AVENUE JEAN JAURES;48,8828110000;2,3703550000
202200038511;14;7;2022;18:25;1;75;75111;2;4;1;3;AVENUE DE LA REPUBLIQUE;48,8664700000;2,3682080000
202200038512;25;2;2022;23:10;3;974;97414;2;1;1;2;Avenue Principale; -21,2841909861;55,4045516328
202200038517;14;7;2022;03:25;5;75;75107;2;3;1;6;RUE DE GRENELLE;48,8574980000;2,3053530000
202200038519;24;8;2022;08:35;1;988;98818;2;3;1;3;RUE MAURICE MEUNIER/RUE ARNOLD DALY; -22,2683700000;166,4726600000
202200038547;14;7;2022;18:13;1;92;92044;2;2;1;3;LOUIS ROUQUIER (RUE)113+ ET 106+;48,8930932915;2,2927031815
202200038549;14;7;2022;18:45;1;92;92026;2;1;1;3;Europe ( rond point de l' );48,9054119323;2,2562726140
202200038552;23;8;2022;12:00;1;69;69389;2;1;1;3;Quai Arloing;45,7734600000;4,8093200000
202200038555;13;7;2022;16:30;1;67;67061;1;1;1;2;D133;48,8203290000;7,4483660000
202200038583;13;7;2022;13:05;1;56;56158;2;1;1;1;4 Rue Isabelle Autissier;47,6834510000; -2,7975540000
202200038586;15;7;2022;16:57;1;77;77347;1;1;1;6;D412;48,4718120000;3,2280920000
202200038594;15;7;2022;08:40;1;65;65127;1;3;1;3;181 Route des Baronnies;43,0878130000;0,3378730000
202200038612;15;7;2022;00:10;3;44;44072;1;1;1;2;D774;47,4567710000; -2,3140920000
202200038633;23;8;2022;19:47;1;47;47201;2;1;1;2;MARNE (AV. DE LA);44,1937800000;0,5959800000
202200038635;14;7;2022;10:45;1;60;60277;2;9;1;2;Rue de Courcelles;49,4249400000;2,0355730000
202200038637;15;7;2022;11:10;1;21;21195;1;1;1;7;D111f;46,9821340000;4,6438320000
202200038639;27;2;2022;11:30;1;88;88175;1;3;1;1;38 Route d Aydoilles;48,2159980000;6,5809230000
202200038641;23;8;2022;04:45;3;38;38151;2;1;1;1;RN 87 (RONDEAU A J.DUCLOS);45,1587000000;5,7077800000
202200038650;25;2;2022;18:00;2;81;81140;2;1;1;2;Avenue Charles de Gaulle;43,6988640000;1,8142350000
202200038651;23;8;2022;12:45;1;15;15014;2;1;1;3;GAULLE (AVENUE CHARLES DE);44,9107200000;2,4262100000
202200038652;26;2;2022;15:35;1;09;09306;2;4;1;3;Avenue Peyrevidal;42,8476510000;1,6034250000
202200038667;15;7;2022;11:45;1;95;95039;2;1;1;6;Rue de Cordeville;49,0734860000;2,1871810000
202200038687;14;7;2022;18:00;1;73;73116;1;1;1;6;D926;45,2225301548;6,3040420711
202200038692;23;8;2022;08:50;1;07;07102;2;6;1;3;Jean MOULIN (Rue);44,9396000000;4,8650000000
202200038694;14;7;2022;11:30;1;26;26117;1;9;1;1;3545 Route des Grands Goulets;45,0298390000;5,3846310000
202200038702;23;8;2022;14:10;1;75;75118;2;1;1;6;RUE DE L EVANGILE;48,8939720000;2,3651900000
202200038712;23;8;2022;17:50;1;75;75107;2;3;1;3;QUAI VOLTAIRE;48,8585550000;2,3324680000
202200038718;14;7;2022;18:55;1;60;60139;2;3;7;3;Rue de l'Ancien Moulin;49,1626910000;2,2529640000
202200038763;16;6;2022;11:50;1;68;68112;2;4;1;1;7 Chemin du Kitterlé;47,9082090000;7,2175940000
202200038801;15;6;2022;15:50;1;57;57541;2;1;1;3;15 Route de Baerenthal;48,9836880000;7,5632130000
202200038802;13;7;2022;21:50;5;69;69382;2;2;1;2;Quai Jean Moulin;45,7636700000;4,8381300000
202200038813;24;2;2022;17:23;1;67;67482;2;3;1;1;OSTWALD (PLACE D );48,5647500000;7,7063300000
202200038832;15;6;2022;17:30;1;90;90081;2;1;1;3;Rue de la Côte;47,5064210000;7,1182720000
202200038836;24;8;2022;12:35;1;53;53146;1;6;7;3;RN162;48,1963405146; -0,6666485519
202200038841;23;8;2022;08:30;1;53;53097;2;9;1;3;12 Rue de Sillé;48,1563500000; -0,3940530000
202200038842;25;2;2022;12:25;1;51;51454;2;6;1;3;Place Aristide Briand;49,2575243145;4,0388042828
202200038854;23;8;2022;18:30;2;69;69268;1;3;1;3;Chemin des Eclapons;45,6513530000;4,7621550000
202200038863;23;8;2022;17:20;1;69;69064;2;1;1;3;Rue nationale;45,4572070000;4,7567150000
202200038881;24;8;2022;13:00;1;73;73034;1;1;1;3;D218B - Rte de Champtardy;45,7291753337;6,5502421260
202200038900;15;6;2022;12:45;1;63;63077;1;1;1;6;Col de la Croix Morand;45,5903480000;2,8665730000
202200038901;25;2;2022;09:18;1;10;10387;2;1;1;3;CHOMEDEY DE MAISONNEUVE (AVE);48,3088933760;4,0688896179
202200038905;23;8;2022;07:35;2;14;14258;2;6;2;3;D129;48,8898840000; -0,1816070000
202200038912;16;6;2022;08:10;1;17;17021;1;6;1;3;D14;45,7582190000; -1,1245540000
202200038916;15;2;2022;15:10;1;04;04070;2;6;1;3;RP du 11 novembre;44,0911786129;6,2312087417
202200038928;25;2;2022;17:05;1;75;75106;2;3;1;2;QUAI DES GRANDS AUGUSTINS;48,8542978591;2,3431778778
202200038932;25;2;2022;16:06;1;75;75105;2;2;1;6;RUE DES CARMES;48,8489040000;2,3474730000
202200038964;25;2;2022;19:35;5;75;75110;2;3;1;3;BOULEVARD DE MAGENTA;48,8757880000;2,3565180000
202200038968;21;3;2022;08:35;1;14;14047;2;2;1;3;Rue Saint Malo;49,2788160000; -0,7076630000
202200038971;25;2;2022;10:30;1;75;75110;2;2;1;3;QUAI DE VALMY;48,8728980000;2,3637390000
202200038976;22;8;2022;19:40;1;91;91326;2;1;1;2;HOCHE (RUE);48,6863500000;2,3798900000
202200038978;25;2;2022;19:57;5;75;75104;2;3;1;1;PONT DE SULLY;48,8504340000;2,3600890000
202200038979;25;2;2022;16:45;1;75;75104;2;1;1;6;VOIE GEORGES POMPIDOU;48,8544130374;2,3544770364
202200038985;18;8;2022;11:40;1;84;84007;2;1;1;3;PEINTRES PARROCEL( Rue des);43,9320000000;4,8289100000
202200038991;25;2;2022;15:55;1;94;94041;2;1;1;3;122 Rue Marcel Hartmann;48,8085360000;2,3813500000
202200039005;22;8;2022;08:19;1;69;69259;2;6;1;3;Boulevard Urbain Est;45,6882000000;4,8912900000
202200039011;21;8;2022;14:20;1;67;67482;2;1;1;3;ROMAINS (ROUTE DES);48,5784300000;7,7069000000
202200039029;25;2;2022;08:35;1;92;92046;2;1;1;3;Charles de gaulle;48,8240280421;2,3005326837
202200039042;21;8;2022;11:10;1;49;49007;2;1;1;2;BON PASTEUR BOULEVARD;47,4733100000; -0,5782400000
202200039047;22;8;2022;17:30;1;44;44162;2;1;1;2;1 Avenue Condorcet;47,2292700000; -1,6080400000
202200039054;14;6;2022;15:15;1;83;83062;2;1;1;3;FABRI DE PEIRESC (AVENUE);43,1385000000;6,0271000000
202200039075;14;6;2022;10:20;1;77;77048;2;2;1;3;D104;48,3406300000;2,7095500000
202200039094;20;8;2022;20:05;1;75;75118;2;1;1;3;RUE D AUBERVILLIERS;48,8982790000;2,3705230000
202200039099;26;2;2022;14:35;1;01;01338;2;4;1;6;;45,7103150000;5,5556420000
202200039107;22;8;2022;13:55;1;75;75102;2;2;1;3;BOULEVARD DE SEBASTOPOL;48,8634040000;2,3509580000
202200039118;25;2;2022;16:00;1;43;43187;1;2;1;3;D906;45,1595460000;3,8286710000
202200039126;14;6;2022;13:00;1;45;45234;2;2;1;3;118 Rue du Faubourg Bannier;47,9148300000;1,8993900000
202200039128;14;6;2022;16:30;1;45;45004;2;1;1;6;91 Avenue d'Antibes;47,9865300000;2,7325500000
202200039132;13;6;2022;09:50;1;38;38185;2;1;1;3;RUE GÉNÉRAL MANGIN;45,1773600000;5,7179500000
202200039135;14;6;2022;18:58;1;37;37261;2;1;1;7;PIERRE (RUE DE LA);47,4053205652;0,6842258200
202200039142;13;6;2022;15:30;1;35;35238;2;1;1;6;ALSACE (D');48,1224500000; -1,7038300000
202200039144;11;6;2022;14:10;1;34;34129;2;1;1;3;Avenue Georges Freche;43,5795000000;3,9319000000
202200039153;6;4;2022;17:50;1;69;69388;2;2;1;3;Rue Feuillat;45,7433400000;4,8742600000
202200039154;6;4;2022;21:45;5;69;69382;2;1;1;3;2 Cours Charlemagne;45,7474800000;4,8249700000
202200039174;5;6;2022;11:50;1;07;07008;1;1;1;3;LEMPS  ( QUARTIER );44,7016300000;4,6497200000
202200039185;5;4;2022;17:25;1;76;76351;2;1;1;6;VERDUN (RUE DE);49,5022600000;0,1848500000
202200039189;14;6;2022;19:45;1;75;75106;2;5;1;2;RUE DU FOUR;48,8524100000;2,3316900000
202200039191;14;6;2022;18:25;1;75;75105;2;2;1;7;RUE MONGE;48,8480860000;2,3504800000
202200039192;6;4;2022;11:30;1;64;64189;2;3;1;3;Avenue de Sopitenia;43,3810839412; -1,6891050339
202200039197;14;6;2022;15:15;1;75;75115;2;3;1;2;RUE CARRIER BELLEUSE;48,8473710000;2,3030220000
202200039198;14;6;2022;14:45;1;75;75115;2;1;1;7;RUE LECOURBE;48,8400380000;2,2944640000
202200039200;14;6;2022;08:40;1;75;75114;2;3;1;3;RUE DIDOT;48,8296760000;2,3179810000
202200039203;14;6;2022;16:36;1;75;75113;2;2;1;6;BOULEVARD DU GENERAL JEAN SIMON;48,8241640000;2,3767800000
202200039209;5;4;2022;18:13;1;49;49007;2;1;1;7;COTE DE BELLEVUE;47,4613600000; -0,6032400000
202200039213;14;6;2022;18:20;1;75;75111;2;2;1;1;RUE DE CHARONNE;48,8535850000;2,3804250000
202200039221;6;4;2022;16:00;1;37;37261;2;1;1;6;FOURNIER (RUE DU DOCTEUR);47,3855714169;0,7025161386
202200039229;6;4;2022;07:45;1;26;26198;1;1;1;3;SAINT GERVAIS (Route);44,5656260000;4,7976740000
202200039243;5;3;2022;12:00;1;75;75112;2;5;1;6;RUE DU FAUBOURG SAINT ANTOINE;48,8500769956;2,3847386241
202200039248;6;4;2022;14:30;1;75;75119;2;1;1;2;RUE DU MAROC;48,8870201016;2,3679106687
202200039250;6;4;2022;14:13;1;75;75119;2;1;1;6;BOULEVARD DE LA VILLETTE;48,8843780000;2,3661810000
202200039253;1;11;2022;16:40;1;45;45302;2;3;1;3;232 Rue de la Fontaine;47,9522400000;1,8771800000
202200039258;6;4;2022;21:35;5;75;75117;2;5;3;3;BOULEVARD MALESHERBES;48,8852283664;2,3072221332
202200039289;31;10;2022;12:50;1;75;75108;2;2;1;3;AVENUE PIERRE 1ER DE SERBIE;48,8675340000;2,2994060000
202200039296;6;4;2022;20:19;5;93;93055;2;6;8;3;Avenue Édouard Vaillant;48,8991480000;2,3969570000
202200039307;6;4;2022;18:59;1;92;92020;2;1;1;7;DIVISION LECLERC AVENUE DE LA;48,7992915777;2,2849269211
202200039325;1;11;2022;12:05;1;56;56214;1;1;1;7;47 Route de la Baie d'Abraham;47,5100358000; -2,8445041180
202200039326;5;4;2022;11:44;1;56;56178;2;1;1;2;Rue Albert de Mun;48,0541890000; -2,9598820000
202200039330;2;11;2022;10:30;1;65;65428;1;1;1;7;D103;42,9698290000; -0,1550050000
202200039358;28;3;2022;16:50;1;73;73121;1;6;1;3;D69;45,6240780000;6,3226430000
202200039362;7;4;2022;14:30;1;27;27284;2;1;1;7;Rue Cappeville;49,2812020000;1,7809650000
202200039380;28;10;2022;14:30;1;65;65320;1;2;1;3;RD 8 - PR 014.150;43,1288210000;0,1154370000
202200039408;17;8;2022;17:35;1;50;50165;2;1;1;2;COUTANCES (ROUTE DE);48,8460340000; -1,5820320000
202200039411;31;1;2022;09:25;1;75;75115;2;1;1;6;QUAI DE GRENELLE;48,8520860000;2,2854360000
202200039429;1;11;2022;01:10;5;69;69386;2;2;3;1;Boulevard Jules Favre;45,7638412730;4,8581850529
202200039454;30;10;2022;19:30;5;64;64122;2;1;2;3;Avenue de Verdun;43,4818400000; -1,5538700000
202200039456;25;3;2022;17:20;1;69;69092;2;1;1;6;Rue du Stade Pierre Montmartin;46,0020200000;4,7163600000
202200039459;4;4;2022;07:25;2;68;68166;2;2;1;3;MULHOUSE (FAUBOURG DE);47,7938400000;7,3356900000
202200039470;31;10;2022;15:01;1;49;49007;2;9;2;7;LETANDUERE;47,4636200000; -0,5552700000
202200039473;5;4;2022;17:40;1;64;64335;1;1;1;3;D817;43,3433838304; -0,4146695137
202200039475;30;10;2022;15:10;1;43;43041;2;6;1;2;Rond-point de Corsac;45,0498739127;3,9139920473
202200039480;30;10;2022;09:45;1;37;37261;2;1;1;2;VAILLANT (RUE EDOUARD);47,3822298342;0,7050803304
202200039482;31;10;2022;20:15;5;33;33063;2;1;2;3;Avenue de Nontraste;44,8772400000; -0,5679200000
202200039491;27;10;2022;19:00;5;19;19031;2;1;1;3;RIVET (AVENUE JEAN CHARLES);45,1519100000;1,5028300000
202200039498;4;4;2022;14:19;1;49;49007;2;1;1;7;VOLNEY;47,4634500000; -0,5454800000
202200039500;31;10;2022;16:10;1;10;10387;2;1;1;3;GOURNAY (RUE DE);48,2996100000;4,0895100000
202200039514;4;4;2022;16:22;1;33;33063;2;9;1;3;Place de Stalingrad;44,8399274424; -0,5603648099
202200039521;5;4;2022;11:30;1;27;27229;2;1;2;3;BAYET (RUE ALBERT);49,0298282152;1,1705753177
202200039530;30;10;2022;16:00;1;93;93001;2;1;1;3;Avenue Jean Jaurès;48,9128228358;2,4020190950
202200039532;30;10;2022;17:30;2;93;93001;2;2;1;3;Rue des Noyers / Rue Schaeffer;48,9175600000;2,3802200000
202200039558;15;5;2022;18:25;1;75;75111;2;1;1;3;RUE ALEXANDRE DUMAS;48,8541460000;2,3952220000
202200039559;15;5;2022;11:57;1;75;75109;2;5;1;6;BOULEVARD MONTMARTRE;48,8719810000;2,3400460000
202200039560;15;5;2022;12:29;1;75;75109;2;5;1;2;BOULEVARD MONTMARTRE;48,8719973438;2,3400543630
202200039561;15;5;2022;10:50;1;75;75101;2;2;1;6;BOULEVARD DE SEBASTOPOL;48,8619910000;2,3501580000
202200039568;15;5;2022;11:40;1;92;92040;2;2;1;3;RESISTANCE (PLACE DE LA);48,8217985925;2,2502837777
202200039574;15;5;2022;09:30;1;28;28337;2;1;1;1;69 Rue Pierre et Marie Curie;48,4252850000;1,3580560000
202200039575;15;5;2022;06:55;1;974;97414;1;1;1;2;Route nationale 1; -21,2808670000;55,3866930000
202200039576;14;5;2022;18:15;1;68;68315;2;3;7;3;Route de Wuenheim;47,8775990000;7,2201260000
202200039593;14;5;2022;16:30;1;38;38027;1;6;1;3;rond point lagache;45,4358490000;6,0024830000
202200039605;15;5;2022;11:45;1;23;23102;1;1;1;7;Le Queroir;46,2618520000;2,0311780000
202200039607;15;5;2022;14:00;1;88;88075;1;1;1;3;Route du Chajoux;48,0224800000;6,9057840000
202200039608;15;5;2022;13:20;1;88;88075;1;9;1;3;Route de Gerardmer;48,0193240000;6,8901440000
202200039615;15;5;2022;19:30;3;987;98729;2;1;1;1;PK16.9 ATIHA; -17,5912580000; -149,8308990000
202200039661;27;4;2022;19:45;5;973;97311;2;1;1;2;Allée du Lac Bleu;5,4751290000; -54,0349730000
202200039662;26;4;2022;22:45;3;973;97305;1;1;1;2;Route Départementale 5;4,9811450000; -52,4688290000
202200039685;14;5;2022;18:25;1;42;42316;1;6;1;3;Route des Gorges;45,4084691340;4,2493232042
202200039693;14;5;2022;12:40;1;33;33522;2;1;1;3;Rue Dourout;44,8087600000; -0,5829800000
202200039699;14;5;2022;02:55;5;17;17300;2;1;1;3;MINIMES   AVENUE DES;46,1432740000; -1,1630040000
202200039708;14;5;2022;12:52;1;08;08480;2;1;1;2;GAMBETTA RUE;49,7400833973;4,7530728578
202200039720;13;5;2022;13:30;1;75;75116;2;1;1;3;ROUTE DES TRIBUNES;48,8589240000;2,2291480000
202200039724;14;5;2022;11:15;1;75;75107;2;2;1;2;RUE PIERRE VILLEY;48,8592161014;2,3050790280
202200039725;14;5;2022;11:15;1;75;75112;2;3;1;3;AVENUE DAUMESNIL;48,8364800000;2,4040890000
202200039729;14;5;2022;10:30;1;94;94046;2;1;1;7;Avenue Gambetta;48,8100600000;2,4393400000
202200039750;14;5;2022;17:00;1;62;62338;1;3;1;1;D175;50,6280810000;2,8511990000
202200039802;15;1;2022;10:38;1;75;75119;2;1;1;3;BOULEVARD MACDONALD;48,8984730000;2,3765470000
202200039806;15;1;2022;15:15;1;75;75112;2;2;1;3;COURS DE VINCENNES;48,8471580000;2,4062510000
202200039807;27;9;2022;16:45;1;75;75115;2;1;2;6;RUE DU COMMERCE;48,8451654086;2,2942797840
202200039810;26;9;2022;11:44;1;75;75115;2;3;2;6;RUE DE VOUILLE;48,8353850000;2,3027840000
202200039812;27;9;2022;10:10;1;75;75114;2;2;1;3;RUE D ALESIA;48,8278280000;2,3303380000
202200039815;27;9;2022;16:30;1;75;75112;2;3;2;3;RUE BARON LE ROY;48,8347411048;2,3878969252
202200039818;27;9;2022;09:29;1;75;75110;2;7;2;1;PLACE DE LA REPUBLIQUE;48,8685105643;2,3630288243
202200039823;27;9;2022;19:20;5;75;75107;2;3;2;6;QUAI D ORSAY;48,8628749821;2,3151996732
202200039881;28;9;2022;08:27;1;80;80644;2;1;1;2;12 Lieu Dit la Raperie;49,8735600000;2,7096430000
202200039888;27;9;2022;08:10;1;29;29293;2;6;1;3;Route de Melgven ;47,8571290000; -3,8508370000
202200039920;28;9;2022;08:45;1;77;77222;2;5;1;3;D619;48,6331990000;2,8048290000
202200039925;28;9;2022;15:30;1;42;42304;2;1;2;1;Route des Monts;45,5419350000;4,1916920000
202200039941;14;1;2022;08:30;1;92;92020;2;9;1;3;VANVES BOULEVARD N° IMPAIRS;48,8071254325;2,2853756547
202200039945;26;9;2022;17:00;1;44;44204;2;6;2;3;32 Rue de Nantes;47,2647500000; -1,4438440000
202200039951;14;1;2022;17:30;5;69;69383;2;4;1;3;219 Avenue Lacassagne;45,7454900000;4,8887100000
202200039953;14;1;2022;12:50;1;69;69383;2;2;1;6;Rue de Créqui;45,7602600000;4,8476800000
202200039971;13;1;2022;18:00;5;88;88087;2;3;1;1;30 Rue du General Leclerc;48,1729700000;6,4340000000
202200040005;13;1;2022;16:20;1;64;64024;2;1;1;3;Rue de Chassin;43,4934600000; -1,5284500000
202200040011;14;1;2022;16:45;1;59;59328;2;2;1;3;BONTE AUGUSTE RUE;50,6450543555;3,0223292112
202200040019;13;1;2022;10:18;1;54;54395;2;1;1;3;LECLERC (AV. DU GENE;48,6754553343;6,1762454510
202200040030;12;1;2022;09:50;1;44;44184;2;2;1;3;Place Jacques Tati;47,2408500000; -2,2783400000
202200040046;14;1;2022;15:30;1;28;28134;1;1;1;1;VALLEE VAUBREU (RTE DE LA);48,7680000000;1,3515800000
202200040071;14;1;2022;13:00;1;75;75105;2;4;1;6;RUE DANTE;48,8510940000;2,3462610000
202200040074;14;1;2022;20:20;5;75;75120;2;3;1;3;RUE DE BELLEVILLE;48,8744110000;2,3862950000
202200040088;14;1;2022;18:30;5;75;75114;2;3;1;6;RUE VERCINGETORIX;48,8351560000;2,3149410000
202200040097;14;1;2022;12:25;1;75;75111;2;3;1;3;AVENUE PARMENTIER;48,8639510000;2,3755270000
202200040105;13;1;2022;20:00;5;75;75104;2;4;1;4;BOULEVARD BOURDON;48,8528820000;2,3684230000
202200040141;7;1;2022;15:15;1;92;92004;2;1;1;6;CONCORDE ( RUE DE LA );48,9125014419;2,2906655073
202200040171;5;12;2022;12:17;1;47;47001;2;1;1;3;MIDI (AVENUE DU);44,1904100000;0,6137500000
202200040180;5;12;2022;18:10;2;37;37261;2;6;1;2;SAINT SAUVEUR (PONT);47,3735800000;0,6787400000
202200040183;12;9;2022;08:15;1;77;77085;2;1;7;2;D5;48,8515600000;2,7396600000
202200040206;9;9;2022;16:33;1;67;67462;2;1;1;1;CHARLEMAGNE (BOULEVRD);48,2633000000;7,4552000000
202200040218;6;8;2022;20:30;2;74;74081;2;2;1;3;Avenue des Glières;46,0738560000;6,5654200000
202200040239;4;12;2022;18:55;5;76;76540;2;3;1;3;Pont Jeanne d'Arc;49,4387662913;1,0885262489