Num_Acc;jour;mois;an;hrmn;lum;dep;com;agg;int;atm;col;adr;lat;long
202200044617;18;8;2022;16:20;1;94;94075;2;9;1;6;Route de la Grange;48,7327600000;2,5140500000
202200044618;12;4;2022;09:10;1;974;97411;2;9;1;3;JAURES (BLD 1 JEAN); -20,8900000000;55,4635000000
202200044620;11;6;2022;09:39;1;75;75114;2;2;1;3;AVENUE DU MAINE;48,8375390000;2,3229430000
202200044622;28;10;2022;12:00;1;75;75108;2;3;1;3;RUE DE ROME;48,8808930000;2,3210690000
202200044631;14;4;2022;08:40;1;78;78551;2;3;1;3;BOUFFLERS (DE);48,8992500000;2,0729400000
202200044634;28;10;2022;18:20;2;75;75107;2;1;1;6;QUAI BRANLY;48,8615980000;2,2976800000
202200044635;21;2;2022;21:15;5;75;75111;2;2;1;3;RUE DU FAUBOURG SAINT ANTOINE;48,8503960000;2,3814060000
202200044645;21;2;2022;20:00;5;75;75108;2;7;2;3;PLACE DE LA CONCORDE;48,8666650000;2,3220150000
202200044664;11;6;2022;16:40;1;93;93066;2;1;1;1;Rue des Marnaudes;48,9411551115;2,3834779859
202200044670;19;8;2022;11:51;1;91;91511;2;6;1;6;Route de Dourdan;48,3486340000;1,9869110000
202200044671;28;10;2022;19:30;5;93;93053;2;2;1;3;Rue du Parc / Rue Paul Vaillant Couturier;48,8919400000;2,4447500000
202200044672;1;4;2022;12:10;1;69;69266;2;3;8;3;Rue de Venise;45,7667300000;4,8978600000
202200044677;31;3;2022;18:35;1;67;67482;2;8;2;1;JEAN JAURES (AVENUE);48,5699500000;7,7619000000
202200044690;28;10;2022;09:15;1;92;92040;2;1;1;6;GAMBETTA (BOULEVARD);48,8274236132;2,2772035003
202200044691;11;6;2022;08:00;1;92;92051;2;1;1;3;MARCHE (PLACE DU);48,8806240000;2,2753940000
202200044692;16;3;2022;17:00;1;62;62193;2;1;8;2;LAFAYETTE (BOULEVARD);50,9455800000;1,8618500000
202200044705;28;10;2022;19:15;3;54;54590;1;1;1;3;D618;49,4965072890;5,6208801271
202200044709;11;6;2022;12:10;1;92;92026;2;1;1;1;GENERAL LECLERC ( AVENUE DU );48,8944400000;2,2408600000
202200044713;31;7;2022;11:45;1;56;56101;2;1;1;7;Rue de Pont Kerran;47,8297990000; -3,1546430000
202200044717;21;2;2022;11:10;1;92;92026;2;2;6;3;LAMBRECHTS;48,8982180886;2,2581936121
202200044756;28;3;2022;13:20;1;42;42218;2;1;1;2;Rue Gabriel Péri;45,4121900000;4,3875900000
202200044781;19;8;2022;16:13;1;05;05045;1;1;1;2;Route de Gap;44,5320452757;6,4451270571
202200044782;28;10;2022;15:00;1;42;42097;2;3;1;3;8 Route de Saint-Galmier;45,5022000000;4,3188230000
202200044817;11;6;2022;11:15;1;2B;2B123;1;1;1;3;route de la mer;42,0043470000;9,4526570000
202200044863;12;6;2022;10:00;1;42;42141;1;1;1;1;Route de Charlieu;46,1490870000;4,2502590000
202200044867;1;4;2022;05:50;3;13;13028;2;6;1;3;Rond-point DE LATTRE DE TASSIGNY;43,1896400000;5,6040800000
202200044869;15;8;2022;19:35;1;57;57433;2;1;1;3;Route de Thionville;49,2194370000;6,1630560000
202200044893;18;8;2022;15:50;1;01;01185;2;3;2;3;D8;45,9781740000;5,6018620000
202200044905;1;4;2022;19:20;1;75;75119;2;2;1;3;BOULEVARD DE LA VILLETTE;48,8842980000;2,3676180000
202200044909;21;2;2022;16:40;1;59;59051;2;2;1;1;Avenue Carnot;50,5333810000;2,8069640000
202200044911;31;3;2022;17:30;1;75;75118;2;2;2;1;BOULEVARD DE ROCHECHOUART;48,8821649661;2,3396414290
202200044921;18;8;2022;17:00;1;60;60559;2;2;1;3;Rue de Courlieu;49,4102190000;2,3023870000
202200044953;1;4;2022;13:40;1;75;75107;2;2;2;3;RUE DE LILLE;48,8588000000;2,3287500000
202200045017;17;8;2022;08:17;1;87;87085;2;3;1;3;PICASSO (RUE PABLO);45,9153400000;1,2982100000
202200045037;11;6;2022;12:50;1;74;74219;1;1;1;7;D41;45,8201860000;6,1030770000
202200045039;19;2;2022;16:35;1;29;29151;2;7;1;1;Rue de Brest;48,5744800000; -3,8318100000
202200045064;11;8;2022;18:20;1;67;67482;2;1;1;3;JACQUES KABLE (RUE);48,5922000000;7,7440700000
202200045067;10;8;2022;13:15;1;67;67482;2;1;1;3;JACQUES KABLE (RUE);48,5922000000;7,7440700000
202200045069;27;3;2022;11:15;1;38;38134;1;1;1;2;D37;45,4424060000;5,0169430000
202200045079;10;6;2022;20:15;5;974;97402;2;1;1;2;Route Nationale 2; -20,9996160000;55,6857220000
202200045083;27;10;2022;20:35;5;69;69382;2;3;1;1;12 Quai Jules Courmont;45,7601800000;4,8377200000
202200045086;27;10;2022;16:05;1;69;69202;2;1;1;6;15 Rue Deshay;45,7358500000;4,7997600000
202200045091;16;8;2022;11:10;1;63;63113;2;1;1;3;LIONDARDS (RUE DES);45,7644400000;3,0925300000
202200045102;26;10;2022;05:45;5;87;87085;2;1;1;7;VANTEAUX (BOULEVARD DE);45,8213200000;1,2396500000
202200045106;26;10;2022;12:10;1;87;87085;2;2;1;3;MAUVENDIERE (RUE DE LA);45,8331300000;1,2484800000
202200045118;20;2;2022;15:30;1;75;75113;2;4;1;7;AVENUE DES GOBELINS;48,8346580000;2,3533400000
202200045149;20;2;2022;11:10;1;75;75110;2;2;1;3;RUE DU CHATEAU D EAU;48,8698670000;2,3607240000
202200045151;27;10;2022;08:00;2;76;76217;2;6;2;3;POISSONNERIE (ARCADES DE LA );49,9264200000;1,0800500000
202200045153;11;6;2022;19:45;2;57;57205;1;1;7;2;D23;49,2186480000;6,6411070000
202200045154;20;2;2022;05:38;5;75;75109;2;2;1;3;RUE DE BELLEFOND;48,8774260000;2,3490920000
202200045159;19;2;2022;20:30;5;75;75109;2;1;1;6;RUE NOTRE DAME DE LORETTE;48,8793800000;2,3363960000
202200045168;27;10;2022;08:20;1;69;69290;2;6;1;3;Avenue du Progrès;45,7168800000;4,9581000000
202200045182;26;10;2022;19:15;5;67;67218;2;1;1;1;VIGNES (RUE DES);48,5213845654;7,7284580469
202200045185;11;6;2022;12:15;1;65;65123;1;1;1;3;Campan;42,9870240000;0,2270680000
202200045190;20;2;2022;10:00;1;93;93051;2;1;1;3;DEUX PONTS (QUAI);48,8532300000;2,5327200000
202200045194;11;6;2022;17:25;1;23;23063;1;1;1;3;Départementale 982;45,7829230000;2,1551230000
202200045206;19;2;2022;10:27;1;37;37123;2;3;1;1;17 Rue Falloux;47,3234821697;0,4077135399
202200045207;1;4;2022;18:50;1;47;47157;2;1;1;2;Rue François Mauriac;44,5043560000;0,1827940000
202200045208;27;10;2022;21:10;5;59;59350;2;3;1;3;BERGUES RUE DE;50,6350400000;3,0299600000
202200045254;30;3;2022;06:45;1;974;97407;2;1;1;3;14 JUILLET 1789(AVENUE DU); -20,9324800000;55,2944700000
202200045256;9;4;2022;20:25;5;30;30243;2;1;1;6;ANDUZE (AVE);44,0996000000;4,0846900000
202200045262;27;10;2022;12:30;1;27;27681;2;1;1;6;VIEUX CHATEAU (RUE DU);49,0942900000;1,4819200000
202200045265;27;10;2022;17:25;1;26;26362;2;6;1;3;PAPIN RUE DENIS (304);44,9223300000;4,8908100000
202200045266;31;3;2022;18:10;1;69;69383;2;2;1;3;Rue Julien;45,7521700000;4,8867300000
202200045268;31;3;2022;09:40;1;69;69386;2;2;1;3;Rue Cuvier;45,7670700000;4,8476500000
202200045285;11;5;2022;09:25;1;94;94011;2;1;1;3;Avenue Jean Rostand;48,7680353496;2,4868454932
202200045288;11;5;2022;07:40;2;94;94028;2;1;1;3;Rue du Cap;48,8022100000;2,4655300000
202200045306;27;10;2022;16:20;1;75;75114;2;3;1;6;AVENUE DENFERT ROCHEREAU;48,8376680000;2,3355890000
202200045307;31;3;2022;11:45;1;59;59426;2;9;8;3;PETIT MENIN (RUE DU);50,7435200000;3,1448400000
202200045329;12;5;2022;13:50;1;92;92022;2;1;1;3;SALENGRO (AVENUE ROGER);48,8140500000;2,1926400000
202200045330;30;3;2022;17:50;1;49;49007;2;1;1;2;NID DE  PIE;47,4714800000; -0,6020400000
202200045331;12;5;2022;09:25;1;92;92062;2;9;1;3;DE DION BOUTON (QUAI) DU 29 AU 65;48,8809400000;2,2453680000
202200045332;27;10;2022;08:50;1;75;75109;2;3;1;6;BOULEVARD DE CLICHY;48,8846710000;2,3294110000
202200045337;25;10;2022;14:05;1;75;75112;2;2;1;3;BOULEVARD PONIATOWSKI;48,8333440000;2,4022730000
202200045342;11;5;2022;19:50;1;92;92025;2;2;1;1;MARCEAU (BD);48,9302689663;2,2616859823
202200045349;26;10;2022;08:10;1;75;75104;2;2;1;3;RUE DES ARCHIVES;48,8593630000;2,3561420000
202200045354;12;5;2022;14:20;1;92;92002;2;1;1;2;ARMAND GUILLEBAUD (AVENUE);48,7452367100;2,3151646703
202200045356;12;5;2022;09:40;1;92;92002;2;1;1;3;DIVISION LECLERC (1 A 29 -2 A 34);48,7519844440;2,3045203239
202200045363;26;10;2022;21:00;5;93;93048;2;2;1;3;Rue Francois Arago / Rue du Colonel Delorme;48,8541400000;2,4277100000
202200045365;26;10;2022;05:58;5;93;93006;2;1;1;3;Avenue Raspail;48,8745018910;2,4315522078
202200045371;12;5;2022;15:15;1;59;59601;2;1;1;3;Chemin Vert;50,0590815108;4,0925882847
202200045392;11;5;2022;14:35;1;987;98734;1;1;1;2;PK 30+400; -17,7233790000; -149,5057300000
202200045401;11;5;2022;17:00;1;83;83107;2;1;1;3;Corniche des Issambres, RD559;43,3422186339;6,6974115372
202200045403;13;5;2022;15:50;1;06;06065;2;1;1;7;Route de Cagnes;43,7201560000;7,1483660000
202200045462;10;5;2022;18:25;1;67;67482;2;3;1;3;RACINE (AVENUE);48,5989000000;7,6948000000
202200045465;7;5;2022;17:45;1;67;67482;2;1;1;3;BOSTON (RUE DE);48,5764500000;7,7712800000
202200045466;10;5;2022;21:58;5;66;66136;2;6;1;3;FRANCE LIBRE (BOULEVARD DE LA);42,7054400000;2,9018700000
202200045467;10;5;2022;08:55;1;66;66136;2;2;1;3;JOFFRE (AVENUE DU MARECHAL CD 88);42,7043900000;2,8926900000
202200045468;11;5;2022;08:10;1;64;64024;2;2;1;3;Avenue Eugène Bernain;43,4840400000; -1,5114000000
202200045479;11;5;2022;14:30;1;54;54395;2;1;1;3;MEZIERES (RUE ALFRED);48,7011708455;6,1701563001
202200045480;11;5;2022;13:45;1;54;54395;2;2;7;3;GUERRIER DE DUMAST (RUE);48,6925922309;6,1771260202
202200045481;11;5;2022;12:30;1;54;54395;2;1;1;3;JACOB (RUE DU CHANOINE);48,6997000000;6,1708000000
202200045492;28;4;2022;21:52;5;33;33063;2;1;1;2;Avenue Emile Counord;44,8634000000; -0,5754500000
202200045494;11;5;2022;08:20;1;33;33063;2;1;1;3;Quai des Salinières;44,8357200000; -0,5640100000
202200045504;11;5;2022;09:20;1;14;14118;2;2;1;3;D401;49,2027710000; -0,3911790000
202200045509;11;5;2022;13:20;1;06;06104;2;1;1;6;MONLEON (AVENUE SYLVIO DE);43,7562030000;7,4801160000
202200045521;11;5;2022;13:30;1;75;75120;2;2;1;3;AVENUE DE LA PORTE DE MONTREUIL;48,8534838761;2,4107976258
202200045541;3;1;2022;11:45;1;33;33063;2;2;1;3;Cours Pasteur;44,8350600000; -0,5749800000
202200045565;11;1;2022;08:17;2;75;75119;2;2;1;3;AVENUE DE FLANDRE;48,8944260000;2,3814870000
202200045654;10;1;2022;09:40;1;67;67482;2;1;1;3;THUMENAU (RUE DE LA);48,5718699166;7,7536386251
202200045678;10;1;2022;13:30;1;35;35051;2;6;2;3;PEUPLIERS (AVENUE DES);48,1126478302; -1,6079393774
202200045679;10;1;2022;13:55;1;27;27229;2;4;8;3;SEMARD (RUE PIERRE);49,0177500000;1,1580200000
202200045694;10;1;2022;13:26;1;75;75113;2;1;1;3;RUE PASCAL;48,8366060000;2,3487730000
202200045695;10;1;2022;08:55;1;75;75110;2;1;8;1;BOULEVARD DE STRASBOURG;48,8736620000;2,3566990000
202200045696;8;1;2022;23:40;5;75;75107;2;2;1;7;RUE DE L UNIVERSITE;48,8611220000;2,3055060000
202200045716;23;9;2022;16:45;1;69;69266;2;1;1;3;Place Jules Grandclément;45,7590000000;4,8889300000
202200045718;22;9;2022;17:50;1;67;67482;2;1;1;3;GARE (PLACE DE LA);48,5864000000;7,7432700000
202200045730;22;9;2022;15:15;1;54;54357;2;1;1;2;REPUBLIQUE (RUE DE LA);48,7132635441;6,1581292748
202200045733;22;9;2022;20:15;2;51;51454;2;1;1;7;rue Chanzy;49,2509775296;4,0349569917
202200045735;23;9;2022;19:50;2;49;49007;2;2;1;3;BAUDRIERE;47,4725500000; -0,5574900000
202200045737;22;9;2022;16:27;1;49;49007;2;2;1;3;PASTEUR;47,4720500000; -0,5409300000
202200045738;23;9;2022;17:45;1;44;44109;2;6;8;3;9 Boulevard Alexandre Millerand;47,2081520000; -1,5302920000
202200045739;23;9;2022;15:35;1;44;44109;2;1;1;3;Place Victor Mangin;47,2009150000; -1,5443990000
202200045745;23;9;2022;10:05;1;33;33063;2;9;1;3;Pont de pierre;44,8399200000; -0,5604300000
202200045747;23;9;2022;00:05;5;33;33063;2;2;1;2;Cours Balguerie Stuttenberg;44,8616321753; -0,5621990561
202200045753;22;9;2022;07:56;2;26;26058;2;3;7;3;DE STAEL RUE MADAME;44,9559100000;4,9186300000
202200045762;23;9;2022;18:15;1;10;10387;2;2;1;3;PAIX (RUE DE LA);48,3066200000;4,0648800000
202200045773;22;9;2022;16:27;1;75;75103;2;1;1;1;RUE DE BRETAGNE;48,8641510000;2,3604550000
202200045774;21;9;2022;10:17;1;75;75113;2;1;1;3;QUAI PANHARD ET LEVASSOR;48,8308880000;2,3814550000
202200045776;23;9;2022;12:00;1;75;75119;2;2;1;3;AVENUE SIMON BOLIVAR;48,8763620000;2,3797040000
202200045786;22;9;2022;10:29;1;94;94077;2;1;1;3;Avenue le Foll;48,7305000000;2,4266800000
202200045790;23;9;2022;14:00;1;93;93062;2;2;1;3;Allée de l'Eglise / Allée des Espaliers;48,9035600000;2,5235000000
202200045799;23;9;2022;17:30;1;92;92004;2;1;1;3;VOLTAIRE ( BD );48,9141349805;2,2948663831
202200045801;23;9;2022;08:20;1;92;92004;2;1;1;7;PAUL BERT;48,9097319548;2,2740527093
202200045809;24;9;2022;09:30;2;56;56101;1;9;7;5;D724;47,8707190000; -3,0656680000
202200045813;23;9;2022;10:48;1;61;61462;1;6;1;3;D924;48,7258230000; -0,0486560000
202200045823;15;9;2022;19:30;1;31;31202;2;6;1;3;Route de toulouse;43,8220190000;1,3973240000
202200045825;2;12;2022;17:40;5;93;93032;2;1;2;5;Rue du Gènéral Leclerc;48,8876000000;2,5364400000
202200045849;2;12;2022;06:05;5;92;92044;2;2;1;3;PDT WILSON(RUE)51A75 ET 54A74;48,8929597091;2,2895797491
202200045858;1;3;2022;16:00;1;84;84064;1;3;1;2;Route Nationale 7;44,2908720000;4,6925280000
202200045862;2;12;2022;17:25;5;92;92026;2;1;2;6;HÉROLD ( RUE );48,8969500000;2,2560600000
202200045864;14;4;2022;18:00;1;49;49007;2;1;1;2;CHENE BELOT CHEMIN;47,4946700000; -0,5555300000
202200045869;13;4;2022;08:42;1;49;49007;2;1;1;7;PRUNIERS;47,4709600000; -0,5872400000
202200045930;22;9;2022;16:05;1;974;97407;2;9;1;3;ROND POINT ROSE DES VENTS; -20,9400100000;55,3077400000
202200045938;4;7;2022;14:35;1;974;97411;2;1;1;2;BRASSENS (AVENUE GEORGES); -20,9013500000;55,4800200000
202200045942;10;7;2022;12:30;1;973;97302;2;1;8;1;MONT LUCAS 1 (CITE);4,9260700000; -52,3000100000
202200045944;22;9;2022;09:30;1;69;69386;2;3;1;1;Cours Vitton;45,7692900000;4,8504100000
202200045972;20;9;2022;17:20;1;85;85194;2;1;1;3;3 Rue mahatma gandhi;46,5116813000; -1,7623588400
202200045997;20;9;2022;08:10;1;72;72181;2;9;1;3;BOLLEE (AV) N° PAIRS 64 A 146;47,9994600000;0,2128600000
202200046012;22;9;2022;18:30;1;64;64445;2;2;1;3;EDOUARD VII;43,2982400000; -0,3583600000
202200046016;3;12;2022;17:10;5;91;91243;2;1;1;3;Rue de la Vallée Violette;48,6225240000;2,1594790000
202200046028;22;9;2022;08:50;1;59;59350;2;2;1;3;FAIDHERBE RUE;50,6368725568;3,0674090981
202200046073;10;7;2022;18:10;1;95;95428;2;1;1;2;Avenue Charles de Gaulle;48,9810525751;2,3203092813
202200046096;17;8;2022;11:30;1;75;75118;2;2;2;3;AVENUE DE LA PORTE DE LA CHAPELLE;48,8986890000;2,3590110000
202200046100;6;7;2022;11:00;1;91;91201;2;1;1;3;RUE DE CHATILLON;48,6849000000;2,4005000000
202200046119;17;8;2022;12:35;1;92;92012;2;2;8;3;MEUDON (RUE DE) - COTE IMPAIR;48,8255529146;2,2418970465
202200046126;5;7;2022;14:12;1;87;87085;2;1;1;7;LEVEUF (RUE DU PROFESSEUR JEAN);45,8456100000;1,2755200000
202200046148;30;11;2022;15:40;1;54;54578;2;1;1;3;MULLER (AVENUE PAUL);48,6594000000;6,1403600000
202200046155;18;8;2022;14:35;1;80;80136;1;1;1;2;D329;49,9595550000;2,7172870000
202200046157;10;6;2022;08:55;1;69;69388;2;3;1;1;Avenue des Frères Lumière;45,7433600000;4,8742600000
202200046170;1;7;2022;12:25;1;82;82121;1;3;1;3;VIGNARNAUD (ROUTE DE);43,9950800000;1,3590800000
202200046211;21;2;2022;15:45;1;68;68162;2;3;2;3;rue de bennwihr;48,1353990000;7,3056190000
202200046216;10;6;2022;13:00;1;76;76484;2;2;1;1;Avenue du Général de Gaulle;49,3428330000;1,0903600000
202200046237;18;8;2022;10:15;1;68;68089;1;1;2;7;D13 bis 1;47,9194410000;6,9445720000
202200046244;1;12;2022;20:36;5;75;75110;2;2;1;3;BOULEVARD DE LA VILLETTE;48,8720180000;2,3768030000
202200046249;9;6;2022;11:35;1;72;72181;2;1;1;7;PREMARTINE (RUE) N° IMP 43 A 181;48,0087700000;0,2182200000
202200046254;18;8;2022;11:30;1;65;65006;1;1;2;7;D113;42,9051580000;0,3011370000
202200046256;1;12;2022;02:13;5;75;75110;2;5;1;3;BOULEVARD DE MAGENTA;48,8804960000;2,3523040000
202200046269;10;6;2022;07:38;1;66;66136;2;6;1;3;DESNOYE (BOULEVARD DR. JOSEPH);42,7107600000;2,8847100000
202200046271;18;2;2022;12:00;1;31;31424;2;9;1;7;route de Toulouse;43,5687470000;1,3041840000
202200046276;8;6;2022;11:10;1;66;66136;1;1;1;3;D 616;42,7099200000;2,8695100000
202200046298;13;6;2022;11:35;1;74;74010;2;1;1;3;BROGNY (AVENUE DE) (SECTEUR 110);45,9061000000;6,1261300000
202200046310;1;12;2022;09:32;1;92;92022;1;1;1;6;Etoile du Pavé de MEUDON;48,8023990000;2,2038540000
202200046311;5;7;2022;20:30;1;72;72181;2;1;1;3;REMBRANDT (AV);47,9751000000;0,2130200000
202200046312;9;6;2022;19:30;1;61;61169;2;1;1;1;JOSEPH MORIN (RUE);48,7457500000; -0,5525000000
202200046319;6;4;2022;14:30;1;27;27602;2;3;1;1;Allée Léon Bourgeois;49,0128900000;1,0904520000
202200046322;9;6;2022;17:00;1;59;59574;2;3;1;3;DEVEMY PHILIPPE(RUE);50,3660782844;3,2729639858
202200046355;19;2;2022;16:00;1;78;78548;1;9;1;3;La Haute Beauce;48,7111550000;1,9903650000
202200046357;11;6;2022;02:26;5;49;49007;2;2;1;3;PLANTAGENET;47,4731700000; -0,5552400000
202200046367;1;12;2022;18:25;3;86;86226;1;1;1;4;RD 951;46,5588440000;0,4867480000
202200046371;1;12;2022;17:40;2;56;56052;2;6;1;3;23 Rue du Loch;47,5182912000; -2,5686782000
202200046372;10;6;2022;09:25;1;44;44184;2;1;2;6;188 Rue de Pornichet;47,2646100000; -2,2271500000
202200046381;18;2;2022;22:00;3;35;35218;1;4;1;6;"""la Variais""";47,9377640000; -1,5887980000
202200046395;6;7;2022;19:15;1;67;67482;2;3;1;3;ALPES (QUAI DES);48,5743100000;7,7711800000
202200046398;10;6;2022;08:45;1;37;37261;2;3;1;3;CHURCHILL (BOULEVARD WINSTON);47,3733699829;0,6912079453
202200046403;10;6;2022;16:40;1;35;35238;2;2;1;3;NANTES (DE);48,1018400000; -1,6841300000
202200046420;9;6;2022;14:50;1;33;33550;2;3;1;3;Rue Raymond Poincaré;44,7674100000; -0,5706600000
202200046437;19;2;2022;06:00;2;974;97411;2;9;1;6;RIVIERE DES PLUIES (ROUTE DE LA); -20,9022900000;55,5031000000
202200046463;18;2;2022;19:30;5;69;69389;2;1;6;1;Pont Georges Clémenceau;45,7748568141;4,8093511322
202200046488;10;6;2022;08:30;1;10;10387;2;6;1;3;MAJOR GENERAL VANIER (AVENUE);48,3084700000;4,0685790000
202200046495;2;12;2022;07:45;2;26;26179;2;6;2;3;Départementale 532;45,0703000000;4,8647550000
202200046497;14;8;2022;20:42;1;34;34032;2;1;1;7;Avenue Colonel d'Ornano;43,3388300000;3,2099300000
202200046503;1;12;2022;18:00;3;33;33177;1;1;1;2;43 Route de Soulac;45,3359930000; -0,9765440000
202200046516;18;2;2022;17:30;1;72;72181;2;1;1;3;JAURES JEAN (AV) N° IMP 1 A 25;47,9929400000;0,2045800000
202200046527;15;8;2022;15:55;1;07;07340;1;1;1;2;ROUTE DE L'ESCRINET;44,7289700000;4,5632000000
202200046538;10;6;2022;18:50;1;75;75118;2;4;1;6;BOULEVARD DE CLICHY;48,8834210000;2,3343450000
202200046540;19;2;2022;19:25;5;31;31149;2;2;1;3;TOURNEFEUILLE (ROUTE DE);43,5916100000;1,3471200000
202200046543;10;6;2022;13:30;1;75;75116;2;1;1;3;AVENUE DE VERSAILLES;48,8387000000;2,2598890000
202200046545;18;2;2022;17:30;1;30;30007;2;6;1;3;Avenue Maurice Thorez;44,1380300000;4,0803700000
202200046546;10;6;2022;08:45;1;75;75116;2;2;1;3;BOULEVARD FLANDRIN;48,8686010000;2,2741900000
202200046551;16;8;2022;16:50;1;75;75113;2;7;8;3;PLACE D ITALIE;48,8308230000;2,3560630000
202200046553;19;2;2022;16:37;1;17;17306;2;6;1;3;PARIS (DE) (AVENUE);45,6281300000; -1,0525600000
202200046556;16;8;2022;15:00;1;75;75113;2;7;1;3;PLACE NATIONALE;48,8291750000;2,3651470000
202200046557;10;6;2022;18:15;1;75;75111;2;1;1;3;AVENUE PHILIPPE AUGUSTE;48,8543380000;2,3922270000
202200046558;9;6;2022;12:10;1;75;75111;2;1;1;3;RUE DE MONTREUIL;48,8511030000;2,3972430000
202200046560;10;6;2022;18:45;1;75;75110;2;1;1;3;AVENUE CLAUDE VELLEFAUX;48,8768650000;2,3703160000
202200046562;10;6;2022;13:28;1;75;75110;2;5;1;2;RUE DU HUIT MAI 1945;48,8761360000;2,3583660000
202200046569;10;6;2022;08:10;1;94;94037;2;9;1;3;Avenue Raspail;48,8147700000;2,3518600000
202200046580;17;2;2022;19:31;5;75;75104;2;3;1;6;RUE DE RIVOLI;48,8552110000;2,3611540000
202200046581;10;6;2022;17:30;1;93;93050;2;3;1;3;Avenue Jean Jaures / Rue Francois Villon;48,8651370000;2,5583170000
202200046584;10;6;2022;09:00;1;93;93048;2;2;1;7;Place du Général de Gaulle / Rue Jean Lolive;48,8693180000;2,4326940000
202200046595;19;2;2022;09:45;1;75;75116;2;1;1;2;ROUTE DES TRIBUNES;48,8627210000;2,2309420000
202200046604;27;10;2022;19:20;5;92;92026;2;1;1;1;SAINT DENIS BD (120 A 174 / 199 A 315);48,8999690000;2,2685640000
202200046612;17;8;2022;14:45;1;62;62181;2;1;1;1;D12;50,1491550000;2,7207420000
202200046614;31;3;2022;01:10;5;35;35238;2;1;1;6;Quai de la Prévalaye;48,1084700000; -1,6885300000
202200046621;18;2;2022;15:25;1;75;75115;2;2;1;5;RUE DE VAUGIRARD;48,8379280000;2,2977430000
202200046624;19;2;2022;13:24;1;75;75114;2;1;1;2;RUE DU DEPART;48,8415040000;2,3220610000
202200046626;30;3;2022;15:55;1;33;33063;2;1;1;3;Boulevard Georges Pompidou;44,8326000000; -0,6021000000
202200046630;19;2;2022;13:15;1;75;75113;2;1;1;2;AVENUE DE CHOISY;48,8269020000;2,3593720000
202200046634;17;8;2022;11:00;1;65;65267;1;1;1;7;Camin de Catibére;42,9903580000; -0,0971500000
202200046643;26;3;2022;11:30;1;30;30189;1;3;1;3;Route de Saint-Gilles;43,8027000000;4,3739000000
202200046650;19;2;2022;10:30;1;75;75111;2;3;1;3;BOULEVARD DE MENILMONTANT;48,8598220000;2,3887650000
202200046656;19;2;2022;16:50;1;75;75108;2;1;1;3;AVENUE DES CHAMPS ELYSEES;48,8712240000;2,3030670000
202200046657;10;6;2022;01:40;5;92;92025;2;3;1;3;VALMY (BD DE);48,9260832666;2,2530077621
202200046663;10;8;2022;13:10;1;06;06079;1;1;1;7;Rue Capitaine de Corvette Marche;43,5177930000;6,9366220000
202200046664;28;10;2022;09:50;1;76;76243;1;1;1;3;Rue des Prairies;49,5321720000;1,3613820000
202200046666;19;2;2022;15:17;1;75;75104;2;1;1;6;BOULEVARD DU PALAIS;48,8548070000;2,3453780000
202200046696;14;8;2022;10:10;1;17;17203;1;1;1;3;D112;46,0622290000; -0,8484150000
202200046711;31;3;2022;17:15;1;75;75120;2;3;8;3;RUE D AVRON;48,8533390000;2,4096930000
202200046718;30;3;2022;22:45;5;75;75120;2;7;2;3;PLACE DU MAQUIS DU VERCORS;48,8775824382;2,4082905935
202200046728;19;2;2022;09:55;1;51;51536;2;1;1;2;Rue du Canada;49,1966180000;4,1344590000
202200046729;9;6;2022;13:00;1;51;51399;1;1;1;3;D982;49,1322695462;4,8341506720
202200046742;31;3;2022;07:40;2;75;75119;2;7;1;3;AVENUE JEAN JAURES;48,8894780481;2,3958169362
202200046758;30;3;2022;09:20;1;75;75118;2;3;2;3;BOULEVARD NEY;48,8986978038;2,3683680293
202200046776;11;6;2022;11:45;1;29;29020;2;6;1;3;Rue Michel de Cornouaille;48,1015170000; -4,0055730000
202200046782;30;3;2022;18:15;1;75;75114;2;1;1;3;RUE GUILLEMINOT;48,8358250000;2,3181350000
202200046784;19;2;2022;14:50;1;31;31182;2;4;1;2;Avenue des Sports;43,6851100000;1,4025570000
202200046807;31;3;2022;04:00;5;75;75103;2;7;1;1;PLACE DE LA REPUBLIQUE;48,8665273823;2,3648077497
202200046811;27;3;2022;18:20;1;94;94068;2;1;1;6;Promenade des Anglais;48,7904700000;2,5207000000
202200046828;26;10;2022;18:30;2;60;60255;1;1;7;2;RD 39;49,6675580000;2,9955340000