Num_Acc;jour;mois;an;hrmn;lum;dep;com;agg;int;atm;col;adr;lat;long
202200046837;11;6;2022;10:35;1;04;04160;1;1;1;5;RD 907;43,8588770000;5,6842340000
202200046848;27;10;2022;15:50;1;59;59026;1;1;1;7;D140a;50,2677860000;3,1713100000
202200046867;10;6;2022;15:20;1;91;91135;1;1;1;3;D153;48,5218170000;2,4365190000
202200046898;26;10;2022;09:44;1;75;75113;2;4;1;6;RUE BOBILLOT;48,8300980000;2,3543440000
202200046901;26;10;2022;01:00;5;75;75110;2;5;2;3;BOULEVARD DE MAGENTA;48,8785370000;2,3540460000
202200046911;25;10;2022;17:00;1;972;97209;2;3;1;1;ROUTOUTOU (RUE DU);14,5991620000; -61,0534660000
202200046916;3;8;2022;08:00;1;85;85194;2;6;7;3;RD949;46,5053400000; -1,7899700000
202200046931;11;6;2022;10:00;1;81;81105;2;1;1;3;Boulevard Georges Ravari;43,7715390000;1,9841690000
202200046933;31;3;2022;15:45;1;30;30047;2;1;1;1;chemin de mas de coulon;43,7981000000;4,4294000000
202200046946;11;6;2022;19:00;1;59;59015;2;1;1;1;Chemin des Biselles;50,2737946645;3,1032299995
202200046975;1;4;2022;07:00;2;89;89414;1;1;4;2;D939;48,2851760000;3,3763730000
202200046978;26;10;2022;19:25;5;91;91377;2;3;1;3;AV DU PRESIDENT J F KENNEDY;48,7382200000;2,3001400000
202200046986;7;10;2022;18:30;1;84;84007;2;3;1;1;PAMARD (Rue Paul);43,9291000000;4,8181000000
202200047026;25;10;2022;16:10;1;67;67447;2;1;1;1;KELLERMANN (RUE);48,6093000000;7,7327200000
202200047031;25;10;2022;15:55;2;67;67482;2;8;1;3;RHIN (AVENUE DU);48,5726100000;7,7929500000
202200047039;25;10;2022;17:40;1;64;64348;2;1;1;3;Avenue Jean Mermoz;43,3213000000; -0,3791300000
202200047042;26;10;2022;05:55;5;61;61001;2;6;1;3;GENERAL DE GAULLE (PLACE DU);48,4344000000;0,0936700000
202200047043;15;3;2022;20:30;5;67;67471;2;3;1;3;Route de Bischwiller;48,6337200000;7,7540790000
202200047046;25;10;2022;16:08;1;59;59350;2;7;1;2;LIBERTE BVD N°147 A FIN-96 A FIN;50,6317900000;3,0615400000
202200047052;21;10;2022;17:45;1;59;59017;2;1;1;6;DUNKERQUE (RUE DE);50,6898100000;2,8790500000
202200047064;27;2;2022;10:45;1;77;77510;2;3;1;3;D21 / D88;48,8156560000;2,7927750000
202200047073;17;2;2022;14:45;1;85;85194;2;6;2;3;NICOT (RUE JEAN);46,4992760000; -1,7841670000
202200047079;25;10;2022;09:30;1;42;42187;2;6;1;3;Boulevard Maréchal Joffre;46,0533934364;4,0731779337
202200047091;11;5;2022;10:15;1;75;75117;2;1;1;3;BOULEVARD PEREIRE;48,8812444540;2,2907365859
202200047095;26;10;2022;08:35;2;29;29232;1;6;2;2;338 Route de Rosporden;47,9816900000; -4,0348800000
202200047101;26;10;2022;15:50;1;26;26058;2;2;1;3;MOULIN D'ALBON RUE DU;44,9517300000;4,9029200000
202200047106;26;10;2022;17:50;1;18;18279;2;3;1;3;Avenue de Chaillot;47,1988400000;2,0862900000
202200047107;11;5;2022;20:30;2;75;75115;2;2;1;3;RUE CAMBRONNE;48,8404070000;2,3042720000
202200047110;11;5;2022;07:45;1;75;75113;2;3;1;3;BOULEVARD MASSENA;48,8234020000;2,3750210000
202200047114;10;5;2022;19:20;1;75;75112;2;1;1;3;BOULEVARD DE BERCY;48,8395240000;2,3848170000
202200047117;11;5;2022;04:45;5;75;75111;2;1;1;6;AVENUE PHILIPPE AUGUSTE;48,8571770000;2,3904560000
202200047119;26;10;2022;08:05;1;07;07316;1;1;1;6;LONES (PONT DES);44,9096900000;4,8645000000
202200047128;10;5;2022;20:50;2;75;75107;2;2;1;6;BOULEVARD DE LA TOUR MAUBOURG;48,8599370000;2,3101750000
202200047132;10;5;2022;12:15;1;75;75102;2;2;1;3;AVENUE DE L OPERA;48,8687042253;2,3331435926
202200047135;11;5;2022;13:40;1;94;94081;2;1;1;3;14 Avenue Maximilien de Robespierre;48,7910000000;2,3880000000
202200047148;25;10;2022;13:30;1;75;75114;2;1;1;2;RUE D ALESIA;48,8276470000;2,3337300000
202200047157;26;10;2022;09:40;1;75;75111;2;2;1;3;RUE LEON FROT;48,8551130000;2,3871360000
202200047179;26;10;2022;09:10;1;92;92040;2;1;1;6;MICHELET;48,8276680000;2,2823600000
202200047195;26;10;2022;16:15;1;12;12300;1;3;1;7;Route Basse de Farrou;44,3781760000;2,0421750000
202200047197;11;5;2022;16:40;1;92;92050;2;2;1;3;BARBET RAYMOND RUE;48,8938826106;2,2019892633
202200047198;27;10;2022;17:20;1;01;01004;2;3;1;1;Chemin de l Aviation;45,9662790000;5,3479390000
202200047202;26;10;2022;17:30;1;49;49110;1;1;1;2;Route départementale 323;47,5502170000; -0,3887490000
202200047209;30;3;2022;06:20;5;67;67482;2;3;2;3;NEUHOF (ROUTE);48,5461900000;7,7655000000
202200047214;11;5;2022;11:20;1;92;92040;2;1;1;7;EGLISE (PLACE DE L');48,8229741000;2,2764398754
202200047237;27;10;2022;10:30;1;22;22340;1;1;1;7;37 Ker An Gwez;48,6902950000; -3,4008590000
202200047239;10;5;2022;11:50;1;59;59067;2;1;1;2;Porte de Cassel (Porte de la ville);50,9655265058;2,4321681261
202200047253;26;10;2022;18:00;2;03;03254;2;4;1;3;Rue de Souitte;46,3003680000;3,2728210000
202200047258;30;3;2022;20:25;5;41;41018;2;2;1;3;MAUNOURY (AVENUE DE MARECHAL);47,6022300000;1,3485500000
202200047268;30;3;2022;11:40;1;35;35238;2;1;8;6;Avenue du Canada;48,0892086362; -1,6823378205
202200047273;11;5;2022;16:50;1;11;11021;2;1;1;6;Place Joachim Estrade;42,8042330000;2,2348690000
202200047292;11;5;2022;18:50;1;31;31286;2;2;1;3;ROUT DE SAINT JULIEN;43,2554150000;1,1196630000
202200047294;11;5;2022;14:20;1;38;38022;2;6;1;2;Route des Sources;45,6255860000;5,5391910000
202200047302;30;3;2022;08:35;1;75;75117;2;1;2;7;RUE LEMERCIER;48,8887520000;2,3199790000
202200047305;29;3;2022;13:30;1;75;75116;2;7;2;3;PLACE DE VARSOVIE;48,8603757545;2,2912305205
202200047306;11;5;2022;16:10;1;30;30004;1;1;1;3;;43,7079810000;4,1939850000
202200047307;24;2;2022;21:40;5;75;75116;2;3;1;3;ROUTE DE LA PTE DES SABLONS A LA PTE MAI;48,8749280000;2,2710990000
202200047309;30;3;2022;21:20;5;75;75115;2;1;1;6;BOULEVARD VICTOR;48,8340650000;2,2845020000
202200047311;26;2;2022;16:20;1;75;75107;2;1;1;3;QUAI VOLTAIRE;48,8588240000;2,3314980000
202200047321;30;3;2022;02:40;5;75;75108;2;2;1;3;RUE DES MATHURINS;48,8731368492;2,3267415433
202200047325;30;3;2022;14:45;1;75;75103;2;7;8;6;PLACE DE LA REPUBLIQUE;48,8673818953;2,3633198561
202200047335;12;5;2022;13:28;1;59;59258;2;1;1;3;1441 Route de Cobrieux;50,5419320000;3,2222840000
202200047368;9;5;2022;16:42;1;87;87085;2;1;1;3;VANTEAUX (BOULEVARD DE);45,8203600000;1,2375700000
202200047372;10;5;2022;17:35;1;78;78551;2;1;1;3;LORRAINE (DE);48,8993840000;2,0920860000
202200047393;7;5;2022;19:15;1;63;63198;1;1;1;3;RD 227;45,9250000000;3,0395000000
202200047408;9;5;2022;09:06;1;49;49007;2;1;1;3;BRISSAC;47,4617207737; -0,5481469631
202200047416;10;5;2022;20:00;1;35;35238;2;2;1;3;DE LESSEPS (FERDINAND);48,1004536911; -1,7068595812
202200047418;10;5;2022;14:00;1;35;35238;2;1;1;2;MALRAUX (AVENUE ANDRE);48,1331328815; -1,7033314705
202200047431;10;5;2022;08:20;1;26;26058;2;6;1;3;DE BROGLIE RUE LOUIS;44,9658700000;4,8839800000
202200047442;10;1;2022;07:50;2;2B;2B096;2;9;9;3;21 Avenue Jean Nicoli;42,3061250000;9,1555230000
202200047447;11;1;2022;15:15;1;03;03010;1;1;1;3;Les Franchises des Barrier;46,4446290000;2,5137450000
202200047464;9;1;2022;11:59;1;59;59411;2;6;9;3;Rue Saint Jean;50,4794930000;3,1045820000
202200047505;9;1;2022;20:10;5;75;75113;2;3;1;3;RUE JEANNE D ARC;48,8323930000;2,3649070000
202200047506;9;1;2022;18:45;5;75;75111;2;5;1;6;RUE DU CHEMIN VERT;48,8628330000;2,3871060000
202200047519;4;1;2022;17:30;3;68;68300;1;4;2;3;D55;47,7950030000;7,3811740000
202200047525;9;1;2022;18:10;3;33;33123;1;1;2;2;Avenue Charles de Gaulle;45,0872690000; -0,4082140000
202200047533;9;1;2022;15:00;1;45;45061;2;1;4;1;2 Rue des Vallees;48,0489560000;2,7430060000
202200047593;8;1;2022;17:10;2;35;35115;2;6;2;3;Boulevard de Groslay;48,3526100000; -1,1859700000
202200047612;8;1;2022;12:14;1;75;75114;2;1;2;2;RUE DU COMMANDANT RENE MOUCHOTTE;48,8387550000;2,3201570000
202200047618;7;1;2022;23:00;5;94;94068;2;1;2;3;Avenue Foch;48,8003600000;2,4966200000
202200047640;22;9;2022;19:05;2;33;33063;2;2;7;3;Rue Stehelin;44,8559300000; -0,6267400000
202200047642;22;9;2022;09:00;1;33;33318;2;6;1;3;Rue Robert Escarpit;44,8048100000; -0,6104800000
202200047643;22;9;2022;09:12;1;33;33063;2;2;7;3;Quai Sainte-Croix;44,8316100000; -0,5588000000
202200047654;21;9;2022;17:25;1;26;26362;2;6;1;3;MONTELEGER ROUTE DE;44,8960000000;4,9160000000
202200047656;21;9;2022;18:33;1;17;17291;2;1;1;3;ONZE NOVEMBRE   RUE DU;46,1749500000; -1,1148500000
202200047671;22;9;2022;19:50;2;75;75119;2;1;1;3;BOULEVARD DE LA VILLETTE;48,8799040000;2,3704230000
202200047674;22;9;2022;08:50;1;75;75117;2;4;1;7;RUE GEORGES BERGER;48,8804990000;2,3094580000
202200047681;22;9;2022;18:05;1;75;75101;2;2;1;3;RUE DU LOUVRE;48,8616940000;2,3412260000
202200047728;22;9;2022;15:40;1;92;92023;2;1;1;1;PORTE DE TRIVAUX (RUE DE) N°57 A 197 ET;48,7892000000;2,2516300000
202200047736;30;11;2022;10:30;1;75;75112;2;1;1;6;AVENUE DAUMESNIL;48,8376710000;2,4008090000
202200047744;30;11;2022;19:10;5;75;75104;2;3;1;3;BOULEVARD HENRI IV;48,8520840000;2,3654080000
202200047745;19;9;2022;12:21;1;12;12131;1;1;1;1;Rue des Touroulis;44,3852633402;2,6376199723
202200047747;29;11;2022;18:15;5;75;75101;2;2;1;7;RUE DES CAPUCINES;48,8683560000;2,3303040000
202200047750;20;6;2022;13:25;1;59;59636;2;6;1;3;Abbé Pierre, rue;50,6887900000;3,0650800000
202200047754;9;7;2022;08:15;1;59;59457;2;1;1;3;AGACHE EDOUARD RUE;50,6659200000;2,9699100000
202200047775;30;11;2022;13:20;1;92;92075;2;1;8;3;JEAN BLEUZEN (RUE);48,8230240000;2,2957860000
202200047779;22;9;2022;12:20;1;46;46128;1;1;1;5;route de combescure;44,7810510000;1,7322080000
202200047788;30;11;2022;17:48;5;92;92048;2;1;1;3;rue du PETIT CLAMART;48,7821822852;2,2262804210
202200047796;30;11;2022;19:20;5;92;92019;2;1;1;3;MONNET JEAN (AVENUE DU);48,7708706361;2,2851642966
202200047797;8;7;2022;01:45;5;54;54395;2;5;1;3;FOLLER (RUE);48,6869300000;6,1950200000
202200047809;10;7;2022;08:25;1;54;54099;1;1;7;2;146D (RD);49,2738500000;5,9103000000
202200047855;30;11;2022;13:50;1;29;29030;2;1;1;2;D10;48,6622712997; -4,1154718100
202200047857;6;7;2022;15:05;1;50;50129;2;1;1;3;;49,6482600000; -1,6436100000
202200047873;5;7;2022;12:11;1;49;49007;2;1;1;7;EPINARD CHEMIN;47,4980700000; -0,5565000000
202200047874;23;9;2022;08:20;1;13;13097;2;9;1;3;Route Departementale 24;43,6302980000;4,8063580000
202200047875;18;2;2022;06:30;2;67;67204;1;1;1;2;FONTAINE (RUE DE LA);48,6237400000;7,7528400000
202200047880;9;6;2022;17:45;1;2B;2B033;2;1;1;3;MIOT - RUE;42,7000000000;9,4500000000
202200047891;21;9;2022;18:20;1;01;01262;2;6;7;3;Place de la Gare;45,8480650000;5,0577620000
202200047903;7;7;2022;15:15;1;45;45234;2;1;1;3;Pont du Maréchal Joffre;47,8948426355;1,8956351280
202200047929;15;8;2022;10:20;1;75;75113;2;2;1;3;BOULEVARD DU GENERAL JEAN SIMON;48,8256650000;2,3820670000
202200047940;15;8;2022;11:55;1;75;75110;2;2;1;2;BOULEVARD DE LA VILLETTE;48,8736390000;2,3750160000
202200047942;30;11;2022;07:30;2;35;35210;1;6;1;3;D288;48,1367990000; -1,7718890000
202200047952;14;8;2022;23:30;5;94;94077;2;6;2;2;REPUBLIQUE (VLA DE LA);48,7310590000;2,4184150000
202200047964;6;5;2022;07:35;1;82;82033;1;1;1;1;PONTINAUT (ROUTE DU);44,0416710000;1,1291400000
202200047971;6;7;2022;17:10;2;38;38185;2;1;1;3;RUE ANDRÉ MAGINOT;45,1819700000;5,7249100000
202200047981;17;2;2022;20:25;5;33;33039;2;2;1;3;Rue Ferdinand Buisson;44,8041900000; -0,5584700000
202200047985;7;7;2022;10:25;1;37;37261;2;1;1;3;CHAUDRON (RUE DU);47,4067200000;0,7055300000
202200047991;7;7;2022;06:50;1;37;37261;2;6;1;3;AEROPORT (RUE DE L');47,4247200000;0,7120800000
202200047995;5;7;2022;15:00;1;37;37195;2;1;1;6;HAUTES MARCHES (RUE DES);47,3858819554;0,6577366590
202200048003;13;6;2022;10:00;1;37;37214;2;1;1;3;LOIRE (QUAI DE LA);47,3992515357;0,6738406420
202200048005;14;8;2022;11:00;1;17;17094;2;1;1;1;Avenue d Angoulins;46,0879550000; -1,0964980000
202200048007;31;10;2022;15:20;1;88;88270;2;1;1;2;D427;48,3223810000;5,5765810000
202200048027;8;6;2022;16:40;1;69;69264;2;4;8;2;Boulevard Louis Blanc;45,9896424331;4,7216094980
202200048033;8;6;2022;17:00;1;67;67482;2;3;1;3;MARCHE GARE (RUE DU);48,5964800000;7,7387500000
202200048042;7;7;2022;18:15;1;35;35238;2;1;1;3;PREVALAYE (QUAI DE LA);48,1081080000; -1,6897570000
202200048050;15;8;2022;20:00;1;62;62361;2;1;1;3;Rue du Général de Gaulle;50,2758630000;2,2962900000
202200048055;18;2;2022;08:40;1;75;75105;2;1;2;3;RUE BUFFON;48,8421970000;2,3599210000
202200048060;18;2;2022;09:30;1;75;75117;2;2;2;3;RUE POUCHET;48,8962460000;2,3222250000
202200048070;21;9;2022;17:10;1;974;97416;2;3;1;1;PAVE(RUE); -21,3413200000;55,4816100000
202200048085;18;2;2022;09:20;1;75;75115;2;1;1;3;RUE VIOLET;48,8462020000;2,2918450000
202200048087;6;7;2022;18:20;1;33;33063;2;2;1;3;Quai Louis XVIII;44,8482136869; -0,5709242821
202200048088;10;9;2022;01:15;3;973;97302;2;2;1;3;LALLOUETTE(RUE);4,9395783713; -52,3340405524
202200048092;18;2;2022;13:45;1;75;75114;2;2;8;3;RUE D ALESIA;48,8278270000;2,3303420000
202200048094;21;9;2022;18:00;1;69;69388;2;3;1;2;Avenue Jean Mermoz;45,7342300000;4,8763400000
202200048097;18;2;2022;14:20;1;75;75114;2;2;2;6;RUE FROIDEVAUX;48,8375520000;2,3229510000
202200048102;18;2;2022;10:35;1;75;75114;2;2;2;3;AVENUE DE LA PORTE DE MONTROUGE;48,8226523164;2,3226562142
202200048104;8;6;2022;17:00;1;56;56107;2;1;1;1;Quelisoy Côte;47,7278400000; -3,3808700000
202200048107;18;2;2022;10:50;1;75;75112;2;1;2;3;BOULEVARD DIDEROT;48,8470490000;2,3841500000
202200048108;6;7;2022;07:30;1;33;33281;2;1;1;3;Pking Roady;44,8561000000; -0,6543500000
202200048112;17;9;2022;17:00;1;95;95610;2;1;1;1;Rue des Hyettes;49,0838158133;1,8957504630
202200048117;5;7;2022;06:30;1;33;33281;2;4;1;3;A630;44,8438711604; -0,6735523045
202200048119;10;8;2022;18:10;1;38;38106;2;9;1;6;départementale 115;45,0028240000;5,7959640000
202200048122;18;2;2022;09:10;1;75;75110;2;1;1;2;BOULEVARD DE STRASBOURG;48,8701100000;2,3546980000
202200048127;18;2;2022;22:15;5;75;75108;2;3;1;3;BOULEVARD HAUSSMANN;48,8752970000;2,3158010000
202200048128;7;7;2022;15:50;1;33;33529;1;1;1;6;BISCAROSSE (AVE DE) JUSQU'A DUNE;44,5688000000; -1,2269000000
202200048139;17;2;2022;12:30;1;75;75108;2;5;1;3;RUE D AMSTERDAM;48,8778450000;2,3269430000
202200048140;7;7;2022;19:10;1;32;32013;2;1;1;7;BARONNE (RUE DE LA);43,6339800000;0,5822600000
202200048149;18;2;2022;09:30;1;75;75103;2;2;2;3;RUE DE TURBIGO;48,8654500000;2,3560940000
202200048150;21;9;2022;15:40;1;69;69382;2;2;1;3;Rue Grenette;45,7633700000;4,8342300000
202200048160;10;8;2022;07:40;1;45;45093;1;1;7;3;Avenue du Château;48,0244330000;1,8644570000
202200048168;24;4;2022;09:00;1;44;44109;2;6;1;2;13 Boulevard du Tertre;47,2181700000; -1,6038000000
202200048179;9;6;2022;09:40;1;38;38185;2;1;1;3;REY (BOULEVARD E.);45,1923458274;5,7219350338
202200048185;18;6;2022;19:15;2;30;30189;2;1;1;6;Avenue Général Leclerc;43,8275000000;4,3746000000
202200048186;9;6;2022;08:15;1;38;38151;2;5;2;3;AVENUE DES ÉTATS GÉNÉRAUX;45,1576500000;5,7194000000
202200048189;9;6;2022;15:10;1;33;33063;2;1;1;3;Quai des Chartrons;44,8565300000; -0,5616300000
202200048196;28;11;2022;07:34;2;05;05061;2;6;1;3;VEYNES ( ROUTE DE );44,5578650000;6,0687660000
202200048198;9;6;2022;20:04;1;30;30189;2;3;1;3;TALABOT (BOULEVARD);43,8337400000;4,3674300000
202200048218;9;7;2022;17:25;1;29;29051;1;6;1;3;Route de Coray;47,9937946271; -4,0670188665
202200048252;26;10;2022;16:58;1;67;67343;2;9;1;7;8 Rue Marcel Pagnol;48,6032110000;7,7010690000
202200048255;13;8;2022;07:45;2;71;71581;1;2;1;3;RD 130;46,3514380000;4,0141300000
202200048257;21;9;2022;18:00;1;64;64445;2;2;1;3;avenue Edourd VII;43,2982900000; -0,3583700000
202200048260;14;8;2022;18:30;1;52;52269;2;1;1;7;Rue des Auges;47,8575760000;5,3350420000
202200048261;2;4;2022;15:15;1;24;24322;2;2;1;3;JUIN ( AVENUE DU MARECHAL);45,1861800000;0,7040300000
202200048264;8;7;2022;19:35;1;27;27701;1;3;1;3;CHAUSSE DU VEXIN;49,2563300000;1,1893800000
202200048266;10;6;2022;00:10;3;22;22360;1;1;1;2;RD700;48,4897700000; -2,7633300000
202200048273;15;8;2022;01:50;3;17;17051;2;1;1;6;17 Avenue de la Plage;46,1799010000; -1,3943090000
202200048274;21;9;2022;12:30;1;64;64445;2;1;1;1;GRAMONT;43,2966800000; -0,3736000000
202200048282;20;9;2022;20:28;5;63;63113;2;1;1;1;avenue de l'Union Soviétique;45,7774200000;3,0968400000
202200048286;9;6;2022;19:30;1;17;17300;2;1;1;3;BETHENCOURT   RUE DE (55 et 6);46,1724400000; -1,2003900000
202200048288;16;8;2022;10:00;1;50;50492;1;1;1;4;Le Haut de Rouxeville;49,1022420000; -0,9521040000
202200048290;21;10;2022;10:20;1;33;33199;2;1;1;3;route des lacs;44,6239650000; -1,1086530000
202200048305;18;2;2022;15:30;1;11;11018;1;1;1;5;D911;43,1904050718;2,2028874682
202200048307;26;10;2022;17:15;1;66;66041;1;1;1;7;;42,7878570000;2,7868040000
202200048308;27;11;2022;10:30;1;83;83009;2;1;1;6;ONZE NOVEMBRE 1945 (AV DU);43,1362916188;5,7532498240
202200048309;16;8;2022;14:10;1;76;76647;1;3;1;2;D6015;49,5378540000;0,3719260000
202200048314;27;10;2022;07:30;3;34;34058;1;6;1;3;D68;43,6680890000;3,9744330000
202200048323;16;8;2022;10:15;1;60;60668;1;4;1;3;Rue de la Montagne;49,5034470000;2,0601400000
202200048324;8;6;2022;18:45;1;13;13208;2;5;1;3;JULES CANTINI (AVENUE);43,2830700000;5,3890800000
202200048337;28;11;2022;17:50;5;72;72181;2;1;1;3;MONTAIGU (RUE DE);47,9909000000;0,1655500000
202200048338;21;9;2022;18:42;1;51;51454;2;2;1;1;boulevard Henry Vasnier;49,2460600000;4,0468100000
202200048348;21;9;2022;16:50;1;51;51454;2;6;1;3;avenue de Champagne;49,2136100000;4,0156200000
202200048374;20;9;2022;17:21;1;49;49007;2;1;1;3;VOLTAIRE;47,4699700000; -0,5532000000
202200048401;9;6;2022;16:45;1;75;75106;2;2;1;3;BOULEVARD SAINT MICHEL;48,8439490000;2,3389600000
202200048404;25;11;2022;13:21;1;67;67218;2;8;1;3;VINCENT SCOTTO (RUE);48,5280400000;7,7218500000
202200048409;9;6;2022;07:45;1;75;75120;2;2;7;3;AVENUE DE LA PORTE DE MONTREUIL;48,8537810000;2,4107480000
202200048447;9;6;2022;08:50;1;75;75116;2;7;1;3;ALLEE DE LONGCHAMP;48,8766360000;2,2752700000
202200048468;9;6;2022;09:22;1;75;75114;2;7;1;7;PLACE DU VINGT CINQ AOUT 1944;48,8219340000;2,3254700000
202200048469;14;8;2022;09:00;1;59;59043;2;3;7;3;PLICHON (PLACE);50,7384627167;2,7294319868
202200048470;25;10;2022;20:00;4;974;97409;2;9;1;1;D'EAU(CHEMIN); -20,9428400000;55,6475800000
202200048471;28;11;2022;12:00;1;54;54431;2;6;1;2;ETATS-UNIS (AVENUE DES);48,9011900000;6,0648500000
202200048476;25;10;2022;18:00;1;974;97407;2;1;1;6;JACQUES DUCLOS (RUE) - RIVIERE DES GAL  ; -20,9409500000;55,2947400000
202200048477;28;11;2022;16:00;2;54;54547;2;1;2;2;LECLERC (AVENUE DU GENERAL);48,6596600000;6,1598000000
202200048480;8;6;2022;14:30;1;75;75114;2;3;1;3;BOULEVARD JOURDAN;48,8224690000;2,3292250000
202200048507;9;6;2022;17:05;1;75;75112;2;4;1;6;RUE DU FAUBOURG SAINT ANTOINE;48,8533040000;2,3703070000
202200048523;25;10;2022;12:05;1;95;95488;2;3;1;3;Rue de Malassis;49,0191210000;2,1587360000
202200048529;9;6;2022;18:20;1;75;75107;2;1;1;1;QUAI BRANLY;48,8617490000;2,2975620000
202200048541;9;6;2022;21:15;2;75;75103;2;3;1;3;RUE DE TURBIGO;48,8666360000;2,3612990000
202200048550;19;10;2022;13:00;1;83;83129;2;6;1;7;JUIN MARECHAL (AV DU);43,0945484875;5,8470118046
202200048567;14;8;2022;13:48;1;75;75106;2;7;8;6;QUAI DES GRANDS AUGUSTINS;48,8538800000;2,3440270000
202200048573;14;8;2022;19:45;1;75;75119;2;3;3;3;RUE DAVID D ANGERS;48,8826010000;2,3904250000
202200048596;25;10;2022;08:10;1;69;69259;2;3;1;3;Route de Vienne;45,7246847964;4,8540392518
202200048611;9;6;2022;17:35;1;94;94071;2;9;1;6;Rue des Fontaines;48,7715569012;2,5184091926
202200048621;17;2;2022;15:20;1;69;69383;2;2;1;3;Rue Duguesclin;45,7596800000;4,8490800000
202200048626;29;11;2022;08:15;2;33;33063;2;1;2;3;Boulevard Alfred Daney;44,8727174996; -0,5597394705
202200048629;25;10;2022;10:10;1;64;64348;2;6;1;3;PASSEE;43,3220700000; -0,4013500000
202200048635;17;2;2022;13:15;1;69;69388;2;3;1;3;Avenue Berthelot;45,7378900000;4,8648500000
202200048646;13;6;2022;07:58;1;10;10387;2;1;1;6;DANTON (RUE);48,3030368409;4,0771293640
202200048648;14;8;2022;07:09;1;93;93047;2;3;1;6;Avenue Lhomond / Sente du Pin;48,8989600000;2,5860900000
202200048683;30;3;2022;10:55;1;93;93005;2;6;3;3;JULIEN MIRA (RUE);48,9319661713;2,4908250433
202200048688;30;3;2022;20:45;5;92;92064;2;1;1;7;FRANCIS CHAVETON;48,8593730000;2,2102950000
202200048693;9;6;2022;15:30;1;93;93010;2;3;1;3;Avenue Galliéni / Chemin du Pont;48,9070900000;2,4892000000
202200048701;9;6;2022;12:30;1;93;93007;2;3;1;3;Avenue du 8 Mai 1945 / Avenue Descartes;48,9505700000;2,4400700000
202200048703;15;8;2022;10:45;1;47;47131;1;1;1;7;Chemin des Rois;44,5655280000;0,1148750000
202200048713;25;10;2022;14:00;1;47;47001;2;1;1;2;JAURES (AV. JEAN);44,2017100000;0,6319400000
202200048716;29;3;2022;08:50;1;92;92024;2;1;1;2;JEAN JAURES (BD) DE (111 A 159);48,9078000000;2,2999100000
202200048721;25;10;2022;17:35;1;45;45169;2;3;1;3;5 Route de la Chapelle;47,9163700000;1,8301500000
202200048722;7;7;2022;10:47;1;05;05023;2;6;1;3;PETSCHE (AVENUE MAURICE);44,8957600000;6,6327700000
202200048726;30;3;2022;16:28;1;49;49244;2;3;8;3;Rue Jane Addams (la Pommeraye);47,3493130000; -0,8666590000
202200048740;9;6;2022;19:50;1;92;92012;2;2;1;3;REINE (ROUTE DE LA) 82/FIN - 107TER/FIN;48,8400800000;2,2374500000
202200048785;10;6;2022;08:00;1;974;97413;1;1;1;5;cd 12 - Rue Georges Pompidou; -21,1362510000;55,2791850000
202200048792;16;2;2022;19:10;5;49;49007;2;6;1;3;GANDHI;47,4678600000; -0,5207800000
202200048803;13;8;2022;16:45;1;08;08448;2;3;1;6;Rue de la Butterie;49,8846640000;4,8213080000
202200048824;15;2;2022;16:50;1;31;31555;2;1;1;5;AV CAMILLE PUJOL;43,6006220000;1,4645440000
202200048838;17;2;2022;15:55;1;27;27528;2;6;1;3;SABLONS (ROUTE DES);49,2530600000;1,1941500000
202200048852;10;6;2022;08:45;1;79;79109;1;2;1;7;;46,4237480000; -0,4083180000
202200048864;9;6;2022;14:45;1;89;89044;1;1;7;2;D951;47,5262140000;3,7805840000
202200048878;16;2;2022;09:29;1;10;10362;2;1;2;6;GEORGES GUYNEMER (RUE);48,2979200000;4,0534560000
202200048883;17;2;2022;17:10;1;06;06088;2;1;1;3;Promenade des Anglais;43,6949590000;7,2674420000
202200048884;24;10;2022;09:10;1;75;75104;2;3;1;3;RUE DE LA CITE;48,8546480000;2,3477230000
202200048896;24;3;2022;15:00;1;74;74079;2;1;1;7;D12;45,8513980000;6,3286610000
202200048904;17;2;2022;10:15;1;75;75113;2;4;1;6;RUE DE TOLBIAC;48,8261580000;2,3585770000
202200048907;17;2;2022;10:00;1;75;75113;2;1;1;6;QUAI D AUSTERLITZ;48,8406730000;2,3696340000
202200048924;17;2;2022;18:20;5;75;75108;2;3;1;7;AVENUE DES CHAMPS ELYSEES;48,8670910000;2,3160750000