Num_Acc;jour;mois;an;hrmn;lum;dep;com;agg;int;atm;col;adr;lat;long
202200048928;25;10;2022;17:53;1;93;93048;2;2;1;2;Avenue Gabriel Péri / Rue Condorcet;48,8568300000;2,4431500000
202200048945;17;2;2022;10:25;1;75;75104;2;2;1;3;RUE DE LA CITE;48,8535480000;2,3469290000
202200048950;17;2;2022;10:50;1;75;75104;2;2;1;3;RUE DE RIVOLI;48,8578750000;2,3502090000
202200048971;25;10;2022;15:00;1;92;92002;2;1;1;7;ADOLPHE PAJEAUD (RUE);48,7385559517;2,2760697305
202200048981;24;10;2022;11:48;1;06;06161;2;1;1;6;482 Chemin de l Abreuvoir;43,6499840000;7,1307850000
202200048982;29;3;2022;13:30;1;69;69388;2;9;1;3;Rue de Nice;45,7321000000;4,8605500000
202200048990;26;10;2022;11:25;1;59;59624;2;3;1;3;rue curie;50,0366830000;3,3011880000
202200049002;29;3;2022;12:50;1;95;95680;2;1;1;3;RD 370;49,0011670454;2,4077948928
202200049004;27;3;2022;20:27;5;87;87085;2;3;1;3;GAMBETTA (BOULEVARD);45,8285900000;1,2561500000
202200049018;26;10;2022;16:33;1;05;05045;1;1;1;7;Route de Gap;44,5385880000;6,4751740000
202200049019;28;3;2022;19:20;1;76;76552;2;3;1;1;ALBERT DUBOSC;49,5050833758;0,0862517953
202200049043;26;3;2022;12:10;1;56;56121;2;1;1;6;MONISTROL (RUE);47,7375600000; -3,3822700000
202200049049;25;10;2022;17:25;1;57;57261;2;3;1;3;rue du moulin;49,0622640000;7,2112990000
202200049053;25;10;2022;17:30;1;01;01376;1;6;1;2;Porte de la dombes;45,8210010000;4,9897080000
202200049060;26;10;2022;12:08;1;80;80212;2;2;1;3;Rue Léon Curé;49,9115330000;2,5024150000
202200049061;28;3;2022;18:16;1;49;49007;2;3;1;3;LORRAINE PLACE;47,4704000000; -0,5476000000
202200049063;28;3;2022;16:39;1;49;49007;2;2;1;3;Rue des Ponts de Cé;47,4529500000; -0,5387100000
202200049076;24;10;2022;19:55;5;75;75119;2;3;1;6;AVENUE DE FLANDRE;48,8892580000;2,3748290000
202200049080;29;3;2022;08:20;1;33;33318;2;1;1;1;Avenue Roger Chaumet;44,8044900000; -0,6311000000
202200049081;29;3;2022;16:10;1;31;31555;2;6;1;3;AV M BOURGES MAUNOURY;43,6292300000;1,4493200000
202200049095;29;3;2022;20:35;3;13;13117;1;1;1;2;ROUTE NATIONALE 113 - LA GARE;43,4698733692;5,2318020238
202200049102;3;5;2022;13:45;1;06;06029;2;1;1;3;VALLOMBROSA (BOULEBARD);43,5525600000;7,0061500000
202200049115;14;2;2022;13:00;1;02;02691;2;6;1;3;14 Place du 8 Octobre;49,8418500000;3,2948500000
202200049129;29;3;2022;12:02;1;75;75118;2;2;1;3;AVENUE DE SAINT OUEN;48,8955574624;2,3283049464
202200049133;10;5;2022;18:40;1;75;75102;2;2;1;3;RUE D ABOUKIR;48,8691200000;2,3515540000
202200049139;29;3;2022;16:00;1;75;75113;2;3;2;3;BOULEVARD KELLERMANN;48,8190870000;2,3579950000
202200049142;28;3;2022;16:00;1;75;75120;2;3;1;5;RUE DES PYRENEES;48,8708730000;2,3933380000
202200049143;29;3;2022;13:10;1;75;75111;2;1;1;3;RUE DES BOULETS;48,8510019838;2,3900318083
202200049146;29;3;2022;11:35;1;75;75111;2;1;1;3;BOULEVARD VOLTAIRE;48,8538191980;2,3867838085
202200049148;29;3;2022;19:40;2;75;75109;2;2;1;1;RUE SAINT GEORGES;48,8751487996;2,3371455202
202200049149;28;3;2022;18:35;1;75;75101;2;2;1;6;RUE DE RIVOLI;48,8585417041;2,3482351005
202200049151;29;3;2022;15:20;1;75;75102;2;4;1;3;RUE DU LOUVRE;48,8657623647;2,3433246934
202200049153;29;3;2022;02:30;5;75;75104;2;1;1;7;RUE SAINT LOUIS EN L ILE;48,8515763222;2,3572614044
202200049168;10;5;2022;19:20;1;92;92044;2;1;1;3;ANA.FRANCE(RUE)77A139 ET 74A124;48,8957338289;2,2817104161
202200049171;9;5;2022;21:40;5;92;92040;2;2;1;3;JEANNE D'ARC;48,8310600000;2,2788900000
202200049172;29;3;2022;16:20;1;93;93066;2;3;2;1;Rue Jeumont / Rue du Parchemin;48,9125100000;2,3600700000
202200049173;10;5;2022;12:39;1;92;92025;2;1;1;3;CHARLES DE GAULLE (BD);48,9148740000;2,2286900000
202200049184;11;5;2022;07:00;1;06;06161;1;4;1;3;Avenue Saint Andrieu;43,6470250000;7,1364230000
202200049193;10;5;2022;18:10;1;19;19238;1;3;1;3;RD 982;45,6910838987;2,2711336613
202200049196;29;3;2022;10:51;1;92;92075;2;1;1;7;JACQUES JEZEQUEL (AVENUE);48,8194800000;2,2908600000
202200049198;8;5;2022;14:30;1;81;81237;1;1;1;3;D85;43,4783200000;2,1093110000
202200049204;10;5;2022;17:45;1;29;29293;2;3;1;3;Route des Etangs;47,8187880000; -3,8538030000
202200049212;10;5;2022;16:24;1;73;73059;1;1;7;5;D991 Route de Paris;45,7547080000;5,8793110000
202200049264;29;3;2022;15:35;1;61;61344;1;1;1;3;Lieu Dit Pringault;48,6299590000; -0,2389530000
202200049266;9;5;2022;14:00;1;69;69059;2;4;1;2;Route de la Vallée;45,8577552993;4,7120828778
202200049267;27;3;2022;15:30;1;25;25467;1;3;1;3;D108;47,2492540000;5,9389690000
202200049271;27;3;2022;10:15;1;38;38292;2;2;1;3;Route de Virieu;45,4565860000;5,5052500000
202200049276;11;5;2022;08:50;1;85;85211;2;4;1;1;Rue du Petit Logis;46,6116400000; -1,5796870000
202200049300;9;5;2022;19:05;5;974;97411;2;1;1;2;BOIS DE NEFLES (ROUTE DE); -20,9012400000;55,4764500000
202200049306;9;5;2022;08:15;1;69;69383;2;1;1;3;Rue Feuillat;45,7532238713;4,8769962788
202200049322;9;5;2022;10:18;1;78;78551;2;1;1;6;PONTOISE (DE);48,8999780000;2,0935250000
202200049341;9;5;2022;14:00;1;57;57660;2;3;1;3;Rue Nationale;49,1953252022;6,9222905283
202200049343;8;5;2022;19:30;1;56;56098;2;2;1;3;5 Avenue de la Commune de Paris;47,7703300000; -3,3387500000
202200049357;9;5;2022;09:20;1;51;51055;2;3;1;3;rue Léon Faucher;49,2714300000;4,0430600000
202200049370;9;5;2022;19:00;1;35;35238;2;1;1;2;ZOLA (QUAI EMILE);48,1098800000; -1,6765700000
202200049379;3;5;2022;10:00;1;29;29019;2;6;1;3;Place Albert Premier;48,3977500000; -4,4898500000
202200049403;7;1;2022;11:45;1;974;97411;2;9;1;5;GIMART (AVENUE STANISLAS); -20,8918800000;55,4754700000
202200049408;7;1;2022;08:50;1;69;69386;2;2;1;3;Rue Duquesne;45,7723044723;4,8413564265
202200049415;6;1;2022;12:00;1;91;91161;1;9;1;3;RTE DE MASSY;48,7132820000;2,3022440000
202200049428;6;1;2022;13:45;1;67;67482;2;3;1;3;LYON (BOULEVARD DE);48,5750217256;7,7338650000
202200049438;6;1;2022;19:30;5;59;59009;2;5;1;1;OUEST BOULEVARD DE L;50,6464800000;3,1249900000
202200049439;7;1;2022;20:20;3;57;57616;2;1;2;3;TERRES ROUGES (RUE DES );49,1279500000;6,1967700000
202200049442;6;1;2022;17:40;1;49;49007;2;1;1;7;PAUL BERT;47,4658500000; -0,5516600000
202200049443;6;1;2022;08:47;2;45;45004;2;6;8;1;Avenue du Docteur Schweitzer;48,0015550000;2,7711520000
202200049447;7;1;2022;13:10;1;35;35238;2;1;1;3;Rue d’Isly;48,1052079032; -1,6775232553
202200049460;7;1;2022;09:04;1;10;10387;2;9;2;1;CHARMILLES (MAIL DES);48,2966000000;4,0860000000
202200049474;5;1;2022;21:00;5;75;75116;2;7;1;3;PLACE DE LA PORTE DE SAINT CLOUD;48,8384240000;2,2569920000
202200049476;7;1;2022;21:50;5;75;75110;2;7;2;3;BOULEVARD DE LA VILLETTE;48,8826570000;2,3698990000
202200049486;7;1;2022;18:10;3;93;93074;2;1;1;3;Route de Courtry;48,9359752521;2,6017615199
202200049489;6;1;2022;14:45;1;92;92063;2;1;1;3;COLMAR (AVENUE DE);48,8871274100;2,1800056100
202200049490;5;1;2022;17:25;2;92;92063;2;3;1;3;DIX-HUIT JUIN 1940 (AVENUE DU) EST;48,8673315673;2,1982285380
202200049491;7;1;2022;14:30;1;92;92040;2;3;1;3;ILES (BOULEVARD DES);48,8231265881;2,2492838502
202200049507;7;1;2022;17:55;2;31;31338;1;4;2;1;Intersection D24 - D87;43,6668160000;1,1793240000
202200049517;7;1;2022;17:55;3;37;37072;1;1;2;2;D21;47,1655550000;0,2682100000
202200049541;6;1;2022;19:45;3;974;97409;2;2;2;3;ROCADE SUD(RUE); -20,9688120000;55,6555570000
202200049542;5;1;2022;19:40;3;974;97409;2;3;1;3;PATELIN (chemin); -20,9688730000;55,6659600000
202200049548;6;1;2022;09:15;1;69;69382;2;1;1;3;Rue Grenette;45,7634500000;4,8357600000
202200049561;6;7;2022;11:00;1;75;75116;2;1;1;7;ROUTE DES TRIBUNES;48,8546460000;2,2288660000
202200049566;8;7;2022;12:34;1;75;75105;2;2;1;3;RUE DES FOSSES SAINT MARCEL;48,8396080000;2,3563080000
202200049570;28;11;2022;06:39;5;10;10333;2;6;1;3;ROBERT GALLEY (RUE);48,2896600000;4,0671100000
202200049577;21;9;2022;20:19;2;44;44109;2;1;1;1;30 Boulevard Pasteur;47,2131060000; -1,5824400000
202200049580;21;9;2022;17:42;1;44;44109;2;1;1;1;11 Boulevard Gaston Doumergue;47,2080850000; -1,5451300000
202200049589;21;9;2022;09:30;1;35;35238;2;4;1;3;VERN (DE);48,1018400000; -1,6599300000
202200049591;21;9;2022;18:20;1;33;33075;2;1;1;2;Boulevard Jacques Chaban-Delmas;44,8771399760; -0,5779650807
202200049598;29;11;2022;20:10;5;75;75119;2;2;1;3;RUE ARMAND CARREL;48,8828120000;2,3756590000
202200049609;6;7;2022;07:30;1;75;75117;2;2;1;3;AVENUE DE LA PORTE D ASNIERES;48,8910650000;2,3025350000
202200049614;29;11;2022;08:50;1;94;94016;2;1;1;6;CARNOT (AV);48,7985523901;2,3271022389
202200049620;7;7;2022;16:30;1;75;75116;2;1;1;3;ROUTE DE SEVRES A NEUILLY;48,8618220000;2,2373400000
202200049626;28;11;2022;19:10;5;93;93066;2;1;1;2;Avenue du Président Wilson;48,9147400000;2,3581200000
202200049630;21;9;2022;09:15;1;13;13001;2;9;1;3;LOQUI (ROUTE DE);43,5078400000;5,3844000000
202200049632;5;7;2022;20:15;1;75;75116;2;1;1;3;ROUTE DES TRIBUNES;48,8604440000;2,2297140000
202200049634;6;9;2022;09:10;1;11;11262;2;9;1;3;;43,1929570000;2,9809940000
202200049637;9;7;2022;13:45;1;75;75115;2;2;1;3;RUE DE VAUGIRARD;48,8429910000;2,3127880000
202200049639;20;9;2022;10:10;1;11;11069;2;1;1;6;Avenue du Président Franklin Roosevelt ;43,2262900000;2,3317200000
202200049654;17;2;2022;18:30;5;972;97232;1;1;1;2;Grand Case;14,5715440000; -60,8643380000
202200049668;21;9;2022;13:50;1;01;01289;1;2;1;3;SAINT ANDRE SUR VIEUX JONC (ALLEE DE);46,1697300000;5,1908400000
202200049677;21;9;2022;07:25;2;75;75120;2;1;1;5;RUE DES PYRENEES;48,8727500000;2,3908310000
202200049685;21;9;2022;19:35;2;75;75119;2;1;1;1;QUAI DE LA GIRONDE;48,8977910000;2,3823610000
202200049691;6;7;2022;14:50;1;75;75113;2;1;1;7;AVENUE D ITALIE;48,8289810000;2,3563960000
202200049697;28;11;2022;21:20;5;92;92004;2;1;1;3;ARGENTEUIL AV D';48,9159091258;2,2825008630
202200049716;21;9;2022;00:05;5;75;75117;2;4;1;7;AVENUE MAC MAHON;48,8773370000;2,2944930000
202200049729;5;7;2022;15:20;1;75;75112;2;1;1;3;RUE DE CHARENTON;48,8444370000;2,3839290000
202200049734;10;7;2022;05:10;3;75;75111;2;2;1;6;BOULEVARD RICHARD LENOIR;48,8554570000;2,3704840000
202200049735;20;9;2022;15:45;1;75;75116;2;3;1;6;AVENUE DE NEW YORK;48,8633430000;2,2963250000
202200049739;13;8;2022;12:00;1;69;69259;2;1;1;3;Avenue Jean Cagne;45,6976300000;4,8699800000
202200049740;21;9;2022;09:15;1;75;75115;2;1;1;6;BOULEVARD LEFEBVRE;48,8301220000;2,2950230000
202200049744;8;7;2022;00:45;5;75;75111;2;1;1;3;RUE DU CHEMIN VERT;48,8600040000;2,3776630000
202200049748;20;9;2022;21:00;5;75;75114;2;2;1;3;RUE DIDOT;48,8287380000;2,3165820000
202200049751;21;9;2022;16:15;1;75;75113;2;1;1;6;RUE BOBILLOT;48,8234300000;2,3479350000
202200049755;12;8;2022;09:15;1;68;68066;2;3;1;3;REUBELL (RUE);48,0721000000;7,3585700000
202200049765;7;7;2022;13:30;1;75;75110;2;4;1;2;BOULEVARD DE MAGENTA;48,8755510000;2,3567150000
202200049771;21;9;2022;18:30;1;75;75110;2;2;1;6;BOULEVARD SAINT DENIS;48,8693220000;2,3542660000
202200049773;13;8;2022;11:50;1;56;56162;2;3;1;3;1 Rue Abbe Morio;47,7271680000; -3,4330180000
202200049774;7;7;2022;13:15;1;75;75108;2;1;1;7;COURS ALBERT 1ER;48,8648860000;2,3083850000
202200049777;21;9;2022;13:45;1;75;75109;2;7;1;3;RUE SAINT LAZARE;48,8767040000;2,3323240000
202200049784;21;9;2022;11:50;1;75;75108;2;2;1;1;RUE TRONCHET;48,8737770000;2,3270250000
202200049790;21;9;2022;09:45;1;75;75108;2;2;1;6;RUE PIERRE CHARRON;48,8705180000;2,3052490000
202200049804;10;7;2022;12:10;1;75;75102;2;3;1;6;RUE DU CROISSANT;48,8691440000;2,3431770000
202200049809;20;9;2022;00:30;5;75;75103;2;2;1;3;BOULEVARD DE SEBASTOPOL;48,8693310000;2,3542630000
202200049813;8;7;2022;20:30;1;75;75101;2;1;1;6;BOULEVARD DE SEBASTOPOL;48,8591740000;2,3485890000
202200049818;8;7;2022;10:00;1;75;75101;2;1;1;7;SOUTERRAIN LEMONNIER;48,8625860000;2,3312610000
202200049820;17;2;2022;15:20;1;21;21585;1;1;1;2;Départementale 109 F;47,2021650506;5,0821766852
202200049823;13;2;2022;06:45;3;14;14762;1;1;1;3;D512;48,8392190000; -0,8576900000
202200049830;3;4;2022;13:45;1;69;69386;2;1;1;7;1 Quai Général Sarrail;45,7676414217;4,8412182927
202200049883;12;8;2022;23:09;5;75;75114;2;2;1;3;RUE RAYMOND LOSSERAND;48,8339570000;2,3181280000
202200049898;8;7;2022;15:05;1;94;94046;2;1;1;3;GENERAL DE GAULLE (AV DU);48,8070000000;2,4259000000
202200049917;21;9;2022;12:49;1;93;93048;2;2;1;3;Rue de la République / Rue Emile Zola;48,8529222237;2,4207281562
202200049923;18;10;2022;17:20;1;78;78158;2;2;1;6;VERSAILLES (RUE DE);48,8191930000;2,1265580000
202200049928;24;10;2022;17:30;1;76;76540;2;2;1;3;Boulevard des Belges;49,4441100000;1,0854700000
202200049939;10;11;2022;07:15;5;72;72154;2;6;5;3;Boulevard du Québec;47,7051270000; -0,0885990000
202200049965;12;8;2022;22:30;5;94;94052;2;1;1;2;CHARLES DE GAULLE (GRAND RUE);48,8363600000;2,4780000000
202200049968;5;7;2022;09:10;1;94;94011;2;1;1;3;Avenue de Boissy;48,7721780000;2,4841460000
202200049975;20;9;2022;12:30;1;92;92051;2;9;1;3;ACHILLE PERETTI (AVENUE, N° 90 A 96 ET 9;48,8840333047;2,2708504199
202200049980;7;6;2022;20:35;1;91;91692;2;6;1;3;MORVAN (RUE DU);48,6824230000;2,1695340000
202200049982;6;7;2022;20:35;1;94;94018;2;1;1;6;112 Rue de Paris;48,8251100000;2,4081950000
202200049987;7;6;2022;15:50;1;91;91692;2;1;1;3;BERRY (AVENUE DU);48,6826200000;2,1685000000
202200049995;16;5;2022;12:00;1;92;92044;2;2;1;3;ARISTIDE BRIAND(RUE)1A49 ET 2A52;48,8904154917;2,2836472392
202200050011;24;10;2022;14:09;1;38;38185;2;1;2;6;FOCH (BOULEVARD MAL) (1 A 37-56);45,1805600000;5,7206300000
202200050016;9;7;2022;10:45;1;93;93070;2;3;1;1;Rue des Rosiers / Rue Marceau;48,9020200000;2,3426900000
202200050032;28;5;2022;13:50;1;50;50066;1;3;1;1;Route des Carrieres;48,7603040000; -1,5502240000
202200050034;16;2;2022;04:55;3;972;97213;2;1;2;2;MAHAULT;14,6226743384; -61,0064435006
202200050082;31;8;2022;16:15;1;73;73132;1;1;1;3;D70;45,7509390000;6,5914370000
202200050090;6;6;2022;16:46;1;78;78440;2;4;1;4;RHIN ET DANUBE (PONT);48,9978000000;1,9088100000
202200050091;20;10;2022;19:09;1;22;22187;2;1;1;2;D36;48,5338700000; -2,7583900000
202200050102;15;2;2022;12:15;1;80;80725;2;1;1;3;RD8;49,8669600000;2,2489400000
202200050107;21;9;2022;18:25;1;22;22106;2;3;1;3;DOUVENANT (RUE DE);48,5013247666; -2,7342197299
202200050117;4;6;2022;17:00;1;77;77251;1;1;2;3;D50;48,6095100000;2,5551500000
202200050120;22;9;2022;13:00;1;65;65031;2;1;1;3;D929;42,9110050000;0,3604460000
202200050127;21;9;2022;19:15;2;81;81063;1;1;1;2;D1;43,9416140000;2,0661490000
202200050155;7;6;2022;15:00;1;76;76329;1;1;1;7;BEAUCHENE (RUE DE);49,5562300000;0,5013500000
202200050169;20;9;2022;15:40;1;01;01273;2;1;1;3;Route de Pont d Ain;46,0705470000;5,3745250000
202200050178;24;10;2022;09:15;1;75;75116;2;1;1;7;VOIE GEORGES POMPIDOU;48,8483000000;2,2756100000
202200050185;23;10;2022;18:05;1;75;75114;2;1;1;3;BOULEVARD ARAGO;48,8345030000;2,3346180000
202200050186;13;8;2022;10:00;1;42;42311;2;9;7;3;Route de Bayard;45,4819800000;4,3899120000
202200050210;31;1;2022;17:08;1;36;36063;2;6;1;3;Le Grand Verger;46,8317150000;1,7206616000
202200050217;24;10;2022;10:00;1;75;75111;2;2;1;3;BOULEVARD RICHARD LENOIR;48,8657730000;2,3699740000
202200050226;7;6;2022;07:15;1;67;67365;2;3;1;3;23 NOVEMBRE (RUE DU);48,5336740000;7,6944330000
202200050251;14;8;2022;12:45;1;45;45040;2;3;8;1;27 Rue de Bon Coeur;47,5539500000;2,8522090000
202200050258;8;7;2022;14:25;1;92;92062;2;1;1;3;DE DION BOUTON (QUAI) DU 29 AU 65;48,8795353727;2,2437796891
202200050264;26;11;2022;11:20;1;76;76447;2;1;1;6; ECARTS (CHEM DES );49,5649200000;0,1994700000
202200050268;13;8;2022;10:35;1;17;17041;1;1;1;6;D116;46,2283620000; -0,8118720000
202200050271;24;10;2022;17:30;1;93;93051;2;3;1;1;PLAINE;48,8401555059;2,5741335168
202200050278;22;10;2022;22:20;5;93;93027;2;2;1;1;Avenue de la République / Rue de la Convention;48,9280900000;2,3906000000
202200050287;8;7;2022;19:40;1;92;92050;2;1;1;1;MILLET FRANCOIS RUE;48,8890090000;2,2151640000
202200050291;20;10;2022;06:00;5;92;92078;2;1;3;7;CHARLES DE GAULLE (BD)(72 AU 308);48,9440076587;2,3136246800
202200050313;26;11;2022;13:15;1;67;67482;2;3;1;3;SCHIRMECK (ROUTE DE);48,5663800000;7,7081400000
202200050314;9;7;2022;17:55;1;92;92048;2;9;1;7;VILLACOUBLAY (AVENUE DE);48,7837596384;2,2316984832
202200050329;22;10;2022;10:53;1;92;92036;2;1;1;6;LAURENT CELY (AVENUE) (154/336);48,9246180000;2,3044000000
202200050331;29;3;2022;19:55;2;38;38316;2;1;1;2;49 Rue Aimé Pinel;45,7543560000;5,1771820000
202200050353;7;6;2022;09:45;1;54;54431;2;1;1;2;DE GAULLE (AVENUE);48,9084420000;6,0393830000
202200050365;24;10;2022;14:20;1;54;54289;2;1;1;3;voie sans nom;48,7400452650;6,2700015315
202200050379;10;7;2022;00:45;5;92;92026;2;6;1;3;EUROPE ( ROND POINT DE L' );48,9051866170;2,2560440898
202200050388;11;8;2022;11:00;1;73;73179;1;6;1;3;D14A;45,6009420000;5,8762000000
202200050397;8;6;2022;19:30;1;51;51055;2;6;1;3;Rue de la Potière;49,2763600000;4,0553700000
202200050427;25;10;2022;06:30;3;67;67534;1;1;1;2;RD 421  PR 11+900;48,7500740000;7,5225560000
202200050436;16;2;2022;05:11;5;94;94054;2;3;3;2;Route Charles Tillon / Avenue de la Victoire;48,7447800000;2,3863200000
202200050449;23;4;2022;06:30;2;44;44143;2;6;1;3;3 Rue de la Butte de Praud;47,1705800000; -1,5488900000
202200050472;16;2;2022;13:20;1;93;93010;2;2;8;3;Rue Louis Auguste Blanqui / Avenue Carnot;48,8998700000;2,4814800000
202200050473;28;3;2022;20:45;5;75;75110;2;1;1;6;BOULEVARD DE STRASBOURG;48,8699952246;2,3546368629
202200050506;24;10;2022;18:53;1;39;39333;2;3;1;3;1 Route de Saint-Laurent;46,4345260000;5,7250250000
202200050507;28;3;2022;17:20;1;69;69386;1;2;1;3;Rue Bossuet;45,7675600000;4,8476200000
202200050519;8;6;2022;06:15;2;37;37261;2;9;3;3;SAINT FRANCOIS (RUE);47,3805062939;0,6663921475
202200050522;16;2;2022;14:10;1;92;92048;2;1;1;6;TRIVAUX (AVENUE DE) N° 1;48,7907923515;2,2328706086
202200050524;17;5;2022;15:50;1;62;62758;2;1;1;7;CROIX ABOT ( Rue );50,7162230000;1,6377830000
202200050538;28;3;2022;06:55;2;69;69382;2;1;1;1;86 Quai Perrache;45,7316789947;4,8163487178
202200050540;17;2;2022;06:40;3;33;33170;1;2;2;3;D9;44,5676180000; -0,0316930000
202200050544;12;8;2022;19:30;2;91;91657;2;3;7;3;RUE JULES VERNE;48,6925200000;2,4448900000
202200050545;23;4;2022;11:30;1;62;62108;1;6;1;3;EUROPE;50,4049300000;1,6027300000
202200050552;28;3;2022;08:50;1;95;95555;2;1;1;2;RD 109;48,9670500000;2,2835300000
202200050570;14;2;2022;14:55;1;27;27355;2;3;2;3;Place Charles Henry Brasier;48,8831760000;1,4605380000
202200050571;24;11;2022;11:40;1;06;06004;2;1;1;2;CANNES(RN.7) AV.DE;43,5738500000;7,0900560000
202200050576;20;9;2022;16:15;1;69;69386;2;2;1;7;Rue Vauban;45,7648800000;4,8435700000
202200050580;18;11;2022;10:50;1;05;05061;2;1;1;3;VALSERRES ( RUE DE );44,5555900000;6,0789980000
202200050581;24;10;2022;19:45;3;64;64147;1;9;1;3;D 936;43,4666560000; -1,2892200000
202200050583;28;3;2022;15:30;1;91;91657;2;1;1;3;AV HENRI BARBUSSE;48,7011000000;2,4231800000
202200050584;20;9;2022;17:15;1;69;69388;2;3;1;3;Rue Paul Cazeneuve;45,7320800000;4,8607300000
202200050594;20;9;2022;16:30;1;69;69383;2;2;1;5;Cours Gambetta;45,7532700000;4,8490300000
202200050607;8;6;2022;13:10;1;33;33069;2;6;2;3;Rue Lamartine;44,8636100000; -0,6063800000
202200050612;10;10;2022;16:00;1;28;28140;2;1;1;2;19 Rue de Cady;48,6125090000;1,6713170000
202200050618;28;11;2022;08:20;1;75;75117;2;4;8;3;RUE DE PRONY;48,8847440000;2,2985410000
202200050634;10;8;2022;20:00;1;77;77122;2;1;1;6;D57;48,6584800000;2,5562000000
202200050637;10;7;2022;14:10;1;41;41034;1;1;1;5;D112;47,6297900000;1,5140600000
202200050643;8;6;2022;08:00;2;31;31149;2;1;1;3;BD DE L'EUROPE;43,5981800000;1,3614900000
202200050650;5;6;2022;19:35;1;29;29232;1;6;1;3;Rond-Point d’Ergue-Armel;47,9836638132; -4,0747168065
202200050651;21;4;2022;06:50;2;22;22278;2;3;1;3;CORDERIE (DE LA);48,5162000000; -2,7759410000
202200050663;5;6;2022;18:25;1;29;29019;1;1;1;3;avenue de la Libération;48,3969350000; -4,5166450000
202200050666;25;3;2022;22:35;5;76;76447;2;1;1;1;D6382;49,5254504862;0,1830781402
202200050672;28;11;2022;12:45;1;75;75113;2;2;1;3;RUE DU MOULINET;48,8267970000;2,3532930000
202200050677;8;5;2022;21:28;1;17;17300;2;9;1;1;CREPEAU   AVENUE MICHEL;46,1535940000; -1,1550260000
202200050685;9;5;2022;17:45;1;14;14327;2;9;1;3;D226A;49,2074600000; -0,3170400000
202200050692;13;10;2022;07:50;3;95;95199;2;1;2;3;Rue Louis Aragon;49,0319900000;2,3408820000
202200050703;28;11;2022;19:35;5;75;75112;2;7;1;2;PLACE FELIX EBOUE;48,8397437469;2,3954674602
202200050711;11;8;2022;11:15;1;64;64249;2;1;1;3;Avenue du Général de Gaulle;43,4213800000; -1,6074400000
202200050715;30;9;2022;10:15;1;66;66171;2;1;7;2;Chemin d Al Roure;42,6291206857;3,0066677928
202200050718;28;11;2022;18:15;5;75;75112;2;1;1;2;PONT D AUSTERLITZ;48,8446490000;2,3653860000
202200050719;12;8;2022;16:05;1;64;64125;2;1;1;1;Avenue de la Milady;43,4596100000; -1,5718500000
202200050738;12;8;2022;11:00;1;56;56162;2;6;7;2;QUEVEN (RUE DE);47,7410600000; -3,4260300000
202200050760;20;9;2022;17:10;1;77;77186;2;1;1;6;SAINT MERRY (RUE);48,4022600000;2,6899300000
202200050783;10;7;2022;09:50;1;68;68253;2;6;1;3;Rue du Général de Gaulle;47,7830800000;7,5025030000
202200050787;8;8;2022;15:06;1;42;42187;2;6;1;3;Rue de Charlieu;46,0663200000;4,0910500000
202200050791;19;9;2022;08:27;1;76;76351;2;1;1;3;Boulevard Jules Durand;49,4897400000;0,1549200000
202200050798;19;9;2022;11:55;1;71;71306;2;1;1;7;ALOUETTES (AVENUE DES);46,6814600000;4,3630100000
202200050806;9;5;2022;20:00;1;75;75116;2;3;1;6;AVENUE DE NEW YORK;48,8633430000;2,2963310000
202200050808;28;11;2022;19:40;5;94;94037;2;2;2;2;Avenue Jean Jaurès;48,8142100000;2,3498200000
202200050813;10;8;2022;17:50;1;34;34032;2;2;1;3;Boulevard de la Liberté;43,3403000000;3,2230900000
202200050817;30;5;2022;21:55;5;07;07102;2;1;1;7;Jean CHARCOT (Rue);44,9365670000;4,8675410000
202200050825;7;6;2022;12:00;1;07;07281;2;1;1;3;PLOYE (CHEMIN DE);44,9287440000;4,8400783000
202200050837;27;3;2022;12:24;1;49;49246;2;1;1;3;D160;47,4426911912; -0,5351784825
202200050850;11;7;2022;09:20;1;06;06033;2;6;1;7;Avenue des Cigales;43,7666780000;7,1937220000
202200050862;20;9;2022;11:50;1;64;64102;2;6;1;3;Rond Point de la Faiencerie;43,4937500000; -1,4915500000
202200050872;9;5;2022;00:55;5;75;75110;2;4;1;3;BOULEVARD DE MAGENTA;48,8814910000;2,3514140000
202200050876;28;3;2022;08:30;2;38;38185;2;1;1;1;QUAI PERRIÈRE;45,1938500000;5,7298900000
202200050877;19;9;2022;12:30;1;64;64024;2;3;1;1;LABERTRANNE (RUE DE);43,4892000000; -1,5356400000