Num_Acc;jour;mois;an;hrmn;lum;dep;com;agg;int;atm;col;adr;lat;long
202200050886;16;9;2022;12:38;1;63;63113;2;6;1;3;DIESEL (RUE RODOLPHE) / Burdin;45,7777328349;3,1353279948
202200050898;28;3;2022;18:10;1;33;33065;2;6;1;3;Avenue de la Belle Etoile;44,8227100000; -0,4822600000
202200050906;9;5;2022;07:10;2;93;93057;2;1;1;1;Chemin de Halage;48,9092900000;2,4911000000
202200050908;12;2;2022;20:00;5;974;97411;2;3;1;3;VAUTHIER (RUE  MARCEL); -20,9122200000;55,5024300000
202200050910;19;9;2022;17:52;1;56;56098;2;6;1;3;Avenue Kesler Devillers;47,7671000000; -3,3394000000
202200050913;15;2;2022;12:50;1;973;97302;2;9;8;7;TOUSSAINT LOUVERTURE (rue);4,9265933486; -52,3046019673
202200050914;28;3;2022;13:30;1;26;26198;2;1;1;3;BLUM (Rue Léon);44,5677000000;4,7540800000
202200050920;15;2;2022;08:05;1;973;97302;2;1;1;3;BADUEL (ROUTE DE);4,9344676788; -52,3114281893
202200050922;8;6;2022;09:55;1;75;75105;2;1;2;1;QUAI SAINT BERNARD;48,8478760000;2,3594380000
202200050923;9;5;2022;08:20;1;92;92048;2;2;1;6;SABLONS (AVENUE DES);48,8082800000;2,2338100000
202200050934;15;2;2022;09:25;1;69;69387;2;3;2;1;Cours Gambetta;45,7553443948;4,8426349347
202200050935;8;6;2022;17:00;1;75;75120;2;1;1;3;RUE D AVRON;48,8519890000;2,4021540000
202200050936;11;8;2022;18:25;1;75;75115;2;1;1;7;BOULEVARD DE GRENELLE;48,8485060000;2,3001660000
202200050943;9;5;2022;18:10;1;92;92024;2;1;1;1;VILLENEUVE (RUE) DE (1 A 45)   (2 A 44);48,9051137154;2,3094653785
202200050945;9;5;2022;09:00;1;92;92002;2;9;1;3;SOURCES (RUE DES);48,7537554547;2,2838025391
202200050946;7;6;2022;08:05;1;75;75120;2;3;2;3;BOULEVARD DAVOUT;48,8633770000;2,4091110000
202200050968;26;3;2022;18:00;1;02;02738;2;2;1;1;13 Rue Richer;49,6577974454;3,2898240834
202200050971;12;8;2022;19:30;1;75;75107;2;1;1;2;BOULEVARD DES INVALIDES;48,8546840000;2,3146570000
202200050987;28;3;2022;08:25;1;75;75105;2;2;1;3;BOULEVARD SAINT GERMAIN;48,8513930000;2,3431670000
202200050989;12;8;2022;11:00;1;93;93048;2;1;1;6;Rue Eugène Varlin / Rue Gaston Lauriau;48,8597100000;2,4467100000
202200051003;25;3;2022;14:55;1;75;75107;2;7;1;6;RUE DE GRENELLE;48,8584350000;2,3123950000
202200051007;12;8;2022;19:00;1;24;24241;1;1;1;7;La Pinolie;45,1603290000;0,9920100000
202200051015;12;10;2022;17:04;1;88;88409;2;3;1;7;place de la mairie;48,0260000000;6,6680000000
202200051031;28;3;2022;08:00;1;94;94033;2;2;1;3;Avenue de la Pepiniere / Avenue de la Dame Blanche;48,8445600000;2,4508400000
202200051067;13;8;2022;11:20;1;57;57089;2;4;1;7;Rue Jean-Jacques Kieffer;49,0428970000;7,4281100000
202200051070;6;1;2022;12:15;1;69;69266;2;2;1;5;Cours Emile Zola;45,7655400000;4,9011700000
202200051076;6;1;2022;08:15;1;69;69029;2;3;1;3;Rue Guy de Maupassant;45,7380400000;4,9227100000
202200051082;28;3;2022;17:15;1;92;92072;2;3;1;6;EUROPE (AVENUE DE L');48,8233380000;2,2100970000
202200051085;23;10;2022;19:45;2;35;35238;2;5;2;3;LAENNEC (BD RENE);48,1057300000; -1,6660700000
202200051087;5;1;2022;17:45;2;67;67482;2;3;1;3;PORTE DE L HOPITAL (RUE DE LA);48,5757800000;7,7504600000
202200051090;21;10;2022;18:15;1;35;35238;2;3;1;3;VITRE (BLD DE);48,1246900000; -1,6515700000
202200051093;13;8;2022;12:35;1;76;76456;1;1;1;1;Rue du Bois Saint-Jacques;49,6433527520;0,8429217337
202200051105;21;10;2022;12:15;1;15;15014;2;1;1;3;ABBE DE PRADT (RUE DE);44,9080800000;2,4318700000
202200051145;22;10;2022;13:30;1;75;75105;2;3;1;3;BOULEVARD DE L HOPITAL;48,8418460000;2,3631790000
202200051153;23;10;2022;02:00;5;75;75112;2;2;1;2;AVENUE DAUMESNIL;48,8486320000;2,3725420000
202200051161;23;10;2022;09:15;1;75;75107;2;1;2;7;PORT DU GROS CAILLOU;48,8629180000;2,3063440000
202200051168;22;4;2022;06:50;1;988;98818;1;6;1;3;Rond point Edouard MAGNIER/RUE ROGER GERVOLINO; -22,2676500000;166,4637200000
202200051173;18;3;2022;04:38;3;68;68260;1;1;2;3;D430;47,8784980000;7,2749340000
202200051180;6;5;2022;17:20;1;69;69382;2;9;1;3;Cours Charlemagne;45,7390800000;4,8175800000
202200051193;27;3;2022;18:00;1;45;45341;1;4;1;3;D136 - PR 1 + 820;48,0429720000;1,6727970000
202200051203;6;1;2022;06:20;5;13;13004;2;1;1;1;AV STALINGRAD;43,6854500000;4,6341800000
202200051218;8;5;2022;18:05;1;37;37261;2;1;1;2;PROUDHON (AVENUE);47,3943300000;0,6678200000
202200051223;8;5;2022;19:00;1;33;33063;2;1;1;3;Cours Victor Hugo;44,8349600000; -0,5729600000
202200051226;29;3;2022;13:30;1;13;13022;1;1;1;6;ROUTE DES CRÊTES;43,2087180000;5,5569360000
202200051231;6;1;2022;19:30;2;75;75115;2;2;1;3;ROND POINT DU PONT MIRABEAU;48,8458860000;2,2773420000
202200051241;8;5;2022;01:36;5;13;13208;2;1;9;6;PRADO (AVENUE DU);43,2798500000;5,3870800000
202200051242;6;1;2022;18:02;5;75;75111;2;3;1;3;BOULEVARD VOLTAIRE;48,8655920000;2,3670540000
202200051261;22;1;2022;14:20;1;93;93032;2;3;8;3;PAUL VAILLANT COUTURIER (RUE);48,8749600000;2,5513000000
202200051266;8;5;2022;15:00;1;75;75119;2;1;1;6;AVENUE DE FLANDRE;48,8916960000;2,3783340000
202200051277;6;1;2022;16:53;2;92;92044;2;1;1;7;MARIUS AUFAN(RUE) 69+ ET 80+;48,8922140000;2,2831330000
202200051291;8;5;2022;15:00;1;75;75111;2;2;1;3;BOULEVARD RICHARD LENOIR;48,8580360000;2,3716740000
202200051298;6;1;2022;10:30;1;31;31351;1;6;1;3;N224;43,6719300000;1,2935060000
202200051337;27;3;2022;11:15;1;2A;2A004;2;6;1;2;ILES SANGUINAIRES ROUTE DES;41,9087400000;8,7087300000
202200051362;5;1;2022;18:25;5;22;22136;2;3;1;3;1 Boulevard des Priteaux;48,1796010391; -2,7504186631
202200051364;6;1;2022;22:10;5;27;27188;1;1;2;2;Route de la Breche aux Loups;49,3031320000;1,1121080000
202200051371;6;5;2022;14:15;1;68;68179;2;6;1;3;Rue Principale;47,7569330000;7,0183270000
202200051380;8;5;2022;18:15;1;38;38095;2;1;1;3;rue de l'emeraude;45,1422980000;5,2895740000
202200051429;4;1;2022;19:30;5;67;67482;2;1;2;3;ALTENHEIM (ROUTE D );48,5385974910;7,7687850000
202200051431;3;1;2022;06:45;5;67;67482;2;3;2;3;ROMAINS (ROUTE DES);48,5806684319;7,7232344449
202200051433;3;1;2022;17:55;3;60;60159;1;6;3;3;Carrefour de Mercières;49,3930390000;2,8024990000
202200051434;5;1;2022;12:04;1;49;49007;2;1;8;7;LETANDUERE;47,4547100000; -0,5536200000
202200051454;5;1;2022;08:00;2;75;75108;2;7;1;6;RUE DE COURCELLES;48,8781230000;2,3050880000
202200051457;5;1;2022;11:00;1;75;75109;2;2;1;3;RUE DES MATHURINS;48,8731400000;2,3267530000
202200051459;5;1;2022;15:15;1;75;75108;2;7;1;1;RUE DE SAINT PETERSBOURG;48,8791530000;2,3234930000
202200051460;4;1;2022;09:30;1;75;75101;2;3;2;1;RUE COQUILLIERE;48,8636520000;2,3427680000
202200051479;4;1;2022;17:55;5;41;41104;2;1;2;2;336 Route de Chambord;47,5953300000;1,4647400000
202200051513;11;2;2022;10:10;1;76;76351;2;6;1;3;SOUVENIR FRANCAIS (ROND POINT);49,5200600000;0,0883900000
202200051514;9;7;2022;09:15;1;72;72047;1;9;1;3;D283;47,9159680000;0,3014159000
202200051520;7;6;2022;19:21;1;75;75112;2;2;1;3;AVENUE DAUMESNIL;48,8443030000;2,3815820000
202200051526;7;6;2022;09:35;1;75;75110;2;2;8;5;RUE DU FAUBOURG SAINT MARTIN;48,8811000000;2,3651630000
202200051527;15;2;2022;17:04;1;64;64102;2;3;1;3;JEAN JAURES (BOULEVARD);43,4933052635; -1,4616671205
202200051532;8;6;2022;09:06;1;75;75107;2;1;2;7;PORT DE SOLFERINO;48,8609360000;2,3255730000
202200051541;7;6;2022;19:00;1;75;75104;2;3;1;6;RUE DE RIVOLI;48,8551090000;2,3616970000
202200051545;7;6;2022;19:05;1;75;75104;2;2;1;6;RUE DES FRANCS BOURGEOIS;48,8564620000;2,3643490000
202200051555;7;6;2022;19:45;1;94;94081;2;2;1;3;PUCCINI (R);48,7925500000;2,3821700000
202200051561;3;6;2022;09:05;1;94;94068;2;2;1;3;Avenue Faidherbe;48,8018200000;2,4885300000
202200051566;20;9;2022;09:35;1;45;45169;2;1;1;3;141 Route d'Orleans;47,9142000000;1,8529500000
202200051571;20;9;2022;08:05;1;45;45234;2;2;1;3;1 Rue Royale;47,8980800000;1,9042000000
202200051583;7;6;2022;08:00;1;94;94021;2;1;1;3;STALINGRAD (AV DE);48,7759500000;2,3673800000
202200051589;7;6;2022;19:50;1;94;94068;2;3;1;2;Rue de la Varenne / Passage Dartois-Bidot;48,8072700000;2,4749400000
202200051594;28;11;2022;08:35;1;92;92002;2;1;1;1;GEORGES SUANT (RUE);48,7438400000;2,2842500000
202200051598;28;11;2022;06:20;5;92;92002;2;1;1;6;LEON JOUHAUX (AVENUE);48,7342475079;2,3122288585
202200051604;20;9;2022;20:20;5;34;34172;2;4;1;7;28 Rue Aristide Ollivier;43,6064600000;3,8827200000
202200051612;20;9;2022;19:20;1;33;33522;2;2;1;3;Boulevard George V;44,8253000000; -0,5893400000
202200051620;20;9;2022;18:35;1;33;33281;2;6;1;3;Avenue Pierre Mendès-France;44,8240500000; -0,6371600000
202200051643;20;9;2022;19:05;1;31;31555;2;1;1;6;BAYARD (RUE DE) DU 1AU 76;43,6100400000;1,4497800000
202200051650;15;2;2022;09:45;1;75;75118;2;3;1;6;RUE MARCADET;48,8926125402;2,3296889663
202200051653;8;7;2022;11:30;1;74;74104;2;1;1;3;RD 1508;45,7915080000;6,2151400000
202200051665;10;7;2022;08:00;1;74;74299;1;1;1;1;Route de Menthon;45,8665470000;6,1871480000
202200051672;8;6;2022;03:30;5;93;93008;2;6;1;2;PLACE ESCADRILLE N. NIEMEN;48,9130490000;2,4365480000
202200051691;15;2;2022;17:45;1;75;75111;2;3;2;3;BOULEVARD DE MENILMONTANT;48,8598290000;2,3887520000
202200051696;25;11;2022;16:45;1;04;04209;2;1;1;6;route de la motte du caire;44,1997010000;5,9448370000
202200051706;13;8;2022;10:15;1;47;47222;1;1;1;2;Route du Sendat;44,2875320000;0,1304630000
202200051716;6;6;2022;09:05;1;92;92051;2;1;1;2;GENERAL LECLERC (BOULEVARD DU, N° 1 A 27;48,8887801196;2,2586206197
202200051719;20;9;2022;07:45;1;09;09225;2;1;1;2;PAIX AVENUE DE LA;43,1111970000;1,6189040000
202200051725;20;9;2022;17:30;1;06;06069;1;1;1;3;LOUBONNIERES (CHEMIN DES);43,6441300000;6,9226500000
202200051728;7;6;2022;09:50;1;92;92049;2;2;1;3;JAURES AVENUE JEAN N°53 A FIN;48,8136210000;2,3068460000
202200051740;14;2;2022;20:40;5;94;94081;2;2;2;3;Rue Andre Malraux;48,7955600000;2,3916000000
202200051747;15;2;2022;10:15;1;94;94074;2;1;1;3;Avenue Henri Barbusse;48,7635500000;2,4419400000
202200051776;20;4;2022;17:50;1;92;92002;2;1;1;6;AUBEPINE (RUE DE L');48,7410122388;2,3123397678
202200051781;20;9;2022;18:15;1;75;75105;2;2;8;3;BOULEVARD SAINT MICHEL;48,8506310000;2,3427740000
202200051797;19;9;2022;20:30;5;75;75105;2;1;1;1;QUAI SAINT BERNARD;48,8462380000;2,3619330000
202200051806;15;8;2022;17:55;1;17;17337;2;9;7;6;279 route nationale;45,9704210000; -1,3495210000
202200051810;2;11;2022;11:20;1;65;65123;1;3;1;7;Route des 2 Cols;42,9910820000;0,2247720000
202200051811;12;8;2022;10:10;1;88;88442;1;1;1;6;Route du Col;48,0383880000;6,8179090000
202200051813;20;9;2022;17:30;1;75;75117;2;2;1;7;AVENUE DE VILLIERS;48,8842540000;2,3026560000
202200051820;20;9;2022;22:15;5;75;75115;2;7;1;6;BOULEVARD GARIBALDI;48,8477950000;2,3016580000
202200051822;23;10;2022;18:35;2;93;93048;2;3;1;3;Boulevard Théophile Sueur / Rue Pierre Jean de Beranger;48,8663500000;2,4695900000
202200051824;8;8;2022;19:50;2;69;69244;2;3;7;1;Chemin de la Raude;45,7579910000;4,7756950000
202200051842;7;7;2022;09:45;1;12;12119;1;4;1;1;D921;44,7090560000;2,8583980000
202200051843;23;10;2022;17:00;1;92;92012;2;1;1;1;ABONDANCES (RUE DES);48,8455322645;2,2267484665
202200051865;11;2;2022;21:00;5;92;92024;2;2;1;5;HENRI BARBUSSE (RUE) DE (1 A 73)   (2 A;48,8995614700;2,3052214533
202200051867;7;7;2022;09:30;1;46;46204;1;1;1;3;D10;44,6809470000;1,5578570000
202200051889;4;8;2022;07:45;1;83;83068;1;4;7;3;Route de Sainte Maxime;43,2696790000;6,5415000000
202200051903;24;10;2022;15:18;1;62;62279;1;6;7;3;D939;50,3058800000;2,7105120000
202200051917;10;7;2022;11:30;1;22;22251;1;1;1;7;La Ville Gourio (Pordic);48,5573668310; -2,8264045710
202200051922;13;8;2022;11:55;1;74;74056;2;1;1;2;198 Route des Pecles;45,9181090000;6,8619060000
202200051923;9;5;2022;14:36;1;13;13035;1;1;1;3;D17;43,6846380000;5,0579700000
202200051926;9;6;2022;08:43;1;44;44063;1;2;1;3;5 la drouetterie;47,0802560000; -1,1905360000
202200051938;20;9;2022;18:45;2;93;93048;2;1;1;3;Boulevard de Chanzy;48,8585622550;2,4308662985
202200051942;7;5;2022;16:20;1;71;71063;1;3;1;7;Route d’Autun;46,8990506080;4,3227801695
202200051951;10;8;2022;10:15;1;40;40019;2;6;1;3;Route des Lacs;44,2145900000; -1,1881430000
202200051953;8;6;2022;14:55;1;84;84070;2;3;1;2;Avenue du Docteur Tondut;44,0220340000;5,1564880000
202200051964;20;9;2022;07:42;2;92;92046;2;1;1;1;GABRIEL PERI;48,8191974207;2,3006347418
202200051966;8;5;2022;20:35;1;69;69074;1;1;1;7;Route de Saint-Julien;46,0135730000;4,6541260000
202200051971;20;9;2022;10:40;1;92;92040;2;2;8;3;GUYNEMER;48,8310700000;2,2788400000
202200052024;20;9;2022;15:35;1;72;72260;2;6;1;3;D92;47,9487870000;0,2608290000
202200052040;7;6;2022;16:30;1;21;21061;1;4;1;3;RD971;47,6861350000;4,6124230000
202200052043;10;7;2022;10:00;1;29;29186;1;3;1;1;D46;48,6308810000; -3,8098310000
202200052055;7;7;2022;17:10;1;29;29020;1;1;1;7;Chemin de Ty Daoudal;48,1400429000; -4,0155122270
202200052057;11;8;2022;16:35;1;974;97407;2;2;1;3;FERRY (RUE); -20,9356500000;55,2966400000
202200052064;6;7;2022;16:13;1;29;29037;2;3;1;3;D44 - Le Lannou;47,8842040000; -4,1686410000
202200052067;23;10;2022;15:45;4;07;07280;2;1;1;1;dans le tunnel de la voie verte;44,3419290000;4,1591410000
202200052070;20;9;2022;17:30;1;81;81002;1;1;1;3;Route de Courbas;43,4919070000;2,3289350000
202200052085;9;7;2022;13:30;1;31;31033;2;1;1;3;25 Rue Ferdinand Buisson;43,3514630000;1,4731120000
202200052092;18;5;2022;08:25;1;37;37152;2;2;7;3;rue des Bourgetterie;47,4479166085;0,6568890810
202200052093;9;7;2022;16:30;1;31;31553;1;2;1;3;INTERSECTION D89 / CHEMIN DE LA MALLE;43,6901720000;1,1704620000
202200052106;11;8;2022;11:30;1;69;69387;2;2;1;3;Rue Béchevelin;45,7515700000;4,8410700000
202200052112;21;9;2022;11:25;1;44;44173;2;7;1;3;3 Place des Tilleuls;47,0828100000; -1,3376500000
202200052133;10;7;2022;19:00;1;38;38206;1;1;1;2;Route de Belledonne;45,2542150000;5,9470470000
202200052136;26;11;2022;16:20;1;07;07102;2;4;1;3;Avenue Sadi Carnot;44,9326100000;4,8798400000
202200052160;26;3;2022;15:32;1;69;69275;2;8;1;3;Rue de la Fraternité;45,7723946677;4,9568563699
202200052198;26;3;2022;12:55;1;59;59350;2;1;1;3;BATELIERS RUE DES;50,6457300000;3,0631200000
202200052201;6;6;2022;16:00;1;987;98714;1;1;1;7;Haamaire; -16,4879420000; -151,7212340000
202200052206;27;3;2022;10:56;1;54;54547;2;3;1;3;CHARMES (RUE DE);48,6598000000;6,1864100000
202200052208;6;5;2022;17:30;1;50;50129;2;6;1;1;HOPITAL (AVENUE DE);49,6345600000; -1,6139700000
202200052216;22;10;2022;16:00;1;67;67433;2;9;1;3;12 Rue du Général Leclerc;48,3815260000;7,6150830000
202200052226;27;3;2022;19:00;1;44;44184;2;1;1;6;29 Rue de la Vecquerie;47,2570400000; -2,2555600000
202200052228;4;6;2022;15:00;1;14;14685;2;2;1;1;Rue du Fresne;49,2580580000; -0,4579440000
202200052234;19;9;2022;17:15;1;987;98712;2;1;1;3;arahiri; -17,2790000000; -149,5420000000
202200052250;27;3;2022;19:10;1;33;33529;1;6;1;3;BISCAROSSE (AVE DE) JUSQU'A DUNE;44,5979500000; -1,1964800000
202200052252;6;5;2022;18:20;1;25;25056;2;3;1;3;CLEMENCEAU AVENUE G.;47,2394280000;6,0124040000
202200052254;27;3;2022;17:45;1;31;31555;2;1;1;3;CHE DE LESTANG;43,5610690235;1,3949069381
202200052262;25;3;2022;17:00;1;31;31149;2;3;1;3;ADOUR (ALLEE DE L');43,6050335809;1,3214197755
202200052276;10;8;2022;22:45;5;62;62178;2;2;1;1;FESTEUX ( DES );50,4919500000;2,5477310000
202200052280;19;9;2022;18:00;1;33;33199;2;1;1;3;Allée de Verdalle;44,6414461747; -1,1131395400
202200052284;6;7;2022;11:00;2;54;54288;1;1;1;7;D908;48,7390759158;5,8154368396
202200052309;8;6;2022;15:57;1;34;34157;2;1;1;1;Rue Édouard et Juliette Massal;43,4257500000;3,6001790000
202200052326;10;8;2022;17:40;1;51;51108;2;2;1;3;NOTRE DAME (QUAI);48,9585231335;4,3619987369
202200052337;10;8;2022;15:20;1;49;49007;2;2;1;3;BORDIER JACQUES;47,4635400000; -0,5639700000
202200052355;6;5;2022;18:42;2;75;75106;2;2;1;3;QUAI DE CONTI;48,8561710000;2,3403130000
202200052356;17;9;2022;10:40;1;73;73179;1;9;1;1;La Motte-Servolex;45,6054360000;5,8853780000
202200052359;14;2;2022;17:59;2;59;59350;2;1;1;1;GHESQUIERE RUE DE;50,6104667639;3,0267521739
202200052381;20;9;2022;18:00;1;61;61228;2;2;1;3;le bourg;48,5182140000; -0,0642760000
202200052386;26;3;2022;23:30;5;75;75113;2;2;1;3;RUE JEANNE D ARC;48,8313170000;2,3663340000
202200052402;27;3;2022;15:49;1;75;75111;2;1;1;6;BOULEVARD DE BELLEVILLE;48,8681440000;2,3815340000
202200052405;7;5;2022;20:34;2;75;75110;2;3;1;1;QUAI DE VALMY;48,8742240000;2,3628620000
202200052408;10;8;2022;22:00;5;34;34172;2;4;1;3;1975 Avenue Albert Einstein;43,6113637153;3,9202986253
202200052412;4;6;2022;14:25;1;13;13053;1;6;1;3;rond point des milles bouquets;43,7194200000;5,1758270000
202200052415;10;8;2022;09:49;1;31;31555;2;6;1;3;BOULINGRIN (ROND POINT DU) DU 5AU 9;43,5948630000;1,4533170000
202200052420;27;3;2022;01:15;5;75;75109;2;2;1;3;RUE LA FAYETTE;48,8736230000;2,3353240000
202200052436;7;5;2022;21:00;5;75;75108;2;2;1;3;RUE CHAUVEAU LAGARDE;48,8715090000;2,3231140000
202200052437;27;3;2022;16:45;1;75;75107;2;2;1;2;QUAI D ORSAY;48,8628510000;2,3134440000
202200052471;10;8;2022;12:00;1;21;21166;2;3;1;3;EDOUARD BRANLY (BOULEVARD);47,2945200000;5,0048000000
202200052473;13;2;2022;18:00;5;91;91549;2;3;1;3;JACQUES DUCLOS (AVENUE);48,6368700000;2,3352700000
202200052475;7;5;2022;17:00;1;93;93051;2;2;1;3;Rue de la Justice / Rue Rouget de Lisle;48,8470800000;2,5652300000
202200052484;8;7;2022;05:35;2;07;07051;2;1;1;2;RUE LAMARTINE D86;45,2716950000;4,8002458000
202200052491;1;6;2022;10:25;1;69;69291;2;2;1;3;Chemin du Petit Chantoire;45,6431370000;4,8750490000
202200052512;8;6;2022;10:40;1;40;40202;2;4;1;1;2 Rue de la Cité;43,6976320000; -1,0205850000
202200052530;8;7;2022;18:45;1;53;53063;2;3;1;1;Rue Principale;47,8090380000; -0,5971770000
202200052555;6;5;2022;18:10;1;92;92046;2;2;1;3;NICOMEDES PASCUAL (RUE);48,8129306276;2,2987216562
202200052558;7;5;2022;15:45;1;92;92064;2;1;1;3;GOUNOD;48,8424280840;2,2079598606
202200052561;10;8;2022;19:20;1;03;03190;2;3;7;3;Rue du Vert Galant;46,5674383744;3,3279804277
202200052608;27;11;2022;16:50;1;64;64037;1;1;1;1;D2;43,3455610000; -0,5176660000
202200052618;5;1;2022;18:10;3;77;77468;1;1;1;2;A104;48,8487201840;2,6617549074
202200052641;11;8;2022;08:50;1;75;75114;2;3;1;7;AVENUE DU GENERAL LECLERC;48,8332300000;2,3315350000
202200052644;19;9;2022;12:35;1;69;69383;2;2;1;1;Rue Duguesclin;45,7548200000;4,8499600000
202200052649;26;3;2022;17:45;1;67;67432;2;2;1;1;Rue Principale;48,9773690000;8,0741200000
202200052651;9;8;2022;21:15;5;75;75112;2;2;1;3;PONT D AUSTERLITZ;48,8458300000;2,3676560000
202200052661;11;8;2022;12:55;1;75;75120;2;3;1;6;RUE DE MENILMONTANT;48,8691170000;2,3914490000
202200052662;19;9;2022;18:50;1;69;69389;2;4;1;1;18 Rue du Chapeau Rouge;45,7726300000;4,8078400000
202200052676;11;8;2022;17:40;1;94;94073;2;1;1;7;Boulevard de Stalingrad;48,7709320000;2,4011600000
202200052692;28;3;2022;11:10;1;42;42208;1;1;1;7;Route de Marcenod;45,5585580000;4,4948140000
202200052700;22;10;2022;12:10;1;77;77186;1;6;1;2;D606 / D301;48,3904790000;2,7544180000
202200052705;27;3;2022;10:30;1;29;29235;2;1;1;2;Boulevard Gambetta;48,4026250000; -4,3868190000
202200052715;26;3;2022;09:30;1;29;29158;1;1;1;3;D53 - Kerigou;47,8182340000; -4,3075200000
202200052731;11;8;2022;12:31;1;93;93049;2;1;7;3;Boulevard Ferdinand Buisson;48,8550469508;2,5162466010
202200052735;4;1;2022;21:10;5;69;69387;1;3;1;3;Avenue Berthelot;45,7477700000;4,8336700000
202200052740;22;10;2022;19:10;2;69;69290;2;6;1;2;Route de Grenoble;45,7129500000;4,9703900000
202200052746;14;2;2022;10:20;1;61;61397;2;1;1;3;GRAND PRE (RUE DU);48,4172000000;0,0717700000
202200052797;3;1;2022;07:50;5;87;87085;2;3;2;3;GAGNANT (AVENUE JEAN);45,8332000000;1,2689200000
202200052800;21;10;2022;17:50;1;61;61001;2;2;1;3;EUGENE LECOINTRE ( RUE);48,4282000000;0,0829800000
202200052804;27;3;2022;21:20;3;23;23069;1;1;1;6;départementale 996;45,8603090000;2,3687980000
202200052809;10;8;2022;21:54;5;92;92035;2;9;1;7;Souvenir Français ( rond point du );48,9063604318;2,2479062676
202200052811;21;10;2022;16:50;1;61;61001;2;2;1;3;KOUTIALA (AVENUE DE);48,4280000000;0,0750700000
202200052812;14;2;2022;08:20;1;42;42187;2;9;2;3;Avenue de Paris;46,0480100000;4,0685900000
202200052832;11;2;2022;14:00;1;34;34032;2;2;1;3;MISTRAL FREDERIC (BD);43,3440000000;3,2205200000
202200052839;4;1;2022;09:04;1;82;82121;1;1;1;2;boulevard d' Occitanie;44,0421700000;1,3647600000
202200052848;14;2;2022;22:14;5;33;33063;2;2;2;3;SOURDIS (RUE FRANCOIS DE);44,8353200000; -0,5888200000
202200052850;18;9;2022;11:10;1;77;77495;2;6;1;6;D306;48,5657100000;2,6288500000
202200052867;9;7;2022;17:00;1;987;98738;1;1;1;3;outumaoro - PK 8+200; -17,6180000000; -149,5490000000
202200052870;22;10;2022;11:12;1;35;35238;2;2;1;3;VANEAU;48,1085800000; -1,6929900000
202200052882;6;5;2022;07:50;1;83;83098;2;9;1;6;GANZIN (AVENUE DE);43,1070340000;6,0270730000
202200052893;28;3;2022;17:00;1;45;45252;2;3;1;3;Rue Rene Cassin;48,1878100000;2,2452450000
202200052895;22;10;2022;20:40;5;33;33075;2;1;1;3;Boulevard Jacques Chaban-Delmas;44,8771600000; -0,5780200000
202200052909;3;5;2022;12:05;1;80;80021;2;2;1;3;RESISTANCE (RUE DE LA);49,8980400000;2,2952000000
202200052910;3;1;2022;19:50;5;72;72181;2;2;2;1;LEDRU ROLLIN QUAI N° 1 A 99;48,0069200000;0,1916100000
202200052943;6;5;2022;19:00;1;69;69290;2;3;1;3;Rue du Grisard;45,6972700000;4,9445900000
202200052951;6;5;2022;09:00;1;69;69266;2;1;1;1;Rue de Verdun;45,7842400000;4,8969000000
202200052956;27;3;2022;10:35;1;26;26079;2;4;1;1;D102;44,9370460000;5,0957040000
202200052978;19;9;2022;13:45;1;64;64445;2;6;1;7;avenue Dufau;43,3110000000; -0,3630000000
202200053006;27;3;2022;18:45;1;29;29103;2;1;1;6;Rue de la Libération;48,4496710000; -4,2462320000
202200053011;4;1;2022;19:56;5;44;44109;2;1;1;6;270 Boulevard Robert Schuman;47,2468400000; -1,5773000000
202200053025;18;9;2022;21:41;5;63;63113;2;5;1;3;CLEMENTEL (BD ETIENNE);45,8003267717;3,1115582585
202200053036;19;9;2022;19:10;1;59;59279;2;1;1;2;LILLE (RUE DE);50,7768233092;3,1240922213
202200053044;31;7;2022;11:00;1;73;73171;1;1;1;3;D1006;45,4997300000;6,0429100000
202200053050;22;10;2022;09:30;1;75;75119;2;4;1;3;BOULEVARD SERURIER;48,8882580000;2,3958480000
202200053054;19;9;2022;06:30;5;59;59350;2;3;1;2;TOURNAI RUE DE;50,6354571822;3,0708852410
202200053060;18;9;2022;15:37;1;51;51108;2;1;1;3;Rue du Commandant Derrien;48,9698695345;4,3708151579