Num_Acc;jour;mois;an;hrmn;lum;dep;com;agg;int;atm;col;adr;lat;long
202200053083;19;9;2022;19:45;1;45;45234;2;2;1;3;Boulevard de Québec;47,9147400000;1,9020900000
202200053084;22;10;2022;10:20;1;75;75108;2;2;1;3;RUE DE PONTHIEU;48,8702120000;2,3110700000
202200053088;4;1;2022;18:00;5;25;25056;2;3;3;3;RUSSEL RUE BERTRAND;47,2195300000;5,9756000000
202200053090;11;8;2022;23:52;3;06;06085;2;6;1;3;Avenue de Tournamy;43,6004820000;6,9861080000
202200053092;21;10;2022;21:15;5;75;75115;2;2;1;3;RUE DE VAUGIRARD;48,8414900000;2,3079400000
202200053098;21;10;2022;18:12;1;75;75107;2;3;1;6;RUE CLER;48,8592300000;2,3051390000
202200053116;6;5;2022;20:30;1;33;33281;2;3;1;1;Rue Arthur Rubinstein;44,8310800000; -0,6481900000
202200053119;26;3;2022;12:45;1;75;75116;2;1;1;6;ROUTE DE L ETOILE;48,8742020000;2,2617560000
202200053121;22;10;2022;02:40;5;75;75102;2;2;1;7;BOULEVARD DE SEBASTOPOL;48,8644440000;2,3515380000
202200053122;19;9;2022;18:55;1;37;37122;2;3;7;3;JAURES (BOULEVARD JEAN);47,3480800000;0,6583700000
202200053123;6;5;2022;19:00;1;33;33281;2;3;1;3;Avenue de l'Argonne;44,8188092270; -0,6991365552
202200053139;19;9;2022;19:20;1;33;33069;2;3;1;3;Boulevard Godard;44,8625600000; -0,5844500000
202200053142;26;4;2022;16:45;1;30;30243;2;3;1;3;SOMMIERES (ANCIEN CHEMIN);44,0742000000;4,0907700000
202200053151;22;10;2022;14:10;1;93;93051;2;1;1;7;Avenue Victor Basch;48,8420135780;2,5596572320
202200053196;3;1;2022;08:00;2;75;75112;2;3;8;2;RUE DE CHARENTON;48,8432410000;2,3853510000
202200053214;6;5;2022;13:25;1;75;75119;2;3;1;3;AVENUE SIMON BOLIVAR;48,8768600000;2,3744030000
202200053220;11;8;2022;16:00;1;44;44176;2;2;7;3;6 Rue Jouhaux;47,3502310000; -2,1814610000
202200053230;12;8;2022;10:10;1;22;22343;2;1;1;3;21ter Rue de Kerellec;48,7771210000; -3,5814300000
202200053240;5;5;2022;11:40;1;75;75118;2;1;1;2;RUE DE TOMBOUCTOU;48,8846350000;2,3564550000
202200053245;6;5;2022;18:25;1;75;75117;2;2;1;3;RUE POUCHET;48,8942280000;2,3206170000
202200053252;6;5;2022;10:20;1;75;75113;2;3;1;3;AVENUE D IVRY;48,8259400000;2,3604390000
202200053256;6;5;2022;15:35;1;75;75111;2;3;1;6;RUE SAINT MAUR;48,8676280000;2,3756390000
202200053259;22;10;2022;21:15;3;34;34013;1;1;1;2;D609;43,5757570000;3,4635580000
202200053260;6;5;2022;12:07;1;75;75110;2;1;1;3;QUAI DE JEMMAPES;48,8695950000;2,3670220000
202200053272;26;3;2022;06:30;1;33;33522;2;1;1;6;Cours de la Libération;44,8015003964; -0,5943946965
202200053273;6;5;2022;11:15;1;75;75102;2;2;1;1;RUE DU QUATRE SEPTEMBRE;48,8695370000;2,3367950000
202200053276;26;3;2022;14:05;1;29;29019;2;6;1;2;Rue de Quimper;48,4012620000; -4,4497050000
202200053277;5;5;2022;08:20;1;75;75103;2;2;1;6;RUE RAMBUTEAU;48,8619900000;2,3501570000
202200053280;6;5;2022;15:03;1;94;94080;2;9;1;6;26-28 Rue de Fontenay;48,8478600000;2,4445000000
202200053288;5;5;2022;19:10;1;94;94068;2;1;1;3;Boulevard de la Marne;48,7908400000;2,5066000000
202200053292;6;5;2022;09:30;1;94;94042;2;9;1;3;Rue de Paris;48,8174520000;2,4674270000
202200053306;4;5;2022;15:40;1;94;94065;2;1;1;2;Avenue Charles Lindbergh;48,7526900000;2,3495700000
202200053329;25;3;2022;13:29;1;75;75106;2;2;1;2;RUE DU FOUR;48,8524560000;2,3319300000
202200053346;25;3;2022;16:00;1;75;75116;2;7;1;2;PLACE DE COSTA RICA;48,8586040000;2,2848460000
202200053385;3;1;2022;19:15;5;75;75112;2;4;3;1;BOULEVARD DE LA BASTILLE;48,8487950000;2,3680060000
202200053399;3;1;2022;19:30;5;93;93008;2;1;2;3;CONVENTION (AVENUE DE LA);48,9148897124;2,4173462391
202200053401;3;1;2022;11:40;1;92;92051;2;1;1;6;GENERAL CORDONNIER (RUE DU);48,8837987213;2,2749008238
202200053421;26;11;2022;07:45;1;974;97407;2;2;1;3;ROMERO(AVENUE); -20,9463490000;55,2971300000
202200053438;7;6;2022;11:00;1;40;40197;2;3;1;1;7 Route de Garrosse;44,0260680000; -0,9215090000
202200053474;2;5;2022;11:40;1;45;45229;2;3;1;3;Rue Aristide Briand;47,8452637942;2,7433059812
202200053489;14;2;2022;09:30;1;75;75114;2;4;8;6;AVENUE DU MAINE;48,8401180000;2,3218230000
202200053493;19;9;2022;09:15;1;31;31149;2;6;7;3;Boulevard Eugène Montel;43,6110658069;1,3365152478
202200053497;14;2;2022;09:15;1;75;75112;2;4;1;3;AVENUE DE NOGENT;48,8436370000;2,4471880000
202200053508;16;9;2022;16:40;1;29;29232;2;3;1;3;Rue Saint Marc;47,9965071054; -4,1086725891
202200053513;6;6;2022;08:30;1;73;73051;1;6;1;3;D1504 Route de Chambéry;45,6426195412;5,8638104797
202200053524;1;7;2022;08:05;1;34;34123;2;3;1;3;Rue Neptune;43,6190440000;3,8051160000
202200053533;10;8;2022;18:20;1;973;97302;2;1;1;3;CATAYEE (JUSTIN);4,9388421668; -52,3304383457
202200053558;23;10;2022;10:30;1;78;78062;1;3;7;3;Route de Frileuse;48,8506680000;1,8949270000
202200053575;13;2;2022;10:40;1;92;92046;2;1;1;3;Charles de gaulle;48,8244218796;2,3010274172
202200053580;12;2;2022;12:42;1;92;92050;2;1;1;2;JOFFRE MARECHAL AVENUE DU;48,8862600000;2,1981400000
202200053588;14;2;2022;14:10;1;92;92024;2;1;1;2;JEAN JAURES (BD) DE 47 A 109)   (56 A 14;48,9010100000;2,3054100000
202200053597;8;7;2022;20:25;1;77;77315;2;4;1;3;D239;48,8882970000;2,8301760000
202200053600;22;10;2022;16:04;1;35;35012;2;3;1;3;rue des Estuaires;47,8539580000; -1,6894320000
202200053603;10;7;2022;16:15;1;77;77219;1;1;1;2;D934;48,8399990000;2,9644420000
202200053604;22;10;2022;17:45;1;27;27114;1;1;1;2;D58;48,9581760000;1,4448510000
202200053609;19;9;2022;18:25;1;75;75119;2;2;1;2;BOULEVARD SERURIER;48,8772060000;2,4066800000
202200053621;24;3;2022;09:10;1;75;75104;2;2;1;3;RUE DE RIVOLI;48,8562870000;2,3566090000
202200053625;22;10;2022;11:15;1;59;59398;2;3;1;3; Rue de la Mairie;50,5050864955;3,1097155809
202200053629;25;3;2022;09:01;1;94;94078;2;1;1;1;94-96 Avenue de Choisy;48,7530100000;2,4306100000
202200053633;19;9;2022;14:55;1;75;75118;2;2;1;3;BOULEVARD NEY;48,8980170000;2,3442490000
202200053638;19;9;2022;07:18;1;75;75118;2;1;1;2;RUE MARX DORMOY;48,8881720000;2,3598790000
202200053647;26;3;2022;15:30;1;94;94052;2;1;7;6;Rue Victor Hugo;48,8331000000;2,4760800000
202200053656;6;6;2022;19:35;1;69;69034;2;1;1;6;8 Montée de la Rochette;45,7880000000;4,8280200000
202200053657;25;3;2022;16:30;1;94;94076;2;1;1;3;32 Avenue Louis Aragon;48,7885300000;2,3712100000
202200053664;25;3;2022;02:10;5;94;94043;2;7;1;3;Rue Edmond Michelet;48,8110300000;2,3638200000
202200053666;6;5;2022;18:46;1;92;92007;2;1;1;2;PASTEUR (AVENUE LOUIS) AUTRES NUMEROS;48,8023992259;2,3189453781
202200053684;10;8;2022;07:50;1;77;77316;1;4;1;3;RUE DU VIADUC;48,3789768728;2,8073606757
202200053690;26;11;2022;18:38;5;10;10081;2;6;1;2;PRESIDENT RENE COTY;48,3246993328;4,0310811996
202200053693;6;8;2022;01:12;5;76;76552;2;1;1;7;FOCH (BD);49,5060000000;0,0713500000
202200053707;9;8;2022;10:50;1;71;71270;2;1;1;7;SANCE (RUE DE);46,3159500000;4,8329700000
202200053708;19;9;2022;17:08;1;75;75107;2;7;1;3;PLACE HENRY DE MONTHERLANT;48,8604220000;2,3266300000
202200053719;18;9;2022;14:46;1;75;75107;2;2;1;3;QUAI BRANLY;48,8605370000;2,2956420000
202200053738;6;6;2022;17:50;1;27;27229;2;3;1;1;JOSEPHINE (RUE);49,0237100000;1,1434000000
202200053751;14;10;2022;19:15;2;67;67482;2;1;1;3;POLYGONE (ROUTE DU);48,5657100000;7,7592200000
202200053760;18;9;2022;19:00;2;94;94076;2;1;1;6;GUYNEMER (R);48,7926300000;2,3679500000
202200053776;6;6;2022;11:40;1;75;75115;2;3;1;6;BOULEVARD DE GRENELLE;48,8487020000;2,2987000000
202200053783;19;9;2022;19:00;1;94;94017;2;3;1;3;Rue Louis Talamoni / Rue de la Marne;48,8129869391;2,5131721795
202200053791;25;11;2022;06:53;1;974;97411;2;1;1;7;TAMARINS (CHEMIN DES); -20,8852200000;55,4134000000
202200053792;6;6;2022;17:00;1;75;75107;2;1;1;6;ESPLANADE HABIB BOURGUIBA;48,8628240000;2,3079580000
202200053800;6;6;2022;19:00;1;75;75102;2;2;1;3;BOULEVARD DES CAPUCINES;48,8702340000;2,3301370000
202200053808;25;11;2022;20:00;5;69;69388;2;9;1;3;Rue Marius Berliet;45,7381300000;4,8674700000
202200053813;20;6;2022;12:03;1;67;67067;2;3;1;3;Allee des Acacias;48,7296040000;7,7169410000
202200053815;21;10;2022;07:00;1;974;97416;1;1;1;3;ANCIENNE RN2; -21,3486800000;55,4990800000
202200053822;10;8;2022;12:05;1;32;32013;1;1;1;7;COUME (CHEMIN DE LA);43,6326500000;0,5538800000
202200053848;26;3;2022;09:10;1;93;93051;2;1;1;3;Avenue Médéric;48,8293356480;2,5657212139
202200053851;10;8;2022;18:23;1;25;25056;2;2;1;1;FONTAINE ECU RUE DE;47,2462050000;6,0340620000
202200053865;22;3;2022;17:30;1;93;93032;2;1;1;1;JULES GUESDES  (RUE, DU 2 AU 96 ET DE 1;48,8774800000;2,5489400000
202200053871;21;10;2022;19:10;2;69;69381;2;3;1;3;Rue Thimonnier;45,7674800000;4,8290300000
202200053877;27;10;2022;11:00;1;89;89387;2;3;1;3;PEPINIERE (RUE DE LA);48,2008400000;3,2892100000
202200053886;24;11;2022;07:45;2;89;89387;2;1;8;2;PONT NEUF (BOULEVARD DU);48,2043000000;3,2722900000
202200053918;26;3;2022;13:00;1;92;92051;2;3;1;3;MADRID (AVENUE DE);48,8837622108;2,2600341439
202200053935;10;8;2022;09:50;1;75;75105;2;2;1;3;QUAI SAINT BERNARD;48,8493960000;2,3569100000
202200053949;26;3;2022;20:15;5;92;92035;2;2;1;3;Voltaire ( rue );48,9039705930;2,2497254759
202200053954;9;8;2022;18:55;1;75;75118;2;2;1;3;RUE DE LA CHAPELLE;48,8951410000;2,3596390000
202200053967;10;8;2022;04:00;5;75;75107;2;3;1;3;BOULEVARD SAINT GERMAIN;48,8569740000;2,3245990000
202200053973;11;7;2022;09:08;1;79;79049;1;2;7;3;;46,8358770000; -0,4244270000
202200053976;26;3;2022;22:40;5;92;92004;2;1;1;7;ARGENTEUIL AV D';48,9179333195;2,2815073728
202200053980;10;8;2022;12:00;1;75;75104;2;4;1;7;RUE DE RIVOLI;48,8550510000;2,3616540000
202200053993;3;1;2022;15:40;1;05;05054;1;1;1;2;Route de Grenoble;44,6708010000;6,0758740000
202200053995;25;11;2022;09:15;1;76;76322;2;1;1;3;Boulevard de Verdun;49,4141700000;1,0498600000
202200054014;26;3;2022;12:00;1;31;31285;1;2;1;3;D59;43,6316020000;1,5999700000
202200054015;19;10;2022;18:15;1;73;73065;2;6;1;3;D1 - CARTIER (AVENUE DU GENERAL);45,5767861254;5,8981418609
202200054020;8;7;2022;17:50;1;40;40179;2;3;1;3;route de patesse;43,7053012135; -1,1102172915
202200054033;25;11;2022;13:10;1;72;72181;2;1;1;3;PADERBORN (AV) N° IMP 5 ET plus;48,0098500000;0,2016000000
202200054041;4;1;2022;11:30;1;24;24547;2;2;1;1;rue général de gaulle;45,1276380000;1,3029740000
202200054044;27;3;2022;10:21;1;35;35337;1;9;7;3;Le Perray;48,2968380000; -1,8078710000
202200054048;10;8;2022;18:00;1;93;93029;2;1;1;3;Avenue Jean Jaurès;48,9209537519;2,4492770178
202200054049;19;9;2022;18:58;1;65;65284;2;1;1;1;Rue la Bernede;43,1791310000;0,0195910000
202200054079;10;8;2022;17:10;1;92;92050;2;1;1;3;ZOLA EMILE BOULEVARD;48,8950025106;2,2118246555
202200054096;10;8;2022;14:30;1;92;92007;2;1;1;3;VERDUN (RUE DE) N° IMPAIRS;48,8020140000;2,3180850000
202200054106;6;7;2022;19:45;1;50;50041;1;6;1;3;rond point de la croix bézuel;49,6641280000; -1,8484300000
202200054109;7;5;2022;10:35;1;62;62560;2;1;7;3;D191;50,8271820000;1,6983690000
202200054123;19;9;2022;17:57;1;38;38117;2;4;1;1;Rue de Malleval;45,1714110000;5,4153590000
202200054133;13;2;2022;19:20;5;64;64445;2;1;1;3;pont du 14 JUILLET ;43,2934200000; -0,3776700000
202200054146;25;11;2022;07:30;5;64;64102;2;1;3;3;Avenue de Plantoun;43,4944200000; -1,4579200000
202200054202;4;6;2022;16:05;1;24;24264;1;1;1;3;D6089;45,0081650000;0,1347220000
202200054208;9;7;2022;10:35;1;62;62318;2;9;1;3;D940;50,5149654328;1,6348862062
202200054216;10;8;2022;10:45;1;56;56248;2;1;1;3;44 Rue Général Henri de Virel;47,5858742000; -2,6283556200
202200054221;4;5;2022;20:45;4;974;97411;2;1;2;6;BRASSENS (AVENUE GEORGES); -20,9016200000;55,4878100000
202200054222;11;8;2022;15:55;1;74;74275;2;1;1;6;D909a;45,8448310000;6,2130580000
202200054234;8;7;2022;15:10;1;59;59080;1;1;1;7;Rue du Bon Ballon;50,4377390000;3,2708470000
202200054238;2;1;2022;12:20;1;974;97416;2;9;1;3;PASTEUR(RUE); -21,3371900000;55,4623500000
202200054259;5;5;2022;06:50;1;69;69386;2;2;2;3;Rue Tête d’Or;45,7651100000;4,8531800000
202200054265;11;8;2022;10:25;1;32;32344;1;1;1;3;Route de Balembitz;43,6231271497; -0,0702685118
202200054267;25;11;2022;18:32;5;49;49007;2;1;1;3;BOISNET RUE;47,4741400000; -0,5536500000
202200054287;24;11;2022;22:05;5;49;49007;2;9;1;3;LETANDUERE;47,4575600000; -0,5541200000
202200054291;11;8;2022;11:50;1;89;89176;1;1;1;7;;47,4083700000;3,7211470000
202200054297;24;11;2022;20:13;5;49;49007;2;2;1;1;ESTIENNE D'ORVES BOULEVARD;47,4556400000; -0,5300900000
202200054300;21;10;2022;10:00;1;33;33529;2;1;1;3;CAZAUX (BD DE);44,6095473807; -1,1325091124
202200054302;10;8;2022;19:40;1;63;63195;2;2;1;1;rue des augustins / Square Lopick;45,8278610000;3,3777270000
202200054305;2;1;2022;11:55;1;64;64445;2;2;1;3;Place Gramont;43,2963300000; -0,3751300000
202200054337;28;6;2022;18:15;1;68;68374;2;3;8;1;Rue de l Orge;48,0811040000;7,3222050000
202200054353;11;8;2022;11:50;1;29;29153;1;1;1;2;D77- Lieu Dit Botquelen;47,8388260000; -3,7944330000
202200054366;18;9;2022;12:56;1;59;59374;2;1;1;2;30 Route de Taisnieres;50,1314572279;3,8381606340
202200054367;25;11;2022;15:35;1;35;35281;2;1;1;1;DODIN (AVENUE ROGER);48,0838100000; -1,7094600000
202200054374;26;3;2022;16:15;1;68;68318;1;1;1;3;CD40;47,9692920000;7,2229750000
202200054375;11;2;2022;16:38;1;75;75104;2;2;1;3;QUAI HENRI IV;48,8508076913;2,3614355922
202200054386;20;9;2022;18:50;1;59;59258;2;2;1;6;Route de Cysoing;50,5320890000;3,2096600000
202200054405;2;1;2022;12:25;1;75;75111;2;2;1;3;RUE DE LA ROQUETTE;48,8585280000;2,3836690000
202200054407;25;11;2022;22:10;5;33;33063;2;1;1;3;Cours Victor Hugo;44,8360200000; -0,5673300000
202200054421;27;3;2022;11:26;1;31;31395;2;1;1;3;Route d Eaunes;43,4510500000;1,3332350000
202200054438;12;2;2022;17:40;1;17;17094;2;4;1;3;Boulevard de Lattre de Tassigny;46,0632860000; -1,0922490000
202200054450;3;8;2022;08:30;1;27;27423;1;3;1;3;departementale 50;48,7794400000;1,3410560000
202200054463;24;3;2022;15:25;1;22;22299;1;1;1;3;1 la Gouhardière;48,4723688313; -1,9738161564
202200054469;13;2;2022;11:45;1;974;97410;2;1;2;2;Route Nationale 2 Ste Anne; -21,0903060000;55,7473860000
202200054472;26;3;2022;15:50;1;35;35152;2;2;7;1;Av du Pdt Francois Mitterrand;48,2140900000; -1,5061540000
202200054477;4;5;2022;09:00;1;67;67482;2;1;1;6;FRANCS BOURGEOIS (RUE DES);48,5821400000;7,7459500000
202200054484;10;8;2022;09:45;1;87;87111;1;4;1;1;Beausejour;45,7271690000;0,8557910000
202200054492;10;8;2022;11:37;1;30;30062;1;6;1;3;D40;43,7793360000;4,1945240000
202200054500;25;11;2022;09:55;1;29;29019;2;6;1;3;avenue Victor Le Gorgeu;48,4005900000; -4,4998600000
202200054507;13;2;2022;10:45;1;62;62830;2;3;1;6;Rue de la Tete;50,0921580000;3,0894850000
202200054525;11;8;2022;09:20;1;69;69111;1;4;1;3;Route Departementale 385;45,9021093788;4,5836967230
202200054549;4;5;2022;21:15;1;62;62413;2;1;1;3;VERMELLES (CHE. DE);50,4526040000;2,8795980000
202200054559;9;8;2022;17:00;2;987;98714;1;1;1;3;vaitape; -16,3880000000; -151,7650000000
202200054569;5;5;2022;08:05;1;61;61077;2;9;1;3;L'EXPANSION(RUE DE);48,4460400000;0,1143300000
202200054585;2;1;2022;13:50;1;12;12288;1;2;1;2;RD840;44,4538180000;2,4258540000
202200054589;25;11;2022;16:27;1;17;17415;2;1;8;3;SAINTONGE AVENUE DE;45,7408400000; -0,6292800000
202200054591;5;6;2022;19:40;1;56;56078;1;3;1;3;Manecohal;47,7585700000; -3,4744260000
202200054596;28;4;2022;18:00;1;74;74049;1;9;1;1;D186;46,0543809526;6,4515593283
202200054606;25;4;2022;10:15;1;59;59350;2;1;1;3;REDUIT RUE DU;50,6300300000;3,0714500000
202200054619;5;3;2022;09:49;1;74;74081;2;6;1;3;Avenue du Mont Blanc;46,0580750000;6,5721850000
202200054623;4;5;2022;16:10;1;49;49007;2;1;1;6;ROI RENE BOULEVARD;47,4675500000; -0,5553800000
202200054624;12;2;2022;12:10;1;35;35210;1;1;1;5;Lieu-dit Le BEUCHAIS;48,1358220000; -1,8030350000
202200054645;5;6;2022;16:15;1;59;59094;2;1;1;6;26 RUE MOZART;50,9388630000;2,1978610000
202200054646;5;5;2022;09:00;1;44;44143;1;6;1;3;Rond-Point des Marguyonnes;47,1926700000; -1,5632100000
202200054669;23;5;2022;08:45;1;14;14059;2;1;2;3;D513;49,3460600000;0,0440300000
202200054671;6;5;2022;01:05;5;33;33063;2;3;1;3;Quai Richelieu;44,8389700000; -0,5678600000
202200054672;2;1;2022;11:10;1;36;36215;1;1;7;3;;46,8649128585;2,0859164000
202200054683;5;5;2022;11:15;1;33;33063;2;2;1;3;Rue Richelieu;44,8457900000; -0,6177800000
202200054688;19;10;2022;17:41;1;87;87114;2;3;1;3;JOURDAN (MARECHAL);45,8413000000;1,3063400000
202200054691;14;2;2022;10:40;1;95;95523;2;6;1;7;RD 913;49,0803643156;1,6272962093
202200054692;25;11;2022;20:00;5;13;13001;2;1;1;2;R.I.C.M. (RUE);43,5283700000;5,4592000000
202200054695;5;5;2022;08:40;1;33;33318;2;3;1;3;Avenue du Maréchal de Lattre de Tassigny (rd);44,7808100000; -0,6923200000
202200054697;7;8;2022;14:10;1;54;54318;2;3;1;2;Route de Saizerais;48,7697320080;6,0543626555
202200054698;12;2;2022;13:35;1;78;78265;2;1;1;3;33 Rue du General Leclerc;48,8211260000;1,7565150000
202200054715;13;2;2022;10:22;1;06;06128;1;3;1;3;Chemin des Blaquieres;43,6843760000;7,1293650000
202200054716;24;11;2022;15:38;1;10;10333;2;6;1;3;TILLEULS (AVENUE DES);48,2821500000;4,0595000000
202200054717;11;8;2022;09:45;1;42;42147;2;1;1;1;Avenue Alsace Lorraine;45,6041960000;4,0695470000
202200054720;5;5;2022;19:40;1;28;28134;2;1;1;1;POIRIER (RUE LEOPOLD);48,7264400000;1,3794890000
202200054721;20;10;2022;17:38;1;78;78440;2;1;1;3;avenue de la République;48,9861130000;1,9151250000
202200054722;13;2;2022;08:17;1;06;06122;2;6;1;6;Route de Gattières;43,7454740000;7,1567510000
202200054725;13;2;2022;18:30;3;13;13100;1;1;2;2;Route de Tarascon;43,7949470000;4,8073610000
202200054728;2;6;2022;11:30;1;82;82094;1;1;1;3;Marty Paga;44,2439080000;1,1383620000
202200054730;10;8;2022;23:10;3;85;85113;2;2;1;2;94 Rue du Pinier;46,7128810000; -2,3444810000
202200054735;18;9;2022;20:00;5;69;69383;2;1;1;3;Avenue Lacassagne;45,7458700000;4,8869600000
202200054743;3;1;2022;04:45;5;01;01043;2;6;5;3;Chemin des Malettes;45,8210390000;4,9905450000
202200054744;20;10;2022;12:30;1;77;77307;2;3;1;3;D344A;48,8554000000;2,7686800000
202200054759;1;1;2022;12:00;1;35;35124;2;6;1;3;Rue de Pierric;47,7205180000; -1,7324640000
202200054769;23;3;2022;10:05;1;90;90010;2;2;1;3;Rue de Roubaix;47,6470000000;6,8500000000
202200054775;18;9;2022;20:00;5;90;90010;2;1;1;3;JAURES (AVENUE JEAN) A 150 ET 117;47,6530000000;6,8500000000
202200054783;26;11;2022;11:15;1;75;75117;2;2;1;6;RUE LEGENDRE;48,8853150000;2,3162130000
202200054791;1;6;2022;12:15;1;33;33395;1;1;1;3;Boulevard Maritime;45,2611340000; -0,7568750000
202200054805;5;5;2022;11:20;1;07;07102;2;6;8;3;;44,9159300000;4,8567500000
202200054808;20;10;2022;11:55;1;71;71153;2;1;1;3;CHANZY (RUE DE);46,7968700000;4,4413800000
202200054817;19;10;2022;15:15;1;69;69266;2;1;1;1;Rue Pierre Baratin;45,7661500000;4,9015300000
202200054835;26;11;2022;12:30;1;75;75112;2;3;1;3;AVENUE DAUMESNIL;48,8480260000;2,3738320000
202200054843;19;10;2022;07:30;2;66;66136;2;1;1;6;;42,7025492708;2,8956109285
202200054844;26;11;2022;17:45;5;75;75111;2;4;1;3;RUE SAINT MAUR;48,8593710000;2,3828260000
202200054856;26;11;2022;11:10;1;75;75111;2;2;1;3;BOULEVARD VOLTAIRE;48,8587200000;2,3785800000
202200054868;18;9;2022;17:00;1;51;51454;2;1;1;2;avenue Brébant;49,2591400000;4,0095300000
202200054885;3;6;2022;21:30;2;61;61230;2;1;1;7;14 Rue Abbe Brionne;48,5290180000;0,7525470000
202200054893;19;10;2022;10:00;1;62;62193;2;6;2;2;Boulevard de la Resistance;50,9599800000;1,8442860000
202200054897;26;11;2022;18:30;5;75;75103;2;3;1;6;RUE SAINT MARTIN;48,8667400000;2,3542680000
202200054903;24;3;2022;09:20;1;72;72181;2;1;1;1;YOKEL (RUE);47,9665657397;0,2197730539
202200054910;25;11;2022;22:15;3;75;75104;2;3;1;3;BOULEVARD HENRI IV;48,8504470000;2,3601140000
202200054925;20;10;2022;08:32;1;56;56121;2;2;1;3;1 Rue Victor Massé;47,7501500000; -3,3618500000
202200054935;20;10;2022;22:05;3;54;54482;2;7;3;6;BARROIS (PLACE GERARD);48,7000000000;6,2046600000
202200054936;5;5;2022;07:30;1;75;75104;2;2;1;3;RUE DES ARCHIVES;48,8575020000;2,3542500000
202200054953;20;10;2022;13:45;1;51;51454;2;3;1;3;avenue du Général Giraud;49,2408000000;4,0529300000
202200054963;20;10;2022;08:40;1;51;51454;2;4;2;3;chemin des Charbonniers;49,2325600000;4,0242000000
202200054970;9;8;2022;14:17;1;2A;2A004;2;6;1;3;SEBASTIANU COSTA BD;41,9388600000;8,7420700000
202200054972;1;1;2022;07:20;5;76;76410;2;1;1;2;Route de Dieppe;49,4789300000;1,0470100000
202200054985;14;3;2022;15:10;1;62;62193;2;1;1;3;MOLLIEN;50,9561340000;1,8659980000
202200054995;5;7;2022;08:35;1;92;92012;2;1;1;6;REINE (ROUTE DE LA) 39/107 BIS;48,8399810377;2,2368778288
202200055038;12;2;2022;15:35;1;77;77374;1;1;1;6;D21;48,7960300000;2,7186200000
202200055061;20;10;2022;13:15;1;37;37261;2;1;1;7;PASCAL (RUE BLAISE);47,3884424663;0,6929916143
202200055076;5;5;2022;19:40;1;92;92035;2;1;1;3;National ( boulevard );48,9081527910;2,2379226834
202200055085;17;9;2022;12:00;1;75;75106;2;4;1;3;RUE DE RENNES;48,8469430000;2,3268600000
202200055091;26;11;2022;15:15;1;34;34172;1;1;1;3;56 Route de Lavérune;43,6016600000;3,8521750000
202200055098;20;10;2022;17:30;1;35;35238;2;3;1;3;ROOSEVELT (BD FRANKLIN);48,0975400000; -1,6571300000
202200055119;1;1;2022;17:55;5;75;75101;2;3;1;6;RUE DE RIVOLI;48,8640100000;2,3313510000
202200055123;12;2;2022;14:55;1;64;64125;2;1;1;7;Rue Erretegia;43,4406400000; -1,5890900000
202200055125;1;1;2022;16:30;1;75;75104;2;3;1;7;RUE DE LA CITE;48,8556440000;2,3483250000
202200055128;20;10;2022;08:00;1;35;35281;2;1;2;3;MERMOZ (BOULEVARD JEAN);48,0912200000; -1,7045800000
202200055142;9;8;2022;10:40;1;69;69013;2;1;1;2;Route de Longsard;46,0188000000;4,7069300000
202200055153;20;10;2022;11:25;1;33;33069;2;6;8;3;Avenue Ausone;44,8703400000; -0,5926500000
202200055160;25;3;2022;16:27;1;33;33063;2;2;1;3;Avenue Thiers;44,8424500000; -0,5562600000
202200055187;20;10;2022;08:55;1;33;33529;1;1;1;4;RD 1250 (OUSTALET - BONNEVAL);44,6221400000; -1,1603000000
202200055191;13;2;2022;00:50;5;35;35238;2;9;1;2;Rue de Saint-Brieuc;48,1178000000; -1,7139000000
202200055213;24;3;2022;16:52;1;25;25056;2;6;1;3;WEISS RUE CHARLES;47,2427900000;6,0076300000
202200055223;2;1;2022;11:30;1;42;42059;2;1;1;7;Route de Montbrison;45,6376460000;4,3830410000
202200055252;7;5;2022;12:50;1;85;85201;1;1;1;7;Le Perdrion;46,4370650000; -1,3238800000
202200055263;19;4;2022;16:30;1;30;30223;1;3;1;5;341 Route des Fumades;44,1781260000;4,1749760000
202200055266;25;3;2022;21:13;5;10;10387;2;1;1;3;KLEBER (RUE);48,3028400000;4,0838500000